-0.873135336016176,-1.38541239817067,1.03402491187387,0.247832190584439,0.871337061156552,0.466675706742454,0.0930998090853591,-0.202598769171772,-0.683750900169861,1.00834640626339,0.332320980730954,-0.851304755113667,-3.91907445989905,1.36366604561977,-0.125347889793019,0.326973735183287,0.925659059773143,0.801856087127368,0.202687809845561,0.736203146655058,-0.574982744056197,0.918299013960174,1.42306489809068,0.931211249512129,0.0767626487119638,-1.61520866936936,-0.124022202310617,0.209000681116338,0.434168662657934,0.026872173925356,0.893067225261172,-0.00116888540624903,0.0613261975951968,-1.49091229453417,0.442882615302953,-0.927456641893257,0.379030689818338,0.63540420922908,-0.555728800582011,-2.26450198225666,0.785229930942606,-0.494825809577508,1.0973898286527,-1.10581325318986,1.58389540441879,-0.866442957361145,0.900759716428673,-0.00718717304396505,0.986107266118893,-0.819133818088062,0.115543140409763,-0.384961568656177,-1.34435965699398,0.0594858205912099,-0.168705147081962,-1.25579476904787,0.16687918446827,0.152319701390736,-0.0646694017506266,-0.529452713207155,0.147218186593889,0.323502846038822,-0.913664794892288,1.35755190518131,-0.102658532372362,0.966151931034553,0.38558822171197,1.23708778650351,0.217313199091627,0.181076797907332,0.611605020802687,-0.275551700033683,1.16030981013297,-1.43855203094521,-1.74462717343391,-0.354072222966255,0.452703832044404,0.946369836019902,-1.17535497877588,0.165911888778055,0.0730872551553316,-0.621202439644069,0.927120671128119,-1.52219218381449,-0.308837135562799,0.616512591022488,-0.358749270119654,-1.00502508206036,0.371571674020336,-0.738770911803118,-0.766474146456713,1.19890852793917,0.561192903652398,0.277263781152872,-0.115762309061689,1.24568674855745,0.82711815241073,0.340355948763682,0.547190226994741,-0.0111788907452004,0.587439050666362,-0.65848690122509,0.555217277936777,-1.37329263389167,1.68417041100758,-2.66584875562022,-0.450901792902486,0.20194111201723,0.146954481687487,0.44444582303101
-0.328387798832631,-0.829007281427248,-0.0955527899038466,-0.221049903098953,-0.147628340611428,0.626879914671431,-0.251431263783763,-0.370207928503798,-0.428448295097238,-0.346609319195851,0.390625666133191,-0.329408893161831,0.861643159558294,2.12834508248044,-0.584856121295039,0.753522145096841,0.834620141401044,0.0819814468133097,1.18858830397719,0.910839282308588,-0.89011378435542,1.44197239165492,-0.80377633770428,1.24678064334438,0.612314901208096,-1.83489590435516,0.091306057207402,-1.42096407295343,0.544877543404702,0.717796608399095,1.75811462082317,0.375375310293003,-0.954822098099357,-1.32601623921311,-3.88315286618052,-1.70087946092122,0.0265064449031231,-0.287067666665371,-2.67837807571212,0.767136498874304,-0.739126215334261,0.309715309058,-0.28298727206571,-0.693457341847863,-1.72990043383476,-3.02207607792693,1.48668004733221,0.129939351494564,-1.85084708320175,-0.980894114144585,-0.492312860076806,-0.934396766208933,-0.662841751764619,0.112139496363442,1.63667506586436,1.53896991532136,1.00743222435315,0.42821451020627,-0.225725259452943,-0.134499901628176,-0.277532807202318,-3.00590745086362,0.196537390595155,1.31487490330448,1.63293558882667,0.920791110500417,0.312421249018563,-1.5868431675771,0.638857366644511,-0.459205322802417,1.48656567479772,0.683740469126125,-1.60147364405529,-0.105115394709426,2.25680885456534,-0.481858477804965,0.316340443395806,0.619691151039453,-0.866286076917501,-2.10267510967968,-0.184095202320053,-0.0500283802805251,0.594912746935094,-1.91664311485091,-0.473653417230772,-0.685496247984705,0.65514435146561,-0.419397066354193,0.645244524200999,-2.02175905497066,-1.81752871498927,0.566044165171669,0.240325546741115,0.366160167422847,-0.0514202343605303,-2.3926801923131,-1.85410413765142,0.773708986069034,0.79237051740895,0.4496714836222,-0.611573859253962,0.294536633305175,0.0744102764361118,-0.187658150475239,1.17311373580097,0.64935084084513,0.805392548175357,0.317609460069425,-0.0967427008762374,0.478717895060612
-1.58944160249892,-0.199443537740796,0.0436799305843863,-0.00609224350436449,-0.317855409709165,-0.41003358953983,-0.189351802849387,-0.0626177455307243,-0.347629761849042,0.00923931179234422,0.476462683931473,0.440225145389144,-0.364432877347436,0.988819282696655,0.185216737553851,0.326973735183287,0.834620141401044,-0.33070468555018,-0.606708917330074,0.239784761629477,0.351974353793556,0.643354124516182,-0.479174672002457,0.368119169975769,-0.146169243071201,-2.06170382409171,0.514006673362506,-1.73390475263091,0.434168662657934,0.067701706142336,1.50572788503926,0.615516848245836,0.563099003252063,-0.127488091919065,-0.511400563177376,0.858938062520851,-0.0306156340050371,-0.405526707199126,-0.555728800582011,0.0259589719797858,-0.00554147264357505,1.45893147392803,0.000619820627699619,0.370903068965829,-1.78855888454201,-0.532951646150498,0.718452173277117,0.395425423785261,-1.2505239870097,-0.0839473902948469,0.186536054827511,-0.934396766208933,-0.546449778226149,-1.74851611304576,0.0996816413553434,0.0866180497627849,0.533157861810423,-0.891252757336178,-0.225725259452943,0.327916617446788,0.251023131911627,0.136884109105956,-0.0473750346873127,-1.31169521245885,-1.11103782787166,0.236141652990412,0.709315598736466,-1.84245787805662,0.365201921953463,-1.63302219454221,-0.734156730875096,0.240122473106936,-0.714984370226052,-0.436256550425406,-1.23388902991241,0.0908413802528142,0.189432740202247,0.619691151039453,-1.9135806673305,-0.301630280537638,0.414136940431049,0.116086865229151,0.213251934108857,-0.353459696161215,-0.366386111479755,1.67740305671349,0.345689401180456,0.204433545604692,0.397427714494834,-0.803469172462657,-0.671727168514854,0.0844825062138238,0.535459927747184,0.395242166473757,0.164101974482437,-0.585265558241251,0.82711815241073,0.523609937810427,0.695128297017108,0.217339490923321,-1.1423946952979,1.14541293519152,0.233604362099709,-1.37329263389167,0.505629716605009,0.288633592306412,0.430033626451564,0.317609460069425,0.146954481687487,0.250775219701398
1.1675883767689,0.215277610678241,-0.602153576957751,0.364967050661098,0.0146731830798018,0.393310607470023,0.534582884444985,0.14727414653071,1.2576733120405,-0.215956551278354,0.929156315676628,0.116243467363289,0.635237690916221,-0.231894032895758,-2.66325347921654,0.326973735183287,-0.898326511517319,0.0819814468133097,-0.019148686966424,-0.422719986289973,-0.734025108426817,0.689922671015289,1.18476470080403,-0.877571435561426,-0.829759076492645,0.834573481685238,0.898034664619412,0.0728546278356824,0.739590860010849,1.07486743957055,-0.732475323531231,0.895857302678651,0.0613261975951968,0.997448927393789,-3.95048208514489,-0.557113880550214,0.612291713769697,0.997168607834846,-0.698070511396257,0.344617455311044,0.444746926165228,0.555201599397962,-0.227552694384818,-0.112749837861043,-0.658100915326119,-0.422513658831088,-1.4288979201923,0.646587745837256,-0.343884076661901,1.30734557632398,-0.492312860076806,1.07755639833175,-0.124023113313551,0.470819030390797,-1.07991657238261,-1.25579476904787,-0.284517745935006,-0.539815808938292,0.0244440158239985,0.609731692384585,0.466930248014232,0.323502846038822,0.958109642389573,0.766970521280833,1.01853084166105,-1.0403269846305,0.658839419634558,1.09085874013053,1.1645486761978,-0.65611113255712,0.277716265988363,0.491013148974912,-0.912270045296996,1.59258362307791,1.0982375857129,-1.21606236828605,0.0397437080453976,-1.05044615023603,0.868837677082137,0.165911888778055,-0.0881330012720329,-0.208141669990503,-1.64405656732384,0.583427934754856,0.647082675358382,-0.253724396504562,-0.93768522141948,-0.419397066354193,0.619276597823018,-0.609995357900479,-0.269954191798191,-0.43776372302328,0.292765761540565,-2.81618693815677,0.223409610934146,-0.585265558241251,-0.586043333064761,0.605847419922423,-0.53221451134672,0.649189746375325,-1.35768938055295,-0.229019790949524,0.706005024051934,-2.40821606578347,-0.826949953913933,0.812674976980327,0.196008507309132,0.317609460069425,0.592110230791911,0.789319417007701
0.188908750199119,-0.652560491752821,0.46116459957454,0.310803929522712,-0.745843292043968,0.466675706742454,-0.615999637196983,0.380072665293981,-0.0898435026216355,-2.70776141788424,0.446253438924356,0.440225145389144,-0.117936903099282,0.405501804702068,-2.59414725832551,0.753522145096841,1.16022095247355,0.39421178849729,-0.135857399113845,-0.674564060974255,0.351974353793556,0.738046877406375,0.166209829200152,-0.656259382233232,0.222412287258807,0.397811194171091,0.18742294034335,1.07526118993277,0.544877543404702,0.377566640578297,2.33008995288866,1.10124518109643,-0.284894953842486,-0.719819997200803,-3.88315286618052,-0.557113880550214,-0.0872628594124073,-0.647588745355904,-0.0673941049281382,0.387487670118385,-0.531993889371421,0.692669806661128,-1.00410334820673,0.118509939392049,-2.13841882166947,-0.0190151598891225,-0.461224435340458,0.451165806532341,-1.18606754451085,-0.275364440039861,0.0470081129621076,-0.319201818720592,-0.662841751764619,-0.362307016240468,0.553964171623195,1.19177937217812,1.00743222435315,1.32799623160642,-0.225725259452943,0.139548811103671,-1.090946192759,0.261432684908198,-0.515940349557155,-0.580597745657265,0.0701007083610008,1.48591080814265,0.683997143456642,-0.321298368954176,1.21128254378108,-0.934820853740003,0.365257438582955,0.293774782837607,-1.42513348309551,0.277367028320751,-0.347844502547033,-0.239743377436388,0.316340443395806,1.63975711963883,-0.516042324943845,-2.10267510967968,0.148667582104305,-0.362311251252345,0.402508315313132,0.0402363280403081,0.254021510704055,-0.736870439935725,0.589038736479255,0.204433545604692,1.07409120515293,-1.05346499930284,-1.05223099305288,0.118082675438347,0.292765761540565,0.659671017508959,0.108342287141318,-1.58504872208725,-1.09645390171381,0.906246697449777,0.295434274980843,0.507298306596989,0.109381743719605,0.488735979221637,0.273449453008352,-0.0697177842261916,1.17311373580097,-2.54359602621557,-0.336454020290061,0.72138486964129,0.209213259180389,0.512698550171701
0.269870842267703,-0.0228307782727667,-0.247846612033967,0.464187215797509,-0.608687575989985,0.947846727208384,-0.528939418695367,0.703223042560317,0.738515501471028,0.629037477205874,0.865210102514248,1.41337141037294,0.168554248127918,-0.162770958708004,0.31167671557888,-0.0699970319666152,-0.515942024722534,0.801856087127368,-1.22584690338684,-0.81281892821655,0.518512122455168,0.303084420538872,0.951396899091362,0.663741112788527,-1.07976159783282,0.796032817794011,0.377230035452364,-0.603805902362413,0.739590860010849,0.57048756996008,-0.645409582073406,1.21512485146924,0.306452520343007,1.53166876571905,-4.01781130410927,-0.431351338931425,0.379030689818338,0.436557747093942,0.372280112073803,0.793441632576187,-0.32455990422816,-1.62135154980591,-0.0506498045044974,0.562664906909989,-1.48813953273067,0.210009228687487,-1.51822055102423,0.516985935082937,-1.05214598943858,0.619746194045787,0.293413411970845,-0.934396766208933,-0.174898667362867,0.168400753434026,-1.75866774052824,-0.619352194503971,-0.683803534498019,-0.595684165710436,-0.401552482098335,1.2834179461149,-0.0936945741623155,0.818535393907857,1.14935138513714,0.694884862462961,-0.449313301718551,-0.917936338272965,0.790097820990198,1.01677623040827,1.70188753194195,-0.459205322802417,-0.341708187587228,0.57696371832223,-1.29081975090351,0.832033141195085,0.957791239433314,0.527865041070942,0.0397437080453976,-0.902072900039638,-0.0146381613693576,1.01037395635209,-0.0881330012720329,0.116086865229151,-1.34217115705561,0.45282041287535,-0.250354056059955,-0.113353582366815,-0.280356294065404,-0.299868275325809,0.421465186294082,-0.609995357900479,-0.569730536734575,-0.857483343325859,0.535459927747184,0.632770550246621,0.134709386750298,-1.00804276073319,-0.931877021102022,0.714918009140764,-1.07194897639237,0.507298306596989,-0.707177668035441,-2.54291049080115,0.482145961178755,0.414520177830943,-0.200273534157182,0.595699023810012,-0.28787325254268,1.00510775657275,0.669275792462305,-3.25613424979564
0.810849786278848,-0.652560491752821,-0.316663171387817,-0.310151235543215,1.19434327351285,0.549887413975724,0.326468436381702,0.180281771516588,-0.347629761849042,-2.24935727664398,-2.66743116063734,-0.329408893161831,0.0590197261540533,1.52127731675737,0.239027908935885,0.753522145096841,0.119719929676485,-0.560607164914073,-1.3785925702101,0.817590459595713,0.685292430018278,1.00196226399583,-2.11724650956207,1.05362132897554,0.0767626487119638,0.225936121028047,0.377230035452364,0.704242150371192,0.638737524835939,-1.53468929981613,0.517884504912243,0.229099819113219,-0.736324164541109,-0.455657840732264,-3.56160843530798,-1.96798568015856,0.0584488484984884,0.238259282675603,-2.21375042155955,0.282351354706569,-0.00554147264357505,-0.553949278026434,0.839536757197065,1.67689538230013,-1.36386726617025,-4.07506092758943,-0.184100017033714,0.646587745837256,-0.774140952839553,0.619746194045787,0.450005077522234,-2.49344660532668,-0.546449778226149,-0.253358935859238,0.831203194376833,1.3877611590664,1.28222057561843,1.03047815866841,0.654326633388818,1.02859653250238,-1.23100730447396,-2.62166818813889,-0.187667062853837,0.637774143763433,1.17921210887636,0.717744323282068,0.434073459728528,0.613950065080757,0.604433796198364,0.0297672658213689,-1.67462937449296,0.240122473106936,0.229643220815713,-0.67588197961823,-1.14923095517627,0.165908247596638,0.189432740202247,0.0809116997572129,-0.0146381613693576,1.03581254382846,0.148667582104305,0.357684499976128,0.685172185700639,-1.01508059889107,-0.792365972512938,-0.450831277231902,0.137879510178711,-2.17361220099031,0.470679813705533,-0.127658703074121,0.840278661989853,0.320681742671519,0.561192903652398,0.579853698814177,0.108342287141318,0.86404454682653,2.03557676000999,0.906246697449777,0.825880712679535,0.260136832141723,-0.820043220607521,-0.103944073457703,0.406455816485889,-0.32376400794577,1.17311373580097,0.177496115131635,-0.934842647386115,0.20194111201723,0.209213259180389,0.312624365990979
0.188908750199119,-0.490647087024665,0.814933702020974,0.195268675425012,0.187553873101637,0.626879914671431,-0.00926917798454472,0.551630035649727,0.86847440199958,0.629037477205874,0.898304239573095,0.849841538742818,-3.59583867354672,0.050228897334064,0.0812873077159988,-0.538228419296984,-0.993278037510866,0.507174549736093,0.693784574492233,0.527927024399203,-1.44943215519694,0.278138001390515,0.166209829200152,0.0130992639910192,0.652864436352302,-1.72505228686226,0.772262158729379,0.853596897306869,0.739590860010849,-1.73121703824898,-0.476636093256654,-0.426933439200751,-0.284894953842486,1.53166876571905,-0.0329449879133152,0.643809294378102,-0.142122320720255,0.367280295832797,0.00545560298302403,0.430515067019773,0.555253305759488,-1.21348610608658,0.425863298828526,1.14356974881307,-0.725434765908934,0.993969549135428,0.625958557915116,0.516985935082937,-0.849361387378975,1.30734557632398,-0.19667943037847,-0.693762226485626,-0.662841751764619,-0.1589517094467,-0.705177078969831,-0.0840438336219801,0.870105599392954,-0.14473814664595,0.257125522607431,-1.31064266447748,-5.6452776145183,0.377205388414875,-0.284574058590939,-0.146381735850421,-0.685007987014173,0.121507222872615,0.870325243218058,0.318657103059116,1.1645486761978,-0.158215778867027,1.14973133102117,-0.0472905492791751,0.0838412962623624,-0.943180792477909,0.957791239433314,0.700868155072254,0.189432740202247,-0.296937823693273,0.919908784704779,0.165911888778055,0.287121429728431,0.619444197408649,0.556395846889437,-0.222675864570437,-1.00256375315333,-0.253724396504562,-0.63267291983184,0.865981802259227,0.543269446856288,-0.609995357900479,1.17258592545003,0.00532639762485345,0.376919287768136,0.472326561842096,0.164101974482437,-0.334634991400181,0.368564590834327,-2.68995710384583,0.825880712679535,0.177319392927648,0.485098179092005,-1.10097903753254,-2.49421551525841,-0.187658150475239,0.505629716605009,-0.0141142098047919,1.54994864942708,1.2964801903908,0.231000715474393,-0.532295090864304
0.0632891134657229,-2.49296886184305,0.497675090419582,-0.40577670137996,-1.01707034033396,-0.244217572175121,-0.460088933528503,0.448167964703673,-0.519553823289806,0.16219579720781,-0.445990412581282,-0.0482952498937076,-0.502329271642542,-0.614796520720155,0.385519205283983,-1.14977892531987,0.755161626818578,-1.40219746773992,-1.83931958151066,0.468520231011971,-1.24666458052862,0.159685511326528,-0.902781180348402,0.166427588771698,1.39122205866063,-0.725116553355388,-0.00177460333601961,-1.22793403162111,0.544877543404702,0.227012160715914,-0.134605330166708,0.229099819113219,-0.626412413761127,0.367330750596192,-0.511400563177376,-0.300955025337722,-0.0606483074321218,1.13863062384355,-1.67347563279036,-2.21601381392561,-0.430142049966225,1.68258161252771,-1.35949257716687,1.57919699916045,-1.22268038760169,0.529161089627152,-0.964288297569632,0.0358907084326195,-0.984929181321343,-0.980894114144585,0.531744269660493,1.22936984976087,-0.333231664751118,0.797544810437065,-0.440427133814197,-0.935608449649961,-0.50059922934949,-0.14473814664595,-0.0646694017506266,0.377258368894166,-0.36456908185157,0.546536610650611,-0.0473750346873127,-0.254308087614388,-0.838033779421528,1.09380076340555,0.458093498199528,-0.686327843152894,0.488694881684167,-0.158215778867027,-0.582606671852007,-0.275551700033683,0.647281982439031,-0.855307156290184,2.00349815445786,0.874729307009067,-0.0778040097581363,1.04562482453674,-1.17535497877588,-2.17205308316943,-0.0881330012720329,-0.570003190199351,1.04183200883794,-1.52219218381449,0.052334229024484,1.40470846581909,-0.511866479372229,-1.00502508206036,0.955980805168612,-0.8633836757234,1.29330766622017,0.590609782382824,0.433554851407883,0.307156300260098,1.26698347040496,-1.11165200160787,-1.41909276829017,0.392811552232883,1.56588255264881,0.138721451766128,0.535856672787946,1.26911125010722,0.189646939390699,-2.40821606578347,0.104922940500587,0.0696949526909914,-1.17032105747382,0.416338069900617,0.412360191157889,0.312624365990979
0.751085464208873,-0.652560491752821,0.413397553221738,0.310803929522712,0.385050844995055,-0.244217572175121,-1.11952567465369,0.345860834730018,-1.00543416623447,-0.470533229504553,-0.0577430650294643,0.440225145389144,-0.601281251683508,0.331043642596542,0.482174971869706,0.753522145096841,0.925659059773143,-1.54507295099417,-1.22584690338684,0.0394251624786782,-0.574982744056197,-0.54746909410828,0.273989702492249,0.619573285371021,-0.465991258948153,-0.27185250986609,-0.268896475905156,-0.807093461846556,0.638737524835939,0.305945798071931,2.33008995288866,-0.00116888540624903,-0.626412413761127,-0.127488091919065,-1.61582133574509,1.10613001832032,0.121508334462706,-0.647588745355904,-2.87295782307987,0.0791256506809331,0.444746926165228,1.33143542191709,0.369126577688234,0.524863759025517,-0.437337168083324,-0.344055240087978,-0.049428581139011,0.180806827421941,-0.100075649335956,-0.0839473902948469,-0.158709207561205,0.621245026388959,0.539819515052164,-1.20241875887222,0.420464967608376,1.3877611590664,0.870105599392954,0.20020498180641,0.550350893196282,0.229532118521524,-0.36456908185157,0.405350384097304,-0.334860104762787,-0.0542612996788911,-0.685007987014173,0.758037638687045,0.361629033555867,-0.686327843152894,-4.0574223103834,-1.63302219454221,0.0417165412178066,0.240122473106936,0.302765739103129,-0.983157240232883,0.288858824481439,-0.566210579850271,0.189432740202247,0.696821203292766,-1.50066905487057,1.01037395635209,0.148667582104305,0.869712014120474,-0.15818396619987,-1.39623925467937,-1.00256375315333,-1.39429549813581,0.467603766933231,0.204433545604692,0.277743822865605,-1.8406654238624,-0.175289517773688,1.13462920102025,0.561192903652398,0.687455131822518,0.0376051718838479,0.221725106356369,1.64428687912206,0.631880498121628,0.633473522962636,0.302200203474822,-1.44982950890213,1.00263729192113,0.449355677708779,-0.996635514108259,1.17311373580097,0.33460701613894,-1.69839430864588,0.612723393067075,0.0195741693116114,0.221847656137568
0.338975959904114,0.154011574996388,0.46116459957454,0.364967050661098,-0.608687575989985,0.549887413975724,0.534582884444985,0.947106163209833,0.504127899419789,0.801935280292361,0.929156315676628,1.10115885728815,0.264408472661912,0.120346310231377,-2.59414725832551,-0.538228419296984,-0.0453545566722365,-1.54507295099417,-1.75954973894182,-1.09088744717456,-0.326111518989493,0.403371564311077,1.06025593674349,-0.450458568358363,-0.621792873953286,0.0540471939263062,0.717147956542188,0.352967521176934,0.739590860010849,0.417711965307506,-0.520678859693284,-0.287609279716521,-0.16286844177355,1.53166876571905,-3.88315286618052,-0.68921158902845,0.237026821049342,-2.05357022647878,0.0755099496990596,0.17736925658682,-0.430142049966225,-0.553949278026434,0.0966146890195229,0.162316185100393,-0.513072932804586,0.405654032534241,-1.33345532436679,0.395425423785261,-0.268309606853208,-0.476128811269176,0.450005077522234,-0.252374692393975,0.0323505369840331,0.470819030390797,-1.07991657238261,-1.25579476904787,-0.50059922934949,-0.539815808938292,0.116964644778349,1.49708155033925,-0.319718969828417,0.633772021638897,1.07991310830113,0.885525386467015,-0.0158445299433329,-0.721452789880269,0.897520795013042,0.613950065080757,1.65745467804229,-0.65611113255712,-0.270228287357283,0.416211199837632,0.382297373656274,0.426829482452768,0.681270209919537,-1.21606236828605,0.189432740202247,-0.398705903800294,0.461499178926393,0.960589639612883,0.21928407832838,1.00734604049021,-0.388924437179682,0.0402363280403081,0.446252865089153,0.616512591022488,-0.157335395104188,-0.299868275325809,0.169445404941116,-0.414337425422163,0.527690531044898,-0.492249292382271,0.486024573779661,0.952612902441306,0.192274658177391,-0.0559069300933451,-0.242409635648556,0.549971118167624,-0.476705126803407,0.39922734352154,-0.379939137774408,-0.878366764008359,0.323742282344279,-2.31686397736452,-0.0578173804619865,0.112988661905318,-0.336454020290061,0.913472167935795,0.512186572064328,0.0840190204230011
0.188908750199119,-0.406669746858407,0.110101148503241,0.813608304970518,-0.317855409709165,-0.327070751857572,-0.460088933528503,0.515504137352934,-0.683750900169861,0.940616555383431,0.446253438924356,0.440225145389144,-0.0500008206810116,-1.25694806420108,0.69074397442868,-0.0699970319666152,-0.121178767469313,-0.0739017894605008,-0.935610857806372,0.0853365588185812,-0.326111518989493,-2.3452718431028,-0.590533333416579,-0.0295830828847671,-0.559074500231122,-1.91168614499881,0.0275673989029006,-0.386344208938537,0.739590860010849,0.717796608399095,-0.874064936227355,-0.00116888540624903,1.00859862840905,-0.127488091919065,-3.95048208514489,1.10613001832032,-0.0306156340050371,-0.647588745355904,0.313787607106734,0.851666980548705,0.90064711542394,0.285543534628511,-0.104019831706868,-0.344059806333888,-1.15335571731229,-0.0916490886489508,-0.266164171003006,0.395425423785261,-0.416925281988632,-0.819133818088062,0.872991971049168,-0.0432580028872695,-0.281397141574207,0.504764596993262,-1.41060148270405,-0.16116031453447,-0.622182316946924,-0.818896405187095,-0.306692720155911,0.676060591631102,0.523049646248494,1.09337764664676,0.488188313197089,0.128979421108261,-0.838033779421528,-0.512893012554317,0.511143837811497,-0.0279126066016991,0.97163600993331,-0.65611113255712,-0.114140707394262,0.416211199837632,-0.714984370226052,-0.0602780400183178,1.26408137994246,0.874729307009067,0.316340443395806,0.0222829535743083,0.236204884038985,0.40233668383558,0.414136940431049,0.357684499976128,-0.510317551456847,0.730258878746979,0.254021510704055,0.851580281365738,0.137879510178711,-0.656319605970571,0.06783980967857,1.11544872556533,0.429691070835187,0.717347365041398,0.821704926972198,0.827531967209643,0.108342287141318,0.0803979831596145,2.03557676000999,0.419990071373139,-0.424982919934224,0.39922734352154,-1.6429744276217,-0.769425946466235,0.521429124873582,0.268949045794122,0.29138128135699,0.155333170278112,-1.40581844825551,1.36265550420036,0.252333241324297,-3.16848166916859
-0.604301363499689,-0.490647087024665,-0.013779072725401,0.509595948980984,-1.14862616573562,0.22311814647297,0.0436531861561622,0.345860834730018,-0.347629761849042,-0.131750596698168,0.446253438924356,0.273121481292308,-0.455037767725067,-0.677229957361976,0.506708035950366,-0.0699970319666152,-0.58598993495195,1.2514902655029,-1.53133823703337,0.408076839845084,0.685292430018278,0.403371564311077,-0.0485288446683878,0.762061728469928,1.18685802284721,-0.0450930585037289,0.514006673362506,0.138929700634319,0.739590860010849,0.57048756996008,-0.134605330166708,0.895857302678651,-0.626412413761127,-0.455657840732264,-1.02849675601671,-1.15144920765883,-0.472457771374472,0.541507189096918,-2.67837807571212,0.195632841006647,-1.27198084594704,-1.21348610608658,0.20123574903108,-0.112749837861043,-2.07995973480602,-0.261077519065549,-0.266164171003006,0.516985935082937,-2.11121911495679,-1.30077700996686,0.0823244643446123,-0.871717913018574,-1.48715229500834,0.33519546135434,0.217021552854959,0.38642981163221,0.16687918446827,2.45767399767808,-0.147864651257785,0.377258368894166,-0.00354280027215397,0.350665405302878,0.246974283412111,-2.17731549133135,-1.00854907968617,1.1815667453289,0.658839419634558,-1.28148178174041,0.569202716043635,0.983965049523844,-0.341708187587228,0.183850201423576,-1.60147364405529,-0.720110783084991,-0.445806467614865,1.33603999626924,-0.0778040097581363,1.35621624064211,-1.17535497877588,-2.27451059411647,-0.481615591171273,0.49177931224219,0.796652593971896,-0.0913297725067967,0.254021510704055,1.40470846581909,0.94790330192008,-0.299868275325809,0.252450481682783,-1.8406654238624,-1.89831214308592,-0.269416892318106,0.612707482368402,0.892279551897148,0.862043541017154,-1.29555163039495,-0.669745183369127,-2.92092550264458,-0.714396779649259,0.138721451766128,1.97441939564598,-1.31787936243917,0.449355677708779,-0.32376400794577,0.29138128135699,0.731610886664414,2.32121339193252,0.20194111201723,0.231000715474393,0.374991971630074
0.476435920929465,-0.652560491752821,-0.472066844486169,-0.606227614108938,-0.317855409709165,0.706692252638666,0.728033288320677,0.483925163188444,0.00420438194199789,-0.131750596698168,0.742780477034273,0.63112250730534,-0.364432877347436,-0.162770958708004,-0.334446284945062,0.326973735183287,0.925659059773143,-0.979415215448257,-0.019148686966424,-1.24035375433178,0.00199532093468337,-1.96012281922748,-1.21787865734314,0.407116331743455,-0.296605714518828,-1.4681684329227,0.421903641683467,-0.603805902362413,0.739590860010849,-0.194632952781515,-0.264986268806409,0.303322027417139,0.429388167953716,0.367330750596192,-3.56160843530798,-0.927456641893257,0.0265064449031231,-1.66689968696145,0.313787607106734,0.473435931592095,-0.642072992727885,1.114180904938,0.685423714779528,-0.0375148282505673,-0.869412742363751,-0.13341366644997,0.45100967175982,0.338712418991133,-0.774140952839553,0.119946639097128,-0.388183999722379,-0.113102708215453,-0.382110242856299,-1.60849568185139,0.553964171623195,1.19177937217812,1.28222057561843,0.764838665147474,0.257125522607431,0.327916617446788,-0.277532807202318,0.261432684908198,-0.1386681588523,-0.421765088244575,-0.838033779421528,0.513904908363909,0.709315598736466,-0.573423427641639,1.04610759700194,-0.257114108792099,-0.341708187587228,0.57696371832223,0.46554148422261,-0.0602780400183178,-0.445806467614865,0.565701175380366,0.189432740202247,0.619691151039453,-1.33801201682322,-1.77134643330437,1.26114770958484,-1.26072691816737,-0.265304691150601,-0.0913297725067967,-0.687100016776663,-0.319922918395546,0.65514435146561,1.3473860123927,0.470679813705533,-0.988347781522153,-0.766474146456713,2.56133954727368,0.821704926972198,0.827531967209643,-0.0284303732947688,-0.700063959380093,0.456453546822108,-2.49220852396275,-0.0848074222200177,0.351870054523001,-1.20393920280392,1.17569187500327,0.406455816485889,0.981561262535623,0.771791441353561,0.463527974431721,-0.450901792902486,1.36265550420036,-0.0509221696394355,0.312624365990979
0.552493551377685,-1.14063290219022,-0.725540603686035,-0.221049903098953,0.187553873101637,1.02907165892861,-0.0707983740245965,0.0842933808010649,-0.683750900169861,0.368744580281366,0.535561476945813,-0.0482952498937076,-0.0826872931585809,1.36366604561977,0.212237201334013,-0.0699970319666152,0.685606925815162,-0.33070468555018,-1.91908942407949,1.01798608122996,1.30382767001185,0.665744538172794,-2.19855567976108,0.818112794663147,0.334493076279273,0.526800273562845,0.256800699233287,0.138929700634319,0.739590860010849,-0.194632952781515,0.201596567351613,-2.0709055987552,0.0613261975951968,-0.719819997200803,-1.37003252311579,-0.161509701463328,-0.310787684508401,0.0483033070707128,-1.67347563279036,0.15702566387474,-1.06621081035575,0.480554435335515,0.992670150728692,-0.289032156764677,-1.48813953273067,-4.91616474796253,1.53949764817792,0.234531525863372,-1.78317019508945,-1.45593284216388,0.450005077522234,-0.190021249634241,0.245029449214964,-0.900917626408385,0.999771408831722,0.842569329496472,0.870105599392954,0.851691460653658,-0.147864651257785,-0.349601208806157,0.3559407800603,0.350665405302878,-0.991361276951788,-1.31169521245885,-0.758912317736647,0.636865115333835,0.559950069954933,-2.63945413709801,0.327149689473485,-0.158215778867027,-1.19082756516721,0.240122473106936,1.05071705673358,-0.558649647441477,-1.14923095517627,-3.23179664138374,0.316340443395806,0.53867574672015,-1.74368876024601,1.43212946966431,0.698969131270815,-1.00500797137805,0.0275414685334742,-0.222675864570437,-1.51033238885591,0.851580281365738,1.03691482609439,0.721494679446484,0.397427714494834,0.482050642961986,0.95431985465536,0.481457408487914,0.850003712524765,0.526787649936783,0.134709386750298,-1.48468097155978,1.20240222432197,0.688431290478685,0.434547745691443,0.177319392927648,-1.06471266867985,0.194491693447452,-0.121372294466173,-0.0697177842261916,0.771791441353561,0.78571885797969,-3.28988522188345,1.21922353400023,-0.159988936588261,0.124135069763147
0.269870842267703,1.77961475719292,1.13279523699803,-0.221049903098953,-0.317855409709165,-0.974764821917595,-0.397679591226105,-0.540171470443433,-1.41490595697793,0.721335584188348,-2.79542494920627,-1.29698142833451,-0.285311789507995,0.050228897334064,0.747839676920634,0.326973735183287,1.03026658614235,0.39421178849729,-1.53133823703337,1.15109499644414,0.770547151966998,0.210462211883492,0.382332784233331,0.931211249512129,0.569206880033212,1.00312185368556,-0.417180332841717,-0.528870734210269,0.544877543404702,0.500966622883039,-0.0414400515033642,-0.500868665105633,-0.954822098099357,-1.32601623921311,-0.126612888813277,-0.431351338931425,0.265110015168015,-0.405526707199126,0.748647759140954,0.15702566387474,0.785229930942606,-2.42229268128061,0.425863298828526,-3.90726297260956,0.946028346472672,0.134625512881872,0.536943188403792,0.810445858483529,0.617989716850761,-1.45593284216388,0.450005077522234,-1.69211986194276,0.0849543100491295,0.228664205065035,-0.035731277716377,0.553746955922294,-2.43998461086283,0.20020498180641,-0.147864651257785,-0.00210403490878362,1.01818236244181,-0.786422095738826,-0.1386681588523,-0.421765088244575,-1.11103782787166,1.09380076340555,0.286595255937932,-0.686327843152894,-3.45064362284756,1.00741395131356,0.442914078177514,-0.00135914663114088,1.05071705673358,-1.06447307253637,-0.79850329866216,0.200740314039534,0.452703832044404,1.24106087915176,-1.50066905487057,0.937294792451754,-0.793406281589464,0.554069758990982,0.402508315313132,-0.479622824584716,0.71953537627626,-0.571781554987692,-0.0746110954221139,-1.4858914202971,0.252450481682783,-0.609995357900479,-0.569730536734575,-2.2368788782085,0.376919287768136,0.366160167422847,0.134709386750298,1.24568674855745,1.20240222432197,0.261376442953965,0.321780682318775,0.351870054523001,0.109381743719605,1.05606525260172,-1.12650430911077,-0.187658150475239,1.17311373580097,0.177496115131635,-0.499740711894786,0.20194111201723,0.0426366867939387,0.575930933042795
0.188908750199119,0.77409730514677,1.20048480382794,-1.02758368556612,0.0146731830798018,-1.8107463261998,-0.122157775612171,0.116148833186313,-1.16419896963416,0.524619750391201,-0.0352992342454769,-0.724145033255058,-0.180271535247699,-1.86811218924945,0.837183654429067,-0.538228419296984,0.074896587760337,0.746736759449524,-1.83931958151066,-0.198728594091703,0.600402662667928,0.785634594888348,-1.00596270420979,0.871837528702124,1.89696726035524,-1.91168614499881,-0.301011262233772,-0.603805902362413,0.638737524835939,-0.370125665458009,-1.32273144564274,-0.145050596587472,0.703051358312176,-0.94971776683984,0.442882615302953,-0.161509701463328,0.121508334462706,1.43746457209257,0.917266199889014,0.195632841006647,0.555253305759488,-2.15766709650564,-1.1282619495365,0.040171945303671,-0.58342559743878,-0.0916490886489508,-0.883956770986043,0.910979875579382,0.398804723872355,-1.59632670169737,0.614359638075443,-0.0432580028872695,-0.775830379734037,1.43042304970678,1.37375048767217,-1.25579476904787,-3.81435994488809,0.467913586330488,-0.849443287233921,0.0905719525153285,1.24100056183552,0.519521759426751,-0.187667062853837,-0.0542612996788911,-2.01917572935366,0.0434339106525742,0.0847038784935623,0.0663395961000464,-3.85355104892758,1.03206213722147,-0.662299053374349,0.3509242668138,0.229643220815713,-1.61741180236844,-1.23388902991241,-0.041212661684961,0.189432740202247,0.0222829535743083,-1.82863471378826,0.0310556020494127,-1.51250988091312,0.181631758436135,1.52382619403231,1.15201268612649,-0.582130020735302,-0.253724396504562,0.137879510178711,-0.656319605970571,0.645244524200999,-0.34491055627617,-0.372265573674104,-1.69346572813305,0.111128002772255,0.472326561842096,1.26698347040496,0.521402542894057,0.642746791629204,0.576500718807058,0.576475984863502,0.351870054523001,1.14782367782872,-1.31787936243917,0.0744102764361118,0.812971679291589,0.29138128135699,-0.1092854747616,-1.54164610837519,0.612723393067075,0.694861194374961,0.44444582303101
-1.76615936297819,-0.0228307782727667,-0.247846612033967,-0.310151235543215,0.611331323524278,-0.167191819834608,-0.189351802849387,-3.36971677831565,-0.683750900169861,0.629037477205874,0.2459024517786,0.63112250730534,-0.0826872931585809,0.050228897334064,0.532046980818184,-0.0699970319666152,-1.02862873740141,-0.225137604063531,-1.3785925702101,0.468520231011971,1.20852196957692,1.35344867676942,-1.32909967634977,0.931211249512129,-0.00233729479072215,-1.4681684329227,-0.153530130123229,-0.386344208938537,0.434168662657934,-1.53468929981613,-0.174997116893404,-0.56605498766281,-1.28168212511884,-1.32601623921311,-0.862033169672223,1.10613001832032,-0.0606483074321218,0.179958938737556,-0.2851698517576,-1.93596049854733,0.22077009217355,0.186114431642273,0.891335634141648,1.8716645499913,0.459339697033364,-1.03645109215133,0.536943188403792,1.88577065344073,0.398804723872355,-0.275364440039861,1.54301498336075,0.543620305054206,0.657801178691339,-0.0594183311705819,1.34032247102914,1.06786600777961,1.49453095475861,2.22979189880071,0.654326633388818,-5.13747406908246,0.0453410764691355,-2.62166818813889,-0.991361276951788,1.14399653774549,-1.11103782787166,-0.0252859843251474,0.192876442452835,-0.137947748393997,0.182872913344856,0.332374134699257,-1.61561520938777,-0.171185160223252,0.302765739103129,-0.67588197961823,1.0982375857129,0.412209456162727,-0.0778040097581363,0.255185836135501,0.236204884038985,0.687618428850337,-0.570744612001571,1.93920780395558,0.643529121910537,-2.2887229462658,-0.952980767192717,1.40470846581909,0.292038639942103,1.71457327435829,0.470679813705533,0.333550576000958,-0.569730536734575,-0.857483343325859,0.587735050870366,0.632770550246621,0.192274658177391,0.221725106356369,0.456453546822108,0.714918009140764,0.349720395680479,-0.103300113715676,-2.04897299887105,-0.103944073457703,0.0744102764361118,0.414520177830943,-0.0578173804619865,0.112988661905318,1.45693126820885,-0.53710645642896,0.0195741693116114,0.124135069763147
-0.193362677216746,-2.49296886184305,0.614187412000111,-0.310151235543215,-0.608687575989985,0.466675706742454,0.229538410747116,0.14727414653071,0.184204798900662,0.524619750391201,0.301720610973908,1.10115885728815,-3.4610545431634,0.551165408988306,0.265550516865025,-0.538228419296984,0.620308517118873,0.746736759449524,1.05033479450734,0.664960055253147,-0.655746855699943,-2.08781197795968,-0.590533333416579,0.127377783953806,1.18685802284721,0.225936121028047,0.898034664619412,1.47862839512966,0.739590860010849,-1.64718171490693,-1.09312200387205,0.303322027417139,0.306452520343007,1.53166876571905,-1.25315842902852,-0.557113880550214,-0.113757424204199,0.838922813093669,0.0755099496990596,-2.02880708525552,-0.112310170458325,0.633626581937883,-0.722045514483232,0.921863805474344,-1.28987129641845,1.04314973380843,-1.12508255075639,0.451165806532341,-1.2505239870097,0.119946639097128,0.33129126061614,0.250863060834346,-0.382110242856299,0.71602802431632,0.831203194376833,-0.00164369548604901,-0.284517745935006,0.937576020733043,-0.225725259452943,0.430924875959751,-0.498008021542292,0.519521759426751,-0.0473750346873127,-0.254308087614388,-0.920396670734372,0.879784646137797,0.633812475206839,-0.0279126066016991,0.933371956085913,1.28155072225118,-0.734156730875096,-0.0472905492791751,0.0838412962623624,-0.720110783084991,-0.6196825510524,0.302838354790688,-0.0778040097581363,0.320146126026177,-0.0146381613693576,-0.39606443757154,-0.0147847972203031,1.65860197957296,0.685172185700639,-0.736196121578849,-0.636629864504592,-0.571781554987692,0.527222905997698,-0.299868275325809,0.107282169989699,-0.542374639865607,0.429691070835187,-2.2368788782085,0.319287040884654,0.277263781152872,1.00882542766699,-1.00804276073319,-0.757775706986254,0.471205500674912,0.576475984863502,0.0597930473995155,1.09151821960232,0.600717790807564,-2.37143716166007,-0.730530783867577,0.29138128135699,-2.3687211731922,0.278647499705768,0.72138486964129,0.167586159011131,-0.169792183002218
0.269870842267703,-1.77413774624908,0.814933702020974,-0.82548236645393,-1.26766539107909,-0.478203303851904,0.586701735236387,-0.167299820711156,-0.84643814416696,0.580862193623004,-2.66743116063734,-0.329408893161831,-3.28062812556018,-0.372670340101991,0.718845617955989,-0.538228419296984,0.0320722531080381,0.289781930692547,0.311266908669025,0.598076574596381,-0.965010094090368,-1.96012281922748,1.18476470080403,0.205645274905309,1.55000944069872,-1.4681684329227,1.06316729078845,-0.14930295497882,0.638737524835939,0.026872173925356,-0.826453662243171,-0.0733388224922474,-0.515798442221809,0.997448927393789,0.0611174469343932,0.858938062520851,0.350372984980579,0.968561415757681,0.748647759140954,0.137308231722285,-0.964270418325627,-0.920228281636136,0.000619820627699619,-0.0375148282505673,0.459339697033364,1.13936165680458,-1.12508255075639,-0.00718717304396505,0.296651245779414,-0.646147970160618,0.0823244643446123,1.86143217406309,0.856623160857315,1.16851123245545,-0.168705147081962,-0.619352194503971,-1.19768338586908,0.5965113066399,0.327148779410203,0.487096494624163,0.0453410764691355,0.405350384097304,0.439268207530437,0.495100434812749,0.219570441922896,-0.224540036745522,0.103584213215423,0.404604315500442,0.569202716043635,0.958677382211542,0.442914078177514,0.3509242668138,0.948236093996266,-0.273730405962525,-1.48738813894756,1.46716194721994,-0.0778040097581363,-0.85545345253281,1.11689156151816,-0.0283065781095995,-0.0881330012720329,-0.0990116008590359,1.10509970204943,-0.353459696161215,-1.00256375315333,-0.784104604196858,0.345689401180456,-1.5992903669217,0.397427714494834,-0.738770911803118,-1.45020691856981,-2.09754668220215,-2.20097223120645,-2.37853373212097,1.26698347040496,0.521402542894057,-0.147412553291948,0.605847419922423,1.27958751088978,0.39922734352154,1.14782367782872,-0.769425946466235,-2.20708206706571,0.33923469570339,-1.05044490914932,-0.155895684473867,-0.336454020290061,1.15801603110515,0.512186572064328,0.0840190204230011
-0.328387798832631,0.154011574996388,-1.00775871187457,0.704583865360497,-0.462013772726153,-0.244217572175121,0.0930998090853591,0.345860834730018,-0.17207034250768,0.524619750391201,0.625609739174059,0.440225145389144,0.635237690916221,-0.677229957361976,0.409246271897368,-0.0699970319666152,-0.515942024722534,-0.225137604063531,-0.135857399113845,0.185571398110621,0.088993004237144,-0.921246811649488,-1.11448030017813,-0.450458568358363,-0.110445241238602,-0.27185250986609,0.772262158729379,1.57044974965585,0.739590860010849,0.950962667347495,-0.605598060272227,0.229099819113219,0.306452520343007,0.367330750596192,-0.156482001367067,-0.300955025337722,-0.0606483074321218,-0.405526707199126,0.313787607106734,0.91359716585808,-0.32455990422816,0.747687697933489,0.311883111924462,0.601966472172981,-0.658100915326119,0.0190515967464967,0.0488651191743036,0.910979875579382,-0.186111109657755,-0.980894114144585,0.0130400352935277,-0.442444580627769,-0.489005168033605,0.618077837520946,0.698794175915616,0.242643540324078,0.341280206814523,-0.657318583368604,0.550350893196282,-3.59634699669092,0.251023131911627,-1.36822637079802,0.293641544959968,-0.943889197620687,-1.11103782787166,-0.816079542806617,0.870325243218058,-0.0279126066016991,0.933371956085913,0.53353952392429,0.198578500577778,0.683740469126125,-0.122092157292625,0.985015684950983,0.05188900763362,0.700868155072254,0.316340443395806,-0.245595238896706,-0.0146381613693576,0.768268111896528,0.350485704685501,0.936798000387767,-0.510317551456847,1.00002575135815,0.321160932684757,-0.113353582366815,-0.511866479372229,0.721494679446484,1.10984217948902,-0.200220542613056,-0.671727168514854,-0.9639431958033,-1.06785777667075,-1.19803634745835,0.555245747655411,-0.0559069300933451,0.642746791629204,-1.57128737127863,-0.0848074222200177,0.57332374969032,-0.870690911480393,0.488735979221637,0.868650134884526,1.02337046952215,-0.334012303946926,-1.29938634831558,0.689599160663861,1.15801603110515,0.317248870854454,-1.29668586916019
0.858113653071349,-0.490647087024665,0.852959948565648,1.75850437436674,0.611331323524278,-0.627733021419256,1.15674331507885,-2.65120013024897,-0.765162591612956,0.629037477205874,0.332320980730954,-0.0482952498937076,-0.0826872931585809,-1.02655842879704,0.718845617955989,-2.15641066850346,-0.306075043156793,1.64026322714495,1.27243801622712,0.598076574596381,0.685292430018278,0.643354124516182,-0.590533333416579,0.368119169975769,0.372243793746075,-0.88342487103538,-0.564634550687005,0.421742147358689,0.638737524835939,-1.08733409232255,1.98865826999279,-0.426933439200751,-0.0491089794764972,-0.127488091919065,-0.737323984836723,2.46588687676079,0.581056569691259,0.838922813093669,-1.4729059236568,-1.56673201297888,1.02006727675576,0.104344379592441,0.685423714779528,1.43209793807899,1.2446913407695,-3.24641607985205,-0.404450694906226,1.88577065344073,1.11961294558315,-0.819133818088062,0.293413411970845,1.30556681169743,0.0323505369840331,0.433370010041899,0.623891985164413,0.881959567078719,0.049369863281352,1.32799623160642,0.181975057766068,0.139548811103671,0.906967084875003,-2.00900223697631,-0.376179634050679,1.35755190518131,0.219570441922896,-0.224540036745522,-0.0768781543949232,0.738183297224182,-0.23495752315655,1.81101802801047,0.442914078177514,-3.36505277615453,0.948236093996266,-0.809845688857859,0.552394667178999,-0.354072222966255,-0.82529187177636,-1.0017578825169,0.53601944250532,0.791690327377857,-1.20655731542097,-0.718894046846681,0.867288161355249,1.95991860971633,-3.01867899290853,0.851580281365738,0.0511439553207829,2.92648736139936,0.596381508178012,2.02859740816715,1.29330766622017,-1.54345613836728,0.433554851407883,-1.80152206471577,-0.280420799894584,1.24568674855745,-0.669745183369127,0.288091969287367,-0.0272113597818916,-2.83031030316728,-0.820043220607521,-0.339925082899645,0.323742282344279,0.492684166455212,0.505629716605009,-1.78620856527118,0.805392548175357,0.20194111201723,1.259619039567,0.478717895060612
-0.604301363499689,0.282130038976662,0.579036681696208,0.654412862587069,0.611331323524278,-0.627733021419256,-1.61793019553585,0.213665397289101,-1.08980866993187,0.0830908085475128,0.0848768458785273,-1.29698142833451,-0.0156426124576376,-0.496581222982152,0.718845617955989,-0.538228419296984,0.379630034881163,0.746736759449524,1.56835195142498,0.408076839845084,0.351974353793556,0.403371564311077,-0.0485288446683878,0.993919988007772,0.222412287258807,0.796032817794011,-0.211255276175524,0.209000681116338,0.739590860010849,0.026872173925356,0.572429336182081,-0.643566538836654,-0.16286844177355,-1.81032345240321,-0.570878182767092,1.41321761605885,0.435093964497735,1.05073138757872,0.230543045197997,-2.21601381392561,0.101909365120004,-2.15766709650564,-5.61200171382487,-0.514667061259269,1.03985241962743,-0.175600415014518,-0.508614382264068,0.646587745837256,1.27212834462184,-0.476128811269176,0.701756143305907,1.6201581084598,0.359413078471313,0.0594858205912099,-0.035731277716377,0.317075779190974,-0.0637204900964393,-0.657318583368604,-0.401552482098335,-0.61177767477762,0.090952464805129,0.633772021638897,-0.758953417910999,-0.943889197620687,0.0701007083610008,0.513904908363909,0.0847038784935623,0.0663395961000464,-3.85355104892758,0.983965049523844,0.865988279718127,-0.578735826713594,0.745578779894836,-1.23097252827747,-0.0566522466721415,0.165908247596638,0.316340443395806,0.392560272748124,-0.866286076917501,0.201442348304737,-1.51250988091312,0.681604016904519,0.0275414685334742,0.867142322794583,0.190049342210392,0.0471421079510039,-0.157335395104188,1.3473860123927,0.493695905820507,1.27363877970781,0.840278661989853,-2.51781461895629,0.433554851407883,0.445819472853367,1.00882542766699,0.696806839980222,0.456453546822108,0.106461696164542,0.434547745691443,-0.130898196504425,0.202226859822925,-1.31787936243917,-0.616431144368254,0.981561262535623,0.505629716605009,-0.220231916081787,-0.0296665460619889,0.834200968825634,0.146954481687487,0.00672408555853474
-0.0558608811627211,0.543729297091933,0.171990719104071,-0.150585228493439,0.0146731830798018,1.11892162790124,0.279831943631821,0.0480793808812596,0.184204798900662,-0.215956551278354,0.929156315676628,0.63112250730534,0.706105375376072,-0.559658423602394,0.288880987840072,-0.538228419296984,-1.3986615875694,-0.0739017894605008,-1.83931958151066,-0.565755632861501,-0.244185611758759,-2.3452718431028,1.30188379758541,0.089707641702829,1.32164055659471,0.283435903785448,0.514006673362506,0.138929700634319,0.739590860010849,0.524341591109057,-0.922085849340273,-0.145050596587472,0.187637689066802,1.53166876571905,-0.932954281669051,-0.300955025337722,0.463593927067464,0.997168607834846,0.0755099496990596,0.626614506188194,0.101909365120004,-1.90625609126458,-0.227552694384818,-0.39489895026081,-0.658100915326119,0.622144915579953,-1.23122333460069,0.0358907084326195,-0.00416806552563033,0.619746194045787,-0.235033469309822,0.0288047397308117,0.359413078471313,0.983247469989968,-1.41060148270405,-1.56776551355635,-0.979776125783151,-0.192113834515116,-1.00764634950014,0.676060591631102,-0.14130672902736,0.463176691993171,1.01762237096639,1.09874798891337,0.690868290245467,-1.18191406274422,0.790097820990198,0.675926343700556,0.78619604930525,0.781843987428027,-0.114140707394262,0.183850201423576,-0.32522784001544,0.426829482452768,0.552394667178999,0.165908247596638,-0.0778040097581363,-1.29286770795963,-0.268598391875418,0.341156899925561,-0.926844012294149,0.357684499976128,0.460173121770026,-0.0913297725067967,0.321160932684757,0.130583370715689,0.00582575223731775,-0.774274592083467,0.107282169989699,-0.414337425422163,-0.46247024483875,-0.655127578360473,0.292765761540565,-2.81618693815677,1.00882542766699,-0.334634991400181,-0.841653454564107,0.340355948763682,1.10137383118728,0.649189746375325,1.31821521154285,-2.46844996677722,-0.313486674771081,0.33923469570339,-0.593070382852148,0.244773344844097,-0.758120434104101,-0.34419972237834,0.512186572064328,-0.0777431493744725
0.751085464208873,-1.52388121784009,1.40652970653615,-1.3355719075917,0.187553873101637,-2.41129323023097,1.10744873479367,-3.55039573693743,0.504127899419789,1.00834640626339,-0.220594797437086,-2.61357387258027,-0.0156426124576376,-1.43967012278381,1.45422311793375,-0.0699970319666152,-1.37073344982735,2.45365774888352,0.440977221613979,0.598076574596381,0.855944678028041,0.971394320355141,-1.32909967634977,0.368119169975769,1.7584888473298,-1.61520866936936,-0.331550056954222,0.138929700634319,0.434168662657934,-1.64718171490693,-1.54546452343857,-1.66623134502922,1.00859862840905,-1.32601623921311,-0.156482001367067,1.41321761605885,0.435093964497735,1.46526366176485,-0.152743279646356,-2.02880708525552,2.24158520463527,-1.42006915749962,-0.422518127188868,0.445734113199329,0.148579770774678,-0.532951646150498,-0.184100017033714,0.234531525863372,0.398804723872355,0.352872903950517,0.745946275682673,1.6201581084598,0.359413078471313,1.67312128571306,-0.168705147081962,-0.619352194503971,-0.683803534498019,0.5965113066399,0.116964644778349,-0.529452713207155,-0.14130672902736,0.0522020566042885,-0.874505317017863,0.994013495373379,-1.3085114386993,-0.446978803055541,-0.285078568537577,1.01677623040827,-0.948561780155449,2.01994128782525,0.277716265988363,-0.399055352055012,0.46554148422261,-1.56391498764538,-0.0566522466721415,1.42312786841548,0.316340443395806,-0.902072900039638,-1.50066905487057,0.434088974386795,-1.51250988091312,0.181631758436135,1.61345985874299,-0.879145897940965,-0.636629864504592,0.335120532095586,0.720116262131365,-0.774274592083467,0.252450481682783,0.806471814100092,0.840278661989853,0.244195353333871,-2.34024431987878,-0.223846917231696,1.26698347040496,0.372859796619264,1.10739408003689,0.059394875474972,0.825880712679535,-0.0747448555546666,1.61398338744933,-0.769425946466235,0.449355677708779,0.414520177830943,-1.05044490914932,-2.3687211731922,-0.553620197619085,0.913472167935795,0.669275792462305,0.512698550171701
0.188908750199119,-1.24164928555463,-0.247846612033967,0.310803929522712,-0.462013772726153,0.706692252638666,0.375490132736605,0.314178609999633,0.738515501471028,0.302034349309538,0.742780477034273,0.273121481292308,0.497370765910516,-0.559658423602394,-0.226482566856319,0.326973735183287,0.925659059773143,-0.613966968074639,-0.935610857806372,-0.848933577008494,-0.0764494607450776,0.455296882186489,-0.0485288446683878,-1.09960896612637,-0.21953980026769,-1.91168614499881,0.294633209678715,0.138929700634319,0.544877543404702,0.437188092238014,0.417444805737501,-0.717274310874747,0.306452520343007,0.367330750596192,-3.95048208514489,-0.431351338931425,0.350372984980579,-0.883439778601221,-0.0673941049281382,0.719576563619802,-0.218523844069128,1.42797031304735,-0.28298727206571,-0.246972062008515,-1.15335571731229,-0.261077519065549,-0.883956770986043,0.129939351494564,-0.70741388028564,0.119946639097128,-0.492312860076806,-0.190021249634241,0.0323505369840331,0.618077837520946,-1.41060148270405,-0.48108353677271,0.107156311616164,-1.27266536877705,0.0244440158239985,1.02859653250238,-0.583403620781754,0.463176691993171,0.794290666219702,0.694884862462961,0.0701007083610008,1.73735562397302,0.737322546518985,0.0663395961000464,0.85848769695656,-0.0575034237978286,-0.341708187587228,0.57696371832223,-0.0495103957472203,0.78300862703197,-0.160352836571611,1.09232797769975,0.452703832044404,0.619691151039453,-0.0146381613693576,0.583280307981819,0.774710763716165,-0.570003190199351,-0.758375146113422,0.305588499742104,0.446252865089153,-0.685496247984705,-0.863842368957145,-0.419397066354193,0.345681412509395,-0.414337425422163,-0.569730536734575,-2.51781461895629,0.192209120492364,0.861466142726615,0.555245747655411,-0.457294635120321,-0.0675211002283921,-2.83362740401692,-1.29406472289883,0.743438390497619,-0.658416249572354,1.00263729192113,0.134063557275968,0.717037579021132,-0.334012303946926,0.62332449596147,-0.105533375802682,0.612723393067075,0.436795746170511,0.666517892520405
0.858113653071349,0.215277610678241,-0.388225700815153,0.195268675425012,-0.745843292043968,-0.0863525328205543,0.917845861512708,0.664853025585996,0.504127899419789,0.908938518029037,0.567780839995834,0.273121481292308,1.97223172605321,-0.737639083523766,-0.0401159069985442,-0.0699970319666152,-0.121178767469313,-0.38743572151944,-1.6454439879876,-0.674564060974255,0.430006727828618,0.837110677311699,0.491368064584563,-1.03129513862612,-0.21953980026769,0.572968012939976,0.560581885312514,0.853596897306869,0.739590860010849,1.35953023969751,-0.476636093256654,0.0786645656118312,0.187637689066802,0.367330750596192,1.15407252432472,-0.68921158902845,0.405986221081054,-1.937753184814,-0.410776212084889,-2.09816636542504,-0.218523844069128,-1.21348610608658,-0.422518127188868,-0.344059806333888,-1.36386726617025,-0.261077519065549,-1.12508255075639,0.395425423785261,-0.632398299927558,-0.275364440039861,0.490235874927754,-0.995164774376039,0.245029449214964,0.821677648380697,-0.705177078969831,-0.0840438336219801,-0.395406640914414,-0.657318583368604,-0.401552482098335,1.02859653250238,1.24100056183552,0.57570841031577,1.07991310830113,0.766970521280833,-0.190217048672266,-0.959753798890575,0.762167146901057,1.23708778650351,-3.59991907489133,0.388082084000613,-0.887807872310645,0.491013148974912,-0.585216297021903,-0.943180792477909,0.288858824481439,-0.193978796250972,0.316340443395806,-1.15525907838351,-0.268598391875418,0.557326208598451,0.485962939147557,-0.154475807249207,-0.388924437179682,1.00002575135815,0.97980811361901,0.460612899527485,-0.554490057548792,-0.538167041861984,0.00767537854667647,-0.414337425422163,-0.867042628595401,0.21555141274345,0.486024573779661,0.924071493230541,0.555245747655411,-0.910582788328787,-0.416659291001562,0.835262952555738,-0.714396779649259,0.4496714836222,-1.94970079560488,-2.2874783385993,1.14398315735671,1.09293039301962,-0.935951995131237,0.463527974431721,-0.621749852603271,0.0224717394674205,0.61763081683156,-2.95544757576125
-0.328387798832631,-1.89994897670471,0.78008504450844,0.0629643894486045,0.871337061156552,1.45285998160478,0.0436531861561622,-3.55039573693743,-1.00543416623447,0.16219579720781,0.13647573552169,-0.58984275884098,-0.213563660926315,1.93050809741722,0.335851021043926,-0.0699970319666152,0.685606925815162,-0.274541367776464,1.87926939967964,1.15109499644414,-2.06692487563883,1.20468126090758,-2.72234337721358,1.47488175221413,0.652864436352302,-1.61520866936936,0.091306057207402,0.138929700634319,0.638737524835939,0.283502574220833,1.50572788503926,-1.13251121780185,-0.845664552335221,-0.719819997200803,-3.69053242608218,-1.25264489984212,-0.513571688367596,-0.647588745355904,-2.40004396498948,-2.02880708525552,1.58271454772217,0.66457110535936,1.0973898286527,0.836875394716388,-0.58342559743878,-2.05840926382734,1.10552673324176,0.338712418991133,-0.774140952839553,-1.30077700996686,-0.635251871261996,-1.74906130017805,-1.57397539897327,-0.0594183311705819,-0.035731277716377,0.317075779190974,1.07165545261205,-0.0579517230604305,0.382525796454391,-0.178311640504399,-0.277532807202318,-2.77572981821653,-0.951329279863928,1.26885134812798,-0.190217048672266,0.396473374586321,0.511143837811497,-1.00177401427893,0.0187782917005832,0.445920001649797,0.119943132657722,-0.171185160223252,-0.32522784001544,-0.105115394709426,-2.15686220638575,0.700868155072254,0.452703832044404,0.946369836019902,0.599626143485276,1.22334574602313,-0.184095202320053,1.06667613037037,0.402508315313132,-1.91664311485091,-1.28734099104575,-1.10002873022943,1.03691482609439,-0.891724641770572,0.56915748566789,-2.56861031472355,-1.05223099305288,0.423800288560973,0.715284731640261,-2.52362969817813,0.429178040446489,0.0803979831596145,2.45355688078326,0.631880498121628,0.724123530431214,0.0250590851510921,-0.171654391038555,0.488735979221637,1.2039238597701,0.268949045794122,1.17311373580097,0.412483898287734,2.12088047585657,0.0224717394674205,0.189036756630502,0.575930933042795
0.858113653071349,0.600453133597597,0.369266361657037,0.654412862587069,0.611331323524278,-0.77448571664879,-2.59042634007769,0.551630035649727,-1.65056489997733,0.721335584188348,0.0126663425562319,-2.02426046204665,0.364482361707307,-1.08668041224752,0.866594794310822,-0.0699970319666152,-0.121178767469313,0.746736759449524,-0.37434277436055,-0.0447677644000353,0.855944678028041,-1.12061087590421,-0.479174672002457,0.407116331743455,0.149534477004913,1.0584968534826,-0.153530130123229,0.777688922764924,0.739590860010849,0.524341591109057,-0.826453662243171,-0.717274310874747,0.0613261975951968,-1.49091229453417,0.635145194880408,1.10613001832032,0.951626488331956,0.720431471434388,-0.988934969517549,-1.32552638485878,0.444746926165228,-1.42006915749962,0.482117585162224,-2.31038767291211,0.856388588804946,-0.304375432361422,0.0973682433242856,1.0358737043495,0.986107266118893,0.352872903950517,0.614359638075443,1.22936984976087,0.793559822220161,0.821677648380697,0.623891985164413,0.38642981163221,-1.25972256834067,-0.100473915217253,-0.147864651257785,-3.89209485730545,0.627609437849223,0.915314227665431,-0.515940349557155,0.409598264686943,1.53898173203461,-0.38487646801795,0.00215842527946903,-0.137947748393997,-1.9370387496597,0.865213999384484,1.14973133102117,-0.0472905492791751,1.05071705673358,-0.598962448061066,0.288858824481439,-0.041212661684961,0.316340443395806,-0.296937823693273,-0.268598391875418,0.583280307981819,-0.793406281589464,1.00734604049021,0.352624220909551,1.60379433799572,0.514185349975881,0.130583370715689,-0.476020540625281,1.89413692379907,0.169445404941116,1.52188401348824,0.95431985465536,1.01374793121942,0.638671129009376,-1.42457806632728,0.862043541017154,0.372859796619264,0.106934425427136,-1.74801547214727,0.518835874507178,0.0250590851510921,-0.820043220607521,-0.167655058652397,-1.12650430911077,-0.730530783867577,-0.935951995131237,0.0920014149046004,0.0399325607180781,-0.931296693054711,0.317248870854454,0.546339154446886
0.269870842267703,-0.199443537740796,-0.174315066899905,0.654412862587069,-0.745843292043968,0.22311814647297,0.0930998090853591,0.703223042560317,1.55172559812558,0.480061007264485,1.02558618823767,0.440225145389144,1.52657600468197,-0.162770958708004,-2.13178974505591,0.326973735183287,-0.411256692749929,0.560299091662518,-1.22584690338684,-0.565755632861501,-1.65448806310052,-1.83243366049528,0.166209829200152,-0.847168397979363,-0.559074500231122,0.834573481685238,0.377230035452364,1.23768368695431,0.739590860010849,1.59919861169313,0.517884504912243,0.794068029042226,-0.0491089794764972,0.367330750596192,-3.43268444453378,-0.68921158902845,0.847506133300033,-1.5118632307737,0.313787607106734,-1.84311391183914,0.101909365120004,-0.405258787263056,-0.227552694384818,0.118509939392049,-1.01537680453861,0.173471018531423,-0.225224796060018,0.579741566193409,-0.774140952839553,0.619746194045787,-0.125308903046619,-1.05524835062946,0.0849543100491295,-1.46847525065701,-0.035731277716377,-0.48108353677271,-0.50059922934949,-0.0579517230604305,0.181975057766068,0.955913582075044,-0.0516458938374494,0.633772021638897,1.51779415038326,0.885525386467015,0.297906118775866,-0.584040490339324,0.870325243218058,1.82973817951878,0.488694881684167,0.12177660549128,-0.341708187587228,0.57696371832223,-1.16294644315356,1.53006479278384,0.552394667178999,-0.136214333460174,0.189432740202247,-0.702604865426715,1.11689156151816,0.985744418700275,-0.0881330012720329,-0.775066813474949,-0.265304691150601,0.17248993300883,-0.308837135562799,-0.113353582366815,-0.435363582615363,-0.0503553573269618,0.470679813705533,-0.34491055627617,-0.766474146456713,0.372025816082389,0.587735050870366,-2.23343776606382,0.555245747655411,-0.700063959380093,-1.02222000050834,0.185778416196311,-0.648573754142223,0.743438390497619,-0.327188776563862,-0.286309190832816,0.67389524183058,0.670253541999253,-1.25693880421473,1.06468847024126,-0.146948185826239,0.416338069900617,0.828918840272454,-2.49438652681774
-0.0558608811627211,-1.52388121784009,0.497675090419582,0.12649929416024,-1.26766539107909,-0.327070751857572,-0.709434535662434,0.588342309822108,-0.0898435026216355,-0.0598766832619812,0.332320980730954,-0.187636379705822,-0.0500008206810116,-0.796126955489822,0.185216737553851,0.753522145096841,0.551821441481417,0.560299091662518,-0.135857399113845,1.01798608122996,-0.244185611758759,0.278138001390515,1.18476470080403,-0.221585654202629,0.259665950717104,-1.4681684329227,0.469086561207207,1.23768368695431,0.544877543404702,0.842361567405358,0.946290459040428,-0.785743127241946,-0.0491089794764972,-0.127488091919065,0.350057226884903,-1.25264489984212,0.0265064449031231,0.0483033070707128,-2.21375042155955,-1.93596049854733,0.22077009217355,0.359378293068392,-0.104019831706868,-0.622160540746581,-1.55140069677987,0.173471018531423,0.145458943300853,0.516985935082937,-1.32018701359083,0.119946639097128,0.26030299367898,-1.43731326766135,-0.333231664751118,0.291231802623415,0.553964171623195,1.69001162014129,1.28222057561843,1.58822293050052,0.865665246347381,0.327916617446788,-0.00354280027215397,0.433815988745722,0.0489104884378151,0.828716541835027,-0.685007987014173,1.54717523879784,0.683997143456642,-0.847009602501171,-0.0210885434879448,0.682918690144831,1.04960368449264,0.844739916611451,-0.774411320966541,-0.356424986777243,-0.6196825510524,1.50903076409093,0.316340443395806,1.14025863310564,0.109643553634606,-1.77134643330437,0.0730872551553316,0.357684499976128,0.556395846889437,0.305588499742104,1.11306259602293,-0.631723947955222,0.527222905997698,-0.891724641770572,0.0476781704171328,-1.2378793372363,-1.53402370235244,0.27095806797404,0.461469554074334,-2.37853373212097,0.320060428453643,-1.39564604092521,-1.17914217455434,0.419990071373139,0.0555056480031606,0.507298306596989,0.0140958471014687,0.62983178179852,0.134063557275968,-1.88059342898303,0.29138128135699,-2.25167459222543,-0.450901792902486,0.0224717394674205,-2.15701454905866,-0.728482699864805
-1.25365555336221,-0.199443537740796,0.711179202459116,0.509595948980984,-0.462013772726153,-0.708783085672398,0.375490132736605,-2.8457249941284,-1.33676969203755,0.758004940058081,0.332320980730954,-1.48299766342662,0.231446983536555,-0.231894032895758,0.634708636684236,-0.538228419296984,0.379630034881163,-0.0205000009330872,1.51080615881061,1.01798608122996,0.259187859388538,0.572319579761331,0.839261020670655,0.531505281264536,0.0767626487119638,-1.04173318871537,-0.124022202310617,0.853596897306869,0.544877543404702,-1.20844709795379,-0.134605330166708,-1.66623134502922,-0.736324164541109,-0.719819997200803,-0.275591309644149,1.41321761605885,-0.142122320720255,-1.2172743962714,-1.67347563279036,-1.66669367856989,1.91279886109022,-0.0934131456655044,0.940057827867841,2.01901583059713,0.856388588804946,-0.344055240087978,0.0973682433242856,0.451165806532341,0.86077126013844,-1.59632670169737,0.0470081129621076,-1.36955594236812,-0.662841751764619,-1.20241875887222,0.488520265578915,0.317075779190974,-0.116637205035684,2.01541887317104,-0.147864651257785,-0.655963180814541,0.147218186593889,0.350665405302878,-0.758953417910999,0.947014564949923,-0.758912317736647,-0.125472196915095,0.260735081589242,-0.686327843152894,-0.173810874633794,0.748058725015786,-0.662299053374349,-0.521038766464531,0.647281982439031,-0.558649647441477,0.814894224426917,-0.868111680826448,0.316340443395806,0.320146126026177,-0.866286076917501,0.309120643843684,-0.669072460048411,-0.718894046846681,0.594912746935094,-1.14135341680331,0.384998947241983,1.67740305671349,0.94790330192008,-1.00502508206036,0.446692750100032,2.02859740816715,0.740571508200812,1.13462920102025,0.68946399820642,-1.95773711743703,0.223409610934146,0.86404454682653,0.642746791629204,0.0841961767223965,-0.53221451134672,-0.240657179110568,-0.474271747607813,-0.229019790949524,-0.38878489190784,0.414520177830943,0.104922940500587,-1.91222473452405,2.43076472773891,0.0224717394674205,0.828918840272454,-0.169792183002218
-0.193362677216746,0.0957265044797504,0.369266361657037,0.509595948980984,0.0146731830798018,0.549887413975724,-0.00926917798454472,-0.100161298253678,-0.0898435026216355,0.368744580281366,0.13647573552169,0.440225145389144,-0.364432877347436,0.843198784716868,-0.0146988074907656,-0.0699970319666152,-0.96117837504383,-0.0739017894605008,0.97346383435273,0.910839282308588,-0.965010094090368,0.480889985109822,-0.902781180348402,0.818112794663147,1.06517534337741,0.676064459143769,0.155304414410734,0.560503926552002,0.638737524835939,-1.87400036033041,0.572429336182081,0.303322027417139,0.563099003252063,-0.455657840732264,0.158248129129352,-0.0244558501771044,-0.472457771374472,0.119332250657473,-2.02745687812962,0.195632841006647,-0.642072992727885,-0.185971514606539,0.0966146890195229,0.291478855308912,-1.72990043383476,0.249464761422564,1.21917931393274,0.338712418991133,-1.85084708320175,-0.646147970160618,-0.125308903046619,-0.995164774376039,-0.604387031401376,-0.469292730067165,0.340732822023507,-0.00164369548604901,0.730884639927369,2.40212582891739,-0.147864651257785,0.676060591631102,0.147218186593889,0.463176691993171,-0.1386681588523,-1.31169521245885,-2.17480958119742,-0.255219125933828,0.608827381529933,-1.84245787805662,0.107619309036348,-0.0575034237978286,-0.341708187587228,0.240122473106936,-1.04094411588783,-0.764786666558605,0.05188900763362,-0.193978796250972,-0.0778040097581363,-0.188800735617395,-0.866286076917501,0.607347182951548,0.287121429728431,-0.0500283802805251,0.281630858816782,-0.0913297725067967,-0.416691784400162,1.67740305671349,0.467603766933231,-0.299868275325809,0.769435920953469,-1.17901801345823,-0.671727168514854,0.717347365041398,0.741953644205589,-2.81618693815677,0.555245747655411,-1.39564604092521,-0.242409635648556,0.523609937810427,0.724123530431214,0.0597930473995155,0.804475223202219,-0.103944073457703,-0.24921595226258,-2.40821606578347,1.17311373580097,-2.6047223909179,2.37368932794116,-1.31537250812814,-0.0509221696394355,0.0840190204230011
-0.0558608811627211,-0.0228307782727667,0.711179202459116,-0.310151235543215,0.385050844995055,-1.3649561418686,-4.28293464267363,0.448167964703673,-1.49784312010162,-0.0598766832619812,0.217857764336227,-1.48299766342662,-0.0156426124576376,-0.796126955489822,0.866594794310822,0.753522145096841,0.270507863715218,0.507174549736093,-1.3785925702101,0.136516050110297,1.20852196957692,0.303084420538872,0.611981481536697,1.05362132897554,0.149534477004913,0.526800273562845,-0.359918234013074,0.0728546278356824,0.434168662657934,0.227012160715914,-0.605598060272227,-1.34041210705467,-0.954822098099357,-1.95934196453472,-0.33533786487926,0.858938062520851,0.641435848426451,-0.287067666665371,0.0755099496990596,-0.0266142102348051,0.662530461888945,-2.28997988889312,0.311883111924462,-0.196583550154414,0.856388588804946,-0.218148955670141,0.363149856536674,0.516985935082937,1.64765884310922,-0.0839473902948469,0.915115881079253,1.22936984976087,1.31552363642551,0.228664205065035,0.999771408831722,-0.241353955228654,0.16687918446827,0.294738292652904,-0.548735546806314,-0.0906147768287268,0.3559407800603,0.604271091614942,-0.598445945978443,-0.943889197620687,0.458853486472883,0.357668416526202,0.103584213215423,-1.00177401427893,-3.25081865108153,0.682918690144831,1.36833236167105,-0.521038766464531,1.16030981013297,-1.385337988028,-1.31818470415086,-0.193978796250972,0.189432740202247,0.320146126026177,-1.33801201682322,0.511429552138214,-0.926844012294149,0.681604016904519,0.513903694954595,-0.615977004682094,0.052334229024484,1.40470846581909,0.185852459574788,1.71457327435829,0.277743822865605,1.68881429352443,1.06159263646821,0.27095806797404,0.535459927747184,0.579853698814177,0.388890871572764,1.04218317115801,0.54490402101857,0.160620347050938,-0.183315202390597,-0.185889261914682,-0.707177668035441,0.51456596576815,-2.20708206706571,-1.88059342898303,0.771791441353561,-2.25167459222543,0.359811375087763,0.20194111201723,0.0195741693116114,0.0840190204230011
0.631459211065846,-1.77413774624908,0.679495565620176,-0.606227614108938,-0.878125033552698,-0.41003358953983,0.638299022840733,-2.65120013024897,-0.347629761849042,-1.51843611252798,-2.15843072894669,-0.851304755113667,0.429756100485218,-0.496581222982152,-1.73788522751432,-0.0699970319666152,1.35616792613689,-0.0739017894605008,1.79147268464898,0.910839282308588,-1.17608193548625,0.548726754548926,0.839261020670655,-0.626623990395426,-1.11043328289666,-0.88342487103538,0.898034664619412,1.57044974965585,0.739590860010849,0.227012160715914,-0.264986268806409,0.457787073164242,-0.954822098099357,-0.127488091919065,-0.0965876939034751,-1.61478346500689,0.612291713769697,0.30055409095814,-1.4729059236568,0.282351354706569,-1.06621081035575,2.01708653402797,0.000619820627699619,-0.344059806333888,-0.869412742363751,-0.422513658831088,-0.404450694906226,0.285679685067136,-0.774140952839553,-0.646147970160618,-0.31274489026696,-0.0432580028872695,-0.604387031401376,0.654625880533749,0.340732822023507,-0.0840438336219801,-0.561085067287768,-0.539815808938292,0.327148779410203,0.327916617446788,0.251023131911627,-2.00900223697631,0.152068796312673,-1.92368964137307,1.92245046076287,1.95206699435548,0.0847038784935623,0.478529053128051,-0.173810874633794,-0.795465993148561,1.48656567479772,0.293774782837607,-0.585216297021903,1.08812632799195,-0.445806467614865,-0.354072222966255,0.316340443395806,1.63975711963883,1.42699117918727,-1.24304592278538,-1.79452619486023,-1.10914881641374,1.26229459236368,-0.0913297725067967,-2.56016884239499,-0.571781554987692,-0.554490057548792,-1.00502508206036,0.619276597823018,-0.8633836757234,-0.867042628595401,2.3301570826936,0.405357977294746,-1.80152206471577,0.0831510932410992,-0.700063959380093,-0.332744859038946,0.0353569397199814,-0.152802740564641,0.4496714836222,0.635568291339273,1.76043176595858,0.767077759325572,-1.18496407399997,-1.35927621453798,0.570789462434828,0.542450994844922,1.15801603110515,0.0827453468123518,0.728599211375745
-0.873135336016176,-3.49144732877122,1.03402491187387,-0.719620286873719,-0.745843292043968,-0.167191819834608,-0.615999637196983,-0.233880223383146,-0.765162591612956,1.04164372080171,0.0625061582607485,-0.187636379705822,-0.0826872931585809,-0.432480187648114,0.457118723717181,-0.0699970319666152,-0.270648073279221,0.450238471835138,-0.019148686966424,0.910839282308588,0.00199532093468337,0.689922671015289,-0.0485288446683878,0.407116331743455,1.7584888473298,-1.83489590435516,0.155304414410734,-0.880766771141594,0.638737524835939,-0.00844822970919663,0.201596567351613,-0.0733388224922474,0.429388167953716,-0.127488091919065,0.0300411515968678,0.456045504273392,0.121508334462706,1.20278633087811,-0.410776212084889,-2.16752564559455,-0.32455990422816,-0.29304725448824,-0.722045514483232,-0.196583550154414,1.03985241962743,-0.0916490886489508,-0.508614382264068,-0.0861839628256727,0.504722088396298,-0.0839473902948469,0.405699725498669,-0.570511396085325,0.479563997273928,0.33519546135434,-1.07991657238261,-0.935608449649961,-0.561085067287768,0.552592936821715,-0.147864651257785,-0.349601208806157,-0.0516458938374494,0.166221728484292,-0.284574058590939,-0.0542612996788911,-0.758912317736647,0.839038506851131,0.38558822171197,0.153055447444775,0.0187782917005832,1.72334814724283,-0.270228287357283,-0.090779197634393,0.84939690149008,-1.61741180236844,-1.39950214106286,1.25371637677367,0.0397437080453976,0.53867574672015,-1.74368876024601,-0.0283065781095995,-0.272753107733375,0.241148796426806,1.43642819870404,-0.879145897940965,-1.66288014674619,0.22590573855739,0.292038639942103,-0.167647072577024,0.0476781704171328,-0.988347781522153,0.740571508200812,0.614612346337928,0.34822659778597,-2.74041207258796,1.26698347040496,0.696806839980222,-0.332744859038946,-0.100391282024133,1.67807840807085,-0.0436867573132261,1.26176675160699,-0.395680396589135,0.323742282344279,0.0546265433636661,-0.474281836162509,-2.54359602621557,0.466836445722295,0.0224717394674205,0.592110230791911,0.279833788890317
-0.0558608811627211,-1.38541239817067,0.171990719104071,-0.00609224350436449,-0.608687575989985,0.22311814647297,0.184968957132473,0.622596912885525,0.0926704700716293,-0.131750596698168,0.476462683931473,1.10115885728815,0.200365175082794,0.697363083618042,0.0097179903266744,-0.0699970319666152,-0.96117837504383,-1.47012963794731,-1.91908942407949,0.664960055253147,-0.414235577582633,0.159685511326528,0.491368064584563,-0.68981584238291,-0.829759076492645,-2.06170382409171,0.256800699233287,-0.227623732090386,0.638737524835939,0.459165548787412,-0.605598060272227,-0.287609279716521,0.429388167953716,0.367330750596192,-0.156482001367067,0.456045504273392,-0.00276675411519897,0.0483033070707128,-0.698070511396257,0.282351354706569,0.22077009217355,0.747687697933489,-0.227552694384818,-0.769974601814146,0.0748949218036167,0.577893864530658,-1.51822055102423,0.0839115537054142,0.72931481743086,0.352872903950517,0.151414097287678,-0.319201818720592,-0.489005168033605,0.168400753434026,-2.01868403137863,-0.778917361378842,-0.808681624251153,-1.18600679630843,-2.09174233423984,0.609731692384585,-0.0516458938374494,0.753296111597919,0.488188313197089,-0.421765088244575,0.535739907287848,-0.477825635093936,0.816136248313106,-0.686327843152894,0.406723853561258,-1.1807653052194,0.690614869328644,0.491013148974912,0.84939690149008,-0.273730405962525,0.05188900763362,0.265958259857929,0.452703832044404,-0.138419067867312,-1.50066905487057,1.34214913378475,-0.272753107733375,0.741247671288253,-0.758375146113422,-0.353459696161215,0.84957705121767,0.616512591022488,0.404981371182565,0.460260568874707,0.324407649702181,-0.542374639865607,-0.569730536734575,0.27095806797404,0.561192903652398,0.60529641244924,-0.0284303732947688,0.696806839980222,-0.586043333064761,0.185778416196311,-0.0848074222200177,0.177319392927648,0.109381743719605,0.266090826731365,0.134063557275968,-0.996635514108259,-0.593070382852148,0.706832282292581,-0.28787325254268,1.21922353400023,0.189036756630502,0.478717895060612
0.0632891134657229,-0.265584526137831,0.965080297212234,0.606682984164304,0.611331323524278,-1.04334953190373,0.184968957132473,-1.49926049435397,1.2576733120405,1.29668853533069,1.02558618823767,-1.19409689098948,0.398118159059124,-0.162770958708004,1.1404008528179,-2.47055964805177,-0.341277108771892,1.06357175380518,1.18858830397719,-0.274367209748218,1.30382767001185,-0.638236800145465,-0.263584866939357,0.931211249512129,0.259665950717104,1.2835344658379,-0.534093133961879,1.14797934592561,0.544877543404702,-0.370125665458009,-0.43519803782012,-0.858418848256575,0.859062521292833,-1.66386059202818,-2.22693897220891,1.87624850240135,1.09160241090511,1.29690693883915,1.61728848138322,-0.974777841322299,0.785229930942606,-0.25255940284648,-1.89744362946328,-1.51397496705754,1.03985241962743,0.288096447500778,0.363149856536674,0.646587745837256,1.64765884310922,1.30734557632398,1.0081501922265,1.15330030649806,1.97486027582166,-0.1589517094467,1.0419627741784,0.881959567078719,0.341280206814523,0.467913586330488,0.654326633388818,-1.20624761059134,0.737887121127277,-1.02676446335414,-0.640445663330079,-0.421765088244575,1.7172832367262,0.121507222872615,-1.10099673467259,-1.84245787805662,-1.1821556646257,1.45049341528197,-0.114140707394262,-2.57323723508815,0.647281982439031,-0.855307156290184,0.681270209919537,0.736843900864684,0.316340443395806,-0.296937823693273,0.345874592149019,1.19513359587922,0.414136940431049,0.00600772892464806,0.927120671128119,3.65289834908435,-2.04808962595218,-0.253724396504562,-0.785726064868996,2.92648736139936,0.397427714494834,1.7711748687799,0.840278661989853,-0.655127578360473,-0.75917538101012,-0.876445920904245,1.26698347040496,1.24568674855745,-0.416659291001562,-1.32041055430117,0.175623203550449,-0.294291001757587,-0.428281518065061,0.228874888799418,-0.505616540420322,-0.0697177842261916,-1.53878889598346,-1.03996452617494,0.466836445722295,1.53980988069272,0.61763081683156,0.374991971630074
-1.25365555336221,-0.406669746858407,0.647954769078093,-0.488499423578853,-0.608687575989985,-1.8107463261998,-0.528939418695367,0.248098768430758,-2.34831402439385,-0.0598766832619812,-0.0352992342454769,-1.58018873498353,0.0590197261540533,-0.29888955058801,0.747839676920634,0.326973735183287,0.379630034881163,0.935928343225142,1.56835195142498,1.01798608122996,0.685292430018278,-1.58980814276581,0.611981481536697,0.762061728469928,0.0362178348057166,-1.04173318871537,0.898034664619412,0.777688922764924,0.544877543404702,0.227012160715914,-0.563378926052105,-0.0733388224922474,-1.28168212511884,-1.81032345240321,0.0300411515968678,1.41321761605885,0.641435848426451,0.63540420922908,-1.67347563279036,-1.66669367856989,0.555253305759488,1.14357627017319,0.0966146890195229,-3.08504510924521,0.856388588804946,0.134625512881872,-0.137693560176093,0.129939351494564,0.986107266118893,-0.275364440039861,0.745946275682673,-1.74906130017805,-1.48715229500834,0.228664205065035,0.894369153059493,0.65695257083694,0.870105599392954,-0.247194291213612,-0.0646694017506266,-0.134499901628176,0.198309414871569,0.6911883395138,-0.598445945978443,-2.17731549133135,0.772061860057103,0.433707548135792,0.0847038784935623,-0.137947748393997,-2.67130101228419,1.05895780727348,0.865988279718127,0.183850201423576,0.84939690149008,-0.943180792477909,-0.893400452507742,-0.422587750267508,0.452703832044404,0.255185836135501,-0.866286076917501,-1.38607334625936,-1.79452619486023,0.42477624612266,0.14941416582505,-0.736196121578849,0.578185497042061,0.851580281365738,0.0511439553207829,-1.82818987199778,-0.180172607824123,1.27363877970781,0.527690531044898,0.21555141274345,0.510016783127786,0.336784197490613,0.164101974482437,1.04218317115801,0.023092887467298,0.288091969287367,0.547190226994741,0.0981791765084469,0.202226859822925,1.23497872248119,-0.38878489190784,-1.37329263389167,0.29138128135699,-0.0141142098047919,-0.0668385342518672,0.0224717394674205,0.125025939530075,0.15863960269551
0.552493551377685,-0.265584526137831,0.110101148503241,0.704583865360497,-0.147628340611428,1.28823164377953,0.184968957132473,0.703223042560317,1.86522961621705,0.0830908085475128,1.09518986482449,1.41337141037294,1.36140629827345,0.405501804702068,-0.0989475626628818,-0.538228419296984,-1.28664591336249,-0.613966968074639,0.693784574492233,-0.386850851556099,-0.414235577582633,-2.18319974017168,0.166209829200152,-0.221585654202629,-0.947611626791374,0.834573481685238,0.898034664619412,0.138929700634319,0.739590860010849,0.977271719637174,-0.134605330166708,-0.358524099683644,0.0613261975951968,0.997448927393789,-0.0965876939034751,-0.68921158902845,0.49303007812935,-1.937753184814,-0.2851698517576,0.820974669846767,0.555253305759488,-1.11238958452018,0.311883111924462,0.248796819788487,-0.658100915326119,0.369234898323995,-0.820427587684347,0.129939351494564,-0.774140952839553,0.926394770611402,0.0470081129621076,-0.693762226485626,0.601988549176789,0.618077837520946,-0.705177078969831,-0.16116031453447,0.279962134498468,-0.100473915217253,0.432722148797015,0.881962376272587,0.0453410764691355,0.433815988745722,1.68040206390238,1.09874798891337,-0.190217048672266,-1.27112297524646,0.870325243218058,1.37256092339475,0.896324853693883,-0.257114108792099,-0.507527361180707,0.136195509299007,-0.845074536081747,-1.1025054310865,0.552394667178999,0.302838354790688,0.316340443395806,-1.59752747560539,0.236204884038985,0.888708563963127,0.414136940431049,0.357684499976128,-0.758375146113422,0.305588499742104,0.97980811361901,0.335120532095586,0.0937724967968621,-0.0503553573269618,0.470679813705533,-0.280131408208002,-0.46247024483875,-2.3409643504059,0.535459927747184,0.395242166473757,0.164101974482437,-0.809742643247872,-0.841653454564107,-2.68995710384583,-0.183315202390597,0.39922734352154,-1.06471266867985,-2.2874783385993,-0.38878489190784,0.268949045794122,-0.826949953913933,0.517526085839947,-0.694868063256686,0.317609460069425,0.775727575845271,-2.95544757576125
0.858113653071349,-1.38541239817067,2.46467803436406,-0.719620286873719,0.871337061156552,-2.76502147992068,1.15674331507885,-2.04076613667066,-1.41490595697793,1.70293833427797,0.683522858032867,-3.35849200560707,0.168554248127918,-1.37579993229531,1.58838669535091,-9.19432157857802,0.434811587082506,2.78176101017276,1.27243801622712,-0.778480123870396,0.170954742204751,-1.02092884377685,-2.80575869936813,0.711780206510221,2.59708483498515,-0.386641186673269,-2.55522877325307,0.633131281980551,0.544877543404702,0.105745606810173,-1.00796086434622,-2.0169114792672,2.93519122086401,-3.36336724007506,0.442882615302953,1.41321761605885,0.121508334462706,1.89246301138449,0.372280112073803,-1.2530446132577,1.74324812459426,0.0293285176145222,-0.580370711481135,0.0783642770583618,-1.48813953273067,0.0575519844126968,1.70643535245617,0.395425423785261,-0.774140952839553,-1.7427997490674,0.960462941574635,-0.442444580627769,-0.980691281127149,1.99396824931045,0.776560218190415,0.317075779190974,0.049369863281352,1.32799623160642,1.0976127326491,0.280228806896855,1.41509416421335,-1.48849638049556,-0.422204973631621,1.7250234479446,-4.97321809222572,0.316856645166893,-1.42475037300995,1.76668360477821,-0.0732467292672677,2.35719577478046,-0.809045842030182,-2.9454551619662,-0.390603702611954,-1.43855203094521,-2.64327360706548,2.0305020433259,-2.72752530110816,0.461968957319528,-0.141618276622388,0.461399688503051,1.39713350558758,-0.889034579394214,2.31995927673033,3.65289834908435,-1.3471483069425,0.130583370715689,1.13889902408832,0.588651159512149,0.719192865075037,0.482050642961986,-0.46247024483875,0.182249071388069,-1.17658215824958,-1.31130720689282,1.26698347040496,-1.29555163039495,-1.41909276829017,-1.65965142171295,3.13708590976178,-2.45994403975822,3.51463761487405,0.38531292489796,1.02218354260005,1.49423505051199,-0.826949953913933,0.33460701613894,-0.146948185826239,1.2964801903908,1.58855210151397,1.15806251223238
1.12535036321767,0.414107576339251,-0.0955527899038466,-0.40577670137996,-0.317855409709165,0.626879914671431,1.46547367987338,0.448167964703673,0.992200709024405,-1.71631926574207,0.713126873744509,0.273121481292308,0.904836055645528,-0.231894032895758,-1.88035241447429,-0.0699970319666152,-3.93016413720806,0.0297435793967939,1.21792745753167,0.0394251624786782,-2.63105024310617,-1.58980814276581,0.382332784233331,-1.97223346138044,-2.13870988793889,0.972893292607063,0.83096882449212,0.920635034200052,0.638737524835939,1.17795548991803,-0.3921152075027,1.55616993114176,0.187637689066802,0.367330750596192,1.04322944991149,-1.25264489984212,-2.30944466546672,1.40791808877696,0.502898796744546,0.626614506188194,0.662530461888945,0.285543534628511,0.20123574903108,-0.450156451908745,-0.939734651332224,0.210009228687487,-0.964288297569632,0.0358907084326195,-1.38160667472595,0.352872903950517,-0.31274489026696,-0.319201818720592,0.657801178691339,0.504764596993262,0.340732822023507,-0.16116031453447,-0.979776125783151,0.341394681634852,-0.0646694017506266,0.881962376272587,0.737887121127277,0.463176691993171,1.21590770972657,0.947014564949923,1.63293558882667,-1.67250669369717,0.709315598736466,1.37256092339475,0.896324853693883,-0.934820853740003,-0.582606671852007,0.683740469126125,-1.72034576822506,1.87815462527382,1.26408137994246,0.565701175380366,0.452703832044404,-2.22038445999616,1.07745813547242,1.37167592973323,0.148667582104305,-5.26374517502707,1.70762979377286,0.45282041287535,-1.45410075364051,-0.383769005259302,-0.358749270119654,-0.538167041861984,0.493695905820507,-0.542374639865607,-0.569730536734575,0.118082675438347,-0.0198843611723051,-1.95773711743703,-2.24761401957066,-1.20223841404709,-0.669745183369127,0.773708986069034,-1.07194897639237,0.57332374969032,0.341876379205735,0.600717790807564,1.02218354260005,-1.37329263389167,-1.92728678631605,1.26253392103618,0.00505438616418639,-1.85901143612908,0.803355663647087,1.61567690195071
0.476435920929465,0.600453133597597,0.814933702020974,0.8674065230957,-0.462013772726153,0.706692252638666,0.586701735236387,-0.0626177455307243,0.86847440199958,0.16219579720781,0.625609739174059,-0.329408893161831,0.988073735193738,-0.231894032895758,0.581363016345332,0.326973735183287,-1.71897252539145,-1.10229373243944,-1.3785925702101,-2.17520724592917,-0.414235577582633,-1.96012281922748,-0.263584866939357,-0.298824325959062,1.32164055659471,0.715390954283278,0.514006673362506,0.138929700634319,0.434168662657934,1.17795548991803,-0.686155004395398,-1.60366481331597,0.0613261975951968,-0.455657840732264,0.876355076657441,-0.68921158902845,0.405986221081054,0.761068021627823,0.0755099496990596,0.742951184049879,0.22077009217355,-1.11238958452018,-0.104019831706868,0.445734113199329,0.535604052199237,0.667801233941684,-0.964288297569632,0.129939351494564,0.986107266118893,-0.476128811269176,0.222811725197329,-0.751433184825727,0.0323505369840331,1.16851123245545,-0.168705147081962,-0.619352194503971,-0.227005973936469,-0.353322396618914,-0.306692720155911,0.487096494624163,0.298347192851576,0.490800988722441,0.6945049256598,0.766970521280833,-0.685007987014173,-0.689756947509077,-2.219299075333,1.09085874013053,0.0187782917005832,0.12177660549128,-0.426703286669783,0.491013148974912,-0.390603702611954,0.683309282306283,-0.160352836571611,1.59375899186871,0.452703832044404,-0.950659065189372,0.345874592149019,-1.77134643330437,0.21928407832838,0.181631758436135,0.834626298009365,-0.0913297725067967,1.38837396777839,-0.571781554987692,-0.39774530783236,-0.419397066354193,0.169445404941116,-0.280131408208002,0.319217739704898,-0.207156830037988,0.267534903699709,-2.37853373212097,1.00882542766699,1.04218317115801,1.10739408003689,-2.49220852396275,0.547190226994741,0.743438390497619,1.20184994942361,-2.03838800866546,1.35998147737129,1.12520716122321,-1.4510796554704,-2.25167459222543,-0.553620197619085,0.416338069900617,0.694861194374961,-0.332361517915061
0.686945108710445,-0.829007281427248,0.171990719104071,-1.51321005213036,-0.745843292043968,0.393310607470023,0.871687041711536,0.588342309822108,0.615468161309756,-0.131750596698168,0.683522858032867,0.116243467363289,1.03016104827646,0.263905598812806,-0.0146988074907656,-0.0699970319666152,0.074896587760337,-0.444653280883618,-0.606708917330074,-0.386850851556099,-2.29472247849258,-2.41195618382194,0.491368064584563,-0.37995317494016,0.788217054755614,0.908412804558948,0.898034664619412,0.138929700634319,0.434168662657934,0.950962667347495,-0.874064936227355,0.229099819113219,-0.0491089794764972,1.53166876571905,0.635145194880408,-0.68921158902845,0.52345263493607,0.541507189096918,-0.152743279646356,0.559427262726268,0.326209902598418,0.66457110535936,0.150898825309346,0.248796819788487,-0.939734651332224,0.447317005235111,-1.4288979201923,0.234531525863372,-0.774140952839553,-0.0839473902948469,-0.0230632059251611,-0.0432580028872695,0.0323505369840331,0.797544810437065,-2.20045802973553,-0.935608449649961,-1.71504358228656,-1.27266536877705,-2.48516824346304,0.377258368894166,0.3559407800603,0.490800988722441,1.14935138513714,1.59569110323803,-0.449313301718551,-1.60220716857078,0.583949242923897,0.738183297224182,0.604433796198364,-0.459205322802417,-1.19082756516721,0.491013148974912,-1.04094411588783,1.41703014507322,0.814894224426917,-0.136214333460174,0.452703832044404,-1.99674837962043,0.109643553634606,0.937294792451754,-6.3979317243947,-0.0500283802805251,-0.15818396619987,-0.0913297725067967,-1.56016410903261,-0.182931947924634,1.25608313470448,-1.12747756745314,0.519221462139256,-0.803469172462657,-0.671727168514854,-0.207156830037988,0.139759586484982,0.659671017508959,0.508504686431176,-0.910582788328787,-0.757775706986254,0.340355948763682,0.349720395680479,0.743438390497619,0.390487861949256,0.228874888799418,0.521429124873582,0.414520177830943,-1.780223599535,-2.66584875562022,-0.195098339476327,1.36265550420036,0.803355663647087,-2.17546978376203
-0.604301363499689,-1.14063290219022,0.78008504450844,-0.719620286873719,0.0146731830798018,-0.478203303851904,0.279831943631821,-0.100161298253678,0.00420438194199789,0.16219579720781,0.0848768458785273,-0.461981378275993,-0.285311789507995,0.050228897334064,0.482174971869706,-0.0699970319666152,0.551821441481417,0.289781930692547,-1.53133823703337,0.297043285931027,0.259187859388538,-2.41195618382194,0.166209829200152,0.127377783953806,0.788217054755614,-0.159503158251437,0.421903641683467,0.138929700634319,0.638737524835939,0.254139876289663,-0.0414400515033642,-0.426933439200751,0.306452520343007,0.367330750596192,0.0300411515968678,0.858938062520851,-3.29921812669644,0.938782250893397,0.439896032908539,0.115593828109807,0.555253305759488,-0.325124235454772,0.311883111924462,-0.450156451908745,1.14444231925555,1.19181428263066,-0.309993580650438,-0.0483438903613928,0.504722088396298,0.119946639097128,-0.158709207561205,0.400680937970726,-0.174898667362867,1.01183896745424,-0.168705147081962,-0.48108353677271,0.16687918446827,-0.408895446161704,-2.48516824346304,-0.00210403490878362,0.3559407800603,0.604271091614942,0.0489104884378151,-0.580597745657265,0.690868290245467,-0.38487646801795,0.38558822171197,-0.137947748393997,0.0187782917005832,0.181076797907332,0.690614869328644,0.416211199837632,0.382297373656274,-0.105115394709426,-0.71432126344013,1.54920477461994,0.452703832044404,-0.296937823693273,-0.516042324943845,-2.24143105665917,0.287121429728431,0.357684499976128,0.764955337369381,-0.222675864570437,-0.74075723142523,0.616512591022488,-0.280356294065404,-0.167647072577024,0.00767537854667647,0.253847525066968,-0.766474146456713,-0.556083431353878,0.216212979910099,0.164850681089654,0.670333759305393,0.696806839980222,-0.0675211002283921,0.0353569397199814,0.463059034520902,0.0597930473995155,-0.0760137833690451,-0.103944073457703,0.189646939390699,0.20317024854613,-0.593070382852148,0.38683785080283,-1.01578809185767,-1.85901143612908,0.0195741693116114,0.44444582303101
-0.328387798832631,-1.02386040656152,1.00175989702212,0.464187215797509,0.611331323524278,0.22311814647297,-1.43493685363366,0.14727414653071,0.184204798900662,0.302034349309538,-0.298298155031608,-1.75269653283867,-0.502329271642542,0.988819282696655,0.747839676920634,0.326973735183287,-0.00730105050068718,0.685339986118193,1.65079227941788,1.01798608122996,0.518512122455168,-2.3452718431028,1.99400882189387,0.993919988007772,0.222412287258807,-0.0450930585037289,0.121159359699618,0.352967521176934,0.347231255923085,-0.79509067656831,0.312171760126572,-0.145050596587472,-0.515798442221809,-1.81032345240321,-0.481327005016285,1.87624850240135,0.677387741850337,0.59393909336655,0.552723744712966,-2.21601381392561,1.4374545976278,0.0293285176145222,-0.0506498045044974,-0.289032156764677,0.946028346472672,0.447317005235111,0.900759716428673,0.516985935082937,0.986107266118893,0.352872903950517,0.293413411970845,0.543620305054206,1.37558988646501,0.168400753434026,0.420464967608376,-0.48108353677271,0.049369863281352,1.27282833259747,-0.225725259452943,-0.39728346699894,0.3559407800603,0.261432684908198,-0.913664794892288,1.09874798891337,0.297906118775866,0.396473374586321,0.00215842527946903,0.675926343700556,-0.0732467292672677,1.05895780727348,1.48656567479772,-0.808374766494487,1.26802305937737,-1.28371488830211,-2.15686220638575,0.372984214366066,0.452703832044404,-0.188800735617395,-0.516042324943845,0.309120643843684,-1.51250988091312,1.45579739068464,0.594912746935094,-0.736196121578849,-0.582130020735302,-0.631723947955222,0.589038736479255,-0.891724641770572,0.148042134190016,-0.34491055627617,0.527690531044898,0.397267563108683,0.486024573779661,0.193197839313078,0.0376051718838479,1.04218317115801,0.918083861755433,-2.83362740401692,0.606743108799546,0.177319392927648,-0.171654391038555,-0.103944073457703,-2.04272697247135,-0.32376400794577,1.68417041100758,-2.6047223909179,-0.146948185826239,-1.85901143612908,0.189036756630502,-0.460058463257404
-0.873135336016176,0.414107576339251,0.965080297212234,0.310803929522712,-0.147628340611428,-1.42709569729138,-0.189351802849387,0.28049573296494,-1.41490595697793,0.00923931179234422,-0.0577430650294643,-1.75269653283867,-0.117936903099282,-0.855862120615401,0.69074397442868,0.326973735183287,0.074896587760337,0.746736759449524,-0.135857399113845,0.736203146655058,0.685292430018278,-2.27858750238367,0.382332784233331,0.407116331743455,-0.0761673099996124,0.397811194171091,0.220655422714582,-0.386344208938537,0.347231255923085,-0.290160548875249,-0.686155004395398,-0.717274310874747,0.703051358312176,-0.94971776683984,-0.302884345758881,1.87624850240135,0.847506133300033,0.485236142043523,0.703722790152478,-2.16752564559455,0.785229930942606,0.0791483438242048,0.369126577688234,-0.836167388267261,1.14444231925555,0.447317005235111,-0.137693560176093,0.810445858483529,0.72931481743086,0.926394770611402,0.701756143305907,-0.384961568656177,-1.48715229500834,0.433370010041899,0.488520265578915,0.0866180497627849,0.16687918446827,-0.0579517230604305,-1.33092227274125,-0.0906147768287268,2.2476905236866,0.753296111597919,-0.334860104762787,-0.421765088244575,0.933669711941209,0.236141652990412,-0.0768781543949232,0.318657103059116,-3.7491945269351,0.781843987428027,1.48656567479772,-0.340057653335626,1.05071705673358,-0.598962448061066,-0.531455420315175,0.233275614871001,0.452703832044404,0.461968957319528,-0.866286076917501,0.486916737953888,-0.481615591171273,0.241148796426806,0.460173121770026,-1.39623925467937,0.321160932684757,1.15092301397104,-0.157335395104188,-0.299868275325809,0.645244524200999,1.19447756484671,1.06159263646821,-0.492249292382271,0.486024573779661,0.659671017508959,-0.198112177375937,0.372859796619264,-0.0675211002283921,0.340355948763682,0.518835874507178,0.177319392927648,0.0140958471014687,-0.769425946466235,-0.616431144368254,0.717037579021132,-0.200273534157182,-2.54359602621557,-0.105533375802682,-3.22089227340875,0.385449815611198,0.40986764962848
0.188908750199119,0.0957265044797504,-0.0955527899038466,0.654412862587069,-0.317855409709165,-0.0863525328205543,0.0930998090853591,0.664853025585996,-0.17207034250768,0.368744580281366,0.41901412013635,1.41337141037294,0.0590197261540533,-0.855862120615401,0.409246271897368,0.326973735183287,0.434811587082506,-0.0205000009330872,-0.019148686966424,-0.125181500576063,0.259187859388538,-2.3452718431028,-0.693976912410123,0.324158250641276,-0.258047274649962,0.0540471939263062,0.336806804760655,0.0728546278356824,0.544877543404702,0.283502574220833,-1.05311076663472,0.457787073164242,-0.16286844177355,0.367330750596192,0.442882615302953,1.10613001832032,0.15263099249513,-2.13453641006837,0.654893455978745,0.410859569009365,0.22077009217355,0.692669806661128,-0.161141387163702,-0.0738498339034697,0.377533110854386,0.529161089627152,-0.355618583351663,0.180806827421941,0.617989716850761,-0.0839473902948469,0.0823244643446123,0.323962429432162,0.601988549176789,0.168400753434026,0.0996816413553434,-1.25579476904787,-0.340276197990561,-0.891252757336178,0.181975057766068,0.377258368894166,-0.0936945741623155,0.57570841031577,-0.0473750346873127,-3.57106764026842,-1.65552156750195,-0.785925096643762,0.534012320993813,-0.321298368954176,0.488694881684167,-0.65611113255712,0.0417165412178066,0.3509242668138,0.46554148422261,-0.273730405962525,-0.0566522466721415,0.631503039751444,0.452703832044404,-0.755041485005894,-1.17535497877588,-2.17205308316943,-0.184095202320053,1.19623269268496,-1.34217115705561,-0.222675864570437,0.052334229024484,-0.319922918395546,0.0937724967968621,-0.538167041861984,0.188347706092378,-0.414337425422163,0.219349160109761,-0.0284523180886817,0.461469554074334,0.499135601859275,0.192274658177391,0.696806839980222,0.023092887467298,0.160620347050938,-0.152802740564641,0.507298306596989,-0.379939137774408,0.194491693447452,-0.187411401394768,-0.4574183345436,0.29138128135699,0.221609287116966,-1.09154315689464,0.317609460069425,0.363635120085996,0.40986764962848
0.900955861576334,-0.0782813954360333,-1.00775871187457,-0.150585228493439,-0.317855409709165,-0.844902325995755,1.15674331507885,0.14727414653071,-0.601913788367041,-0.753979329584952,0.742780477034273,-0.851304755113667,1.69915890093681,-0.559658423602394,-1.18750988909157,0.326973735183287,0.169686517934427,-0.38743572151944,-0.135857399113845,-0.52858111421953,-0.244185611758759,-0.921246811649488,0.166209829200152,-0.785826303925388,-0.621792873953286,-0.27185250986609,0.974874781465142,1.40317972822447,0.544877543404702,0.977271719637174,0.572429336182081,-0.643566538836654,0.0613261975951968,-0.127488091919065,0.808581855231521,-0.431351338931425,0.350372984980579,-0.405526707199126,-0.698070511396257,0.793441632576187,-1.27198084594704,-0.553949278026434,0.254147133327512,0.205748744613248,0.304765374001644,-0.0549110999573789,-0.309993580650438,0.722952075830593,0.189351884654359,-0.275364440039861,0.405699725498669,-0.0432580028872695,0.793559822220161,1.06825204526884,-0.168705147081962,0.38642981163221,-0.74597512260382,-0.408895446161704,0.257125522607431,0.327916617446788,0.856036338518347,-1.36822637079802,0.745137591199751,-0.943889197620687,0.297906118775866,-0.959753798890575,0.286595255937932,0.478529053128051,0.290948929480979,0.445920001649797,-0.114140707394262,0.57696371832223,-0.0495103957472203,-0.943180792477909,-0.160352836571611,-0.136214333460174,0.452703832044404,-1.79814786147873,1.97843123097085,-0.69050629399114,-0.0881330012720329,-0.51822071314966,-0.510317551456847,1.15201268612649,-0.582130020735302,-0.631723947955222,-0.672637276489567,-0.299868275325809,1.29953853206042,-0.542374639865607,-0.372265573674104,0.344804716053644,-1.06785777667075,-1.19803634745835,0.354773311150629,-0.0559069300933451,-1.02222000050834,0.313261041449811,0.237816043226664,0.885547787118974,-0.936953800354029,-0.878366764008359,1.39337689508015,-0.4574183345436,-0.200273534157182,0.544829050471456,-0.146948185826239,0.913472167935795,0.855418263903379,0.250775219701398
1.1675883767689,0.479244354739696,1.09898240118176,0.704583865360497,0.611331323524278,-1.741285440359,-0.251431263783763,-1.76166523592132,1.39250810994538,1.19023234375622,0.835772552686681,-0.851304755113667,-1.67482421054596,-0.614796520720155,1.01562885976944,-2.26714409477574,-0.157613161678313,1.38087217451196,-0.019148686966424,-0.52858111421953,0.941788452602195,-0.8236830798543,0.166209829200152,0.663741112788527,0.222412287258807,1.0584968534826,-1.25728926059178,1.07526118993277,0.638737524835939,0.655022252687338,-0.43519803782012,-1.13251121780185,1.17385798676142,-1.15037190034653,-0.627102003638317,1.87624850240135,0.677387741850337,1.08102060287105,1.58462173394462,-1.10962134925714,1.28590475334088,-0.453282197687154,-2.30098014756184,-1.82015181369107,0.946028346472672,0.405654032534241,-7.12111407676869e-05,0.579741566193409,1.27212834462184,1.30734557632398,1.26716374077127,1.86143217406309,1.04612355272643,0.682561185136163,0.894369153059493,0.65695257083694,0.049369863281352,0.42821451020627,0.382525796454391,-0.951988603973688,0.576409518224325,-1.25051216775946,-0.797897347998548,-0.763894234544096,0.933669711941209,-0.224540036745522,-1.25788243107263,0.478529053128051,-1.4723666580637,1.6614169237815,0.277716265988363,-0.891663758279527,0.84939690149008,-1.06447307253637,0.681270209919537,0.165908247596638,0.189432740202247,-0.499822152932525,0.109643553634606,-0.589001594011328,-0.669072460048411,0.42477624612266,0.764955337369381,1.15201268612649,-0.308837135562799,0.460612899527485,-0.511866479372229,2.2794165831568,0.421465186294082,1.7711748687799,1.06159263646821,-0.857483343325859,-0.96144385053407,-1.08717255872705,1.26698347040496,0.696806839980222,-0.0675211002283921,-1.48480110757672,0.377978379569275,-0.240657179110568,0.109381743719605,-0.769425946466235,0.323742282344279,-0.32376400794577,-1.25693880421473,0.38683785080283,0.237511705895664,1.21922353400023,0.669275792462305,0.343030611555894
0.751085464208873,1.1916674320222,-1.00775871187457,0.415572942349488,-0.317855409709165,0.626879914671431,0.428981751774131,0.345860834730018,1.1204857621327,1.07664401234348,0.190676271386193,0.63112250730534,0.398118159059124,0.331043642596542,-0.0673196454111219,0.326973735183287,-3.02325934339906,-1.31645287625454,-1.53133823703337,0.736203146655058,-1.65448806310052,0.278138001390515,-0.36206921155806,-4.10316353549974,-3.18048897214414,1.00312185368556,0.772262158729379,-0.227623732090386,0.544877543404702,1.04793749627198,0.417444805737501,1.55616993114176,0.563099003252063,-0.127488091919065,0.693560454294474,-0.814283989637709,-3.29921812669644,0.63540420922908,-0.988934969517549,0.626614506188194,0.444746926165228,1.02109406722287,-0.580370711481135,-0.622160540746581,-1.01537680453861,0.288096447500778,-1.05050181918827,-0.122755631928192,-1.2505239870097,0.619746194045787,0.0470081129621076,0.323962429432162,0.0323505369840331,0.112139496363442,1.67221179233738,2.62283869124927,1.20998357650201,-1.46836042522175,0.90135121531742,0.676060591631102,-0.0516458938374494,0.0256491862818563,1.07991310830113,0.230367890308571,-0.0158445299433329,-2.01124038054823,0.709315598736466,0.873580247636732,0.750366074565912,-0.934820853740003,0.365257438582955,0.844739916611451,-1.77738439308175,1.47258408919751,0.552394667178999,-1.21606236828605,0.452703832044404,-1.51222781410982,1.54497812707597,0.40233668383558,-0.272753107733375,-2.51998742922145,-2.36512414649421,0.867142322794583,-0.00428273760841776,-0.319922918395546,-0.708672664030729,-0.774274592083467,0.397427714494834,0.562695160642756,0.0213958695093279,0.590609782382824,0.0500540242063284,0.395242166473757,-2.82010701899821,-0.809742643247872,-1.34754541524549,0.523609937810427,1.67807840807085,0.649189746375325,-1.94970079560488,0.736975802175981,1.49787845873916,1.55632512823516,-2.23135406430978,1.26253392103618,-0.758120434104101,0.317609460069425,0.363635120085996,0.00672408555853474
-1.58944160249892,-0.199443537740796,-0.013779072725401,0.0629643894486045,1.19434327351285,-0.627733021419256,-0.397679591226105,0.213665397289101,0.00420438194199789,0.801935280292361,0.0126663425562319,-0.851304755113667,1.07017882659486,-1.25694806420108,0.457118723717181,0.326973735183287,-0.757150165739252,0.560299091662518,-0.019148686966424,-0.161409781137888,-0.326111518989493,-1.83243366049528,0.611981481536697,0.089707641702829,-0.32828878978015,0.397811194171091,-0.0944648478698775,0.138929700634319,0.544877543404702,0.929635430042308,-0.686155004395398,-0.717274310874747,1.34839995154814,-0.455657840732264,0.0300411515968678,0.858938062520851,1.09160241090511,-1.5118632307737,0.748647759140954,0.494818731665679,1.14995449688661,-2.15766709650564,0.0966146890195229,-0.0738498339034697,0.377533110854386,-0.218148955670141,-0.137693560176093,0.646587745837256,1.27212834462184,1.88174841942471,0.614359638075443,1.07755639833175,1.04612355272643,0.925305551144248,0.0996816413553434,-2.39900941163553,-1.62269979509143,-0.818896405187095,-0.548735546806314,-0.134499901628176,-0.00354280027215397,0.519521759426751,-0.187667062853837,0.495100434812749,0.933669711941209,-0.994659500434836,-0.0369218499069523,0.547598692891188,0.327149689473485,1.05895780727348,1.85359197032512,-0.243200702168476,1.39521450590972,-1.61741180236844,0.05188900763362,0.527865041070942,0.452703832044404,-1.24634722800184,0.660792152405269,-1.63849942643716,-1.20655731542097,1.06667613037037,0.0275414685334742,0.17248993300883,-0.366386111479755,-0.319922918395546,0.404981371182565,1.18579819622485,0.169445404941116,0.806471814100092,1.06159263646821,-1.95821448619579,0.535459927747184,0.526787649936783,0.0138080183742826,0.86404454682653,0.54490402101857,0.288091969287367,-0.000852159229504287,0.302200203474822,-0.820043220607521,-1.8958087828856,-0.38878489190784,-1.70566973336197,-0.593070382852148,0.435507793816143,-0.553620197619085,0.416338069900617,0.231000715474393,0.478717895060612
0.338975959904114,-0.490647087024665,-0.013779072725401,-0.310151235543215,-1.01707034033396,-0.244217572175121,0.140600437331627,0.380072665293981,-0.519553823289806,0.0830908085475128,0.13647573552169,0.116243467363289,-0.328436223922829,1.36366604561977,-0.334446284945062,0.326973735183287,1.03026658614235,-1.40219746773992,-0.606708917330074,1.15109499644414,-0.655746855699943,-2.27858750238367,-1.11448030017813,-0.81555859159527,-0.947611626791374,-0.0450930585037289,-0.0944648478698775,-0.14930295497882,0.544877543404702,0.524341591109057,1.38979824939564,-0.216389585670372,-0.954822098099357,0.367330750596192,0.309207629545625,-0.814283989637709,0.183442200208398,-2.05357022647878,-2.67837807571212,0.302944315393067,-0.739126215334261,0.871267563452843,-0.28298727206571,-1.36411501810489,0.304765374001644,-0.458589671727566,-1.61110740060602,0.0358907084326195,0.504722088396298,-0.646147970160618,0.450005077522234,-0.871717913018574,-0.333231664751118,-0.362307016240468,1.46598877568693,0.842569329496472,0.107156311616164,-1.18600679630843,0.181975057766068,0.81281007804898,-0.00354280027215397,0.229974042279169,0.099192217513,-0.421765088244575,0.8515600769889,1.1815667453289,0.559950069954933,-0.0279126066016991,0.066539251563574,-0.934820853740003,-1.04357853469924,-0.00135914663114088,0.302765739103129,-0.187804562005594,-0.445806467614865,0.165908247596638,0.452703832044404,1.24106087915176,0.796154997777596,-2.10267510967968,0.552566187642237,0.116086865229151,0.685172185700639,-1.14135341680331,0.446252865089153,-0.113353582366815,0.185852459574788,-0.891724641770572,0.324407649702181,-0.803469172462657,-0.372265573674104,-0.0284523180886817,0.486024573779661,0.741530089391808,-0.0284303732947688,0.86404454682653,1.20240222432197,0.313261041449811,0.349720395680479,0.57332374969032,-0.474271747607813,1.79363713773168,1.11334343880024,-2.31686397736452,0.104922940500587,0.435507793816143,-2.16685291315128,-0.53710645642896,0.125025939530075,0.374991971630074
0.188908750199119,0.543729297091933,0.321299790974471,0.0629643894486045,0.611331323524278,1.37176634042789,0.0930998090853591,0.448167964703673,1.39250810994538,-0.470533229504553,0.713126873744509,1.88412977458794,0.200365175082794,-0.29888955058801,0.239027908935885,-0.0699970319666152,-0.96117837504383,0.801856087127368,-0.606708917330074,-0.0044387021321398,0.170954742204751,0.572319579761331,0.382332784233331,-0.261137914666573,0.652864436352302,0.338729326818741,0.469086561207207,0.493246601868399,0.739590860010849,0.163104018308134,-1.05311076663472,0.794068029042226,0.563099003252063,1.53166876571905,0.0300411515968678,0.643809294378102,0.322809346449832,0.541507189096918,-2.775667949396,-2.21601381392561,-0.112310170458325,-1.90625609126458,-0.104019831706868,0.879027505064124,-0.658100915326119,1.04314973380843,-0.820427587684347,0.180806827421941,-0.416925281988632,0.926394770611402,-0.422503594866748,0.172233317702021,-0.0213750468788175,0.654625880533749,-1.41060148270405,-0.935608449649961,-0.17289547659163,-0.818896405187095,-0.548735546806314,0.81281007804898,0.576409518224325,0.377205388414875,1.14935138513714,-0.146381735850421,-0.278557594784309,-0.959753798890575,0.762167146901057,0.404604315500442,0.447891585159421,0.748058725015786,-0.114140707394262,0.0877092835192803,-0.774411320966541,0.882853169869438,1.26408137994246,0.337036753298293,-3.66798058102321,-1.34409975837264,1.03395486472995,-0.0283065781095995,0.350485704685501,-0.208141669990503,-0.758375146113422,0.45282041287535,0.321160932684757,-0.182931947924634,-0.201235785291738,0.323769132408869,0.397427714494834,-0.482655394558485,-0.269954191798191,-0.43776372302328,0.319287040884654,0.472326561842096,0.746778744779406,-0.334634991400181,-0.0675211002283921,0.340355948763682,0.606743108799546,0.39922734352154,0.294810937948259,-0.769425946466235,-0.121372294466173,-2.40821606578347,-0.0578173804619865,0.412483898287734,0.278647499705768,0.834200968825634,0.363635120085996,0.221847656137568
0.269870842267703,-0.137646439925263,0.265301010521051,-0.00609224350436449,1.68137646502849,1.72313152140349,0.184968957132473,-0.202598769171772,-0.17207034250768,0.839720553176317,0.301720610973908,-0.461981378275993,0.297745437025038,0.988819282696655,0.185216737553851,-1.34607387055072,-0.691457205692071,0.39421178849729,-1.3785925702101,1.60738064393761,-0.965010094090368,0.350532454978035,-1.53197802697318,0.089707641702829,-0.0381520266074411,0.338729326818741,-0.00177460333601961,0.421742147358689,0.739590860010849,-1.53468929981613,0.417444805737501,0.457787073164242,-1.3815923968917,-0.455657840732264,0.228357654431017,-1.79323216611504,-2.75526174555706,0.30055409095814,-0.555728800582011,-0.00903357042409886,-2.28398061787169,-0.453282197687154,0.634663267472269,1.67689538230013,1.14444231925555,-4.07506092758943,1.00675644356984,-0.0861839628256727,0.72931481743086,-1.13690608568285,0.186536054827511,-1.80574602760763,0.657801178691339,-0.0594183311705819,-0.168705147081962,0.0866180497627849,-0.74597512260382,0.341394681634852,-0.548735546806314,-1.13485745742035,0.090952464805129,-0.171814670647523,-0.951329279863928,-0.0542612996788911,0.297906118775866,0.879784646137797,0.458093498199528,-0.686327843152894,0.0187782917005832,0.53353952392429,-0.887807872310645,-0.171185160223252,0.745578779894836,-0.983157240232883,2.57149779387928,-0.239743377436388,0.316340443395806,0.776793143678704,0.236204884038985,-1.77134643330437,0.0730872551553316,-0.362311251252345,0.764955337369381,-0.879145897940965,-1.05330985909321,-0.031193095846009,1.03691482609439,-0.891724641770572,0.470679813705533,-0.200220542613056,1.69553004514252,1.6147606229866,0.486024573779661,0.219483764423909,-2.50547823534772,1.04218317115801,1.00639136616946,0.471205500674912,0.606743108799546,-0.212313093222233,-0.223051007080338,0.0407916297150105,-2.20708206706571,0.858820866714434,-0.200273534157182,0.92155660932737,1.23006227356129,-2.59121174758495,1.54440099576505,0.789319417007701
0.751085464208873,1.25533896480163,0.46116459957454,1.16220355837633,-0.462013772726153,1.02907165892861,0.229538410747116,0.14727414653071,0.738515501471028,0.00923931179234422,0.217857764336227,0.116243467363289,-0.248219690661486,-0.372670340101991,-2.49529514860027,0.326973735183287,1.16022095247355,-1.9547320310438,-0.37434277436055,-1.85147747965177,-0.414235577582633,-2.18319974017168,-0.0485288446683878,-1.09960896612637,-1.56351511999975,0.796032817794011,-0.211255276175524,-0.306644032049066,0.544877543404702,0.254139876289663,-0.134605330166708,-0.785743127241946,0.429388167953716,0.367330750596192,0.442882615302953,-0.431351338931425,0.405986221081054,-1.937753184814,-0.152743279646356,0.793441632576187,-0.112310170458325,0.840403513764135,-0.161141387163702,0.601966472172981,1.2446913407695,-0.218148955670141,0.31926141632176,0.0358907084326195,1.11961294558315,-0.0839473902948469,-0.388183999722379,-0.507533188568746,0.359413078471313,0.33519546135434,-0.035731277716377,-0.241353955228654,0.940499634167929,-0.657318583368604,0.550350893196282,0.549713515613749,0.737887121127277,0.350665405302878,0.152068796312673,-0.0542612996788911,-0.0158445299433329,0.433707548135792,0.790097820990198,0.547598692891188,0.569202716043635,-0.257114108792099,-0.0363792375456085,0.57696371832223,0.0838412962623624,0.277367028320751,-0.255696636858688,0.302838354790688,0.452703832044404,0.776793143678704,0.726148967506187,0.40233668383558,1.33121243896864,-0.260100741547911,-0.15818396619987,0.583427934754856,1.04637960024318,-1.47832843910528,-0.904377730148276,0.460260568874707,0.769435920953469,-0.0527925390317787,-0.372265573674104,0.717347365041398,0.715284731640261,-2.63202088538305,-0.0718699345430363,1.47884924434096,0.918083861755433,0.237287368956469,-1.17506569314219,0.507298306596989,0.694940008894936,0.541717016000965,0.233604362099709,-0.996635514108259,-0.474281836162509,-2.45615859970389,0.00505438616418639,0.834200968825634,0.340255281714331,-2.95544757576125
-0.193362677216746,0.953077499039462,0.890661814804039,-4.52333795589787,0.871337061156552,1.63285866125569,0.0436531861561622,-3.68536852329489,0.184204798900662,1.07664401234348,0.390625666133191,-0.187636379705822,-0.328436223922829,1.67953076447425,0.506708035950366,-0.0699970319666152,-0.446067547411685,1.57801014427071,-0.606708917330074,0.527927024399203,-0.965010094090368,0.619549812907084,2.15690958585578,1.11552239012294,1.0084638470172,0.796032817794011,0.772262158729379,-0.0716481428401809,-0.850736745325749,0.067701706142336,-0.22073315403058,0.149483785295026,-0.736324164541109,-0.94971776683984,-0.366198769517768,-1.15144920765883,-0.0306156340050371,0.968561415757681,0.230543045197997,0.32270369435981,1.28590475334088,-1.21348610608658,0.736762391151303,-0.344059806333888,0.148579770774678,-0.0916490886489508,1.38006598209834,-0.60577078107217,0.0877589892563166,1.88174841942471,-4.11118346506509,-0.190021249634241,0.725725390634462,0.0594858205912099,0.953225557412626,1.3877611590664,1.14288099436368,-0.818896405187095,0.745123870035281,-1.06426316205706,0.298347192851576,-2.89081863454007,-1.03017284739633,1.22806589143074,0.690868290245467,0.758037638687045,0.312421249018563,0.0663395961000464,-0.0210885434879448,1.45049341528197,0.530216842481124,-0.459730819224975,0.0838412962623624,-0.0602780400183178,-1.6570115474837,-1.08878485872954,-0.0778040097581363,1.04562482453674,0.53601944250532,-0.13886157815521,1.06272183817681,-1.26072691816737,0.352624220909551,-0.615977004682094,0.254021510704055,1.67740305671349,0.94790330192008,0.204433545604692,-2.32617856433214,-0.0527925390317787,0.319217739704898,-0.329384134120232,0.587735050870366,-0.223846917231696,0.608798921657954,0.0803979831596145,1.64428687912206,0.0353569397199814,0.518835874507178,-0.37091167375896,-0.523868340007858,-0.65848690122509,-2.49421551525841,-0.730530783867577,2.11744884108152,0.38683785080283,-0.450901792902486,0.20194111201723,-0.0967427008762374,0.40986764962848
0.188908750199119,0.543729297091933,0.711179202459116,0.704583865360497,0.187553873101637,-0.41003358953983,-0.0707983740245965,-1.37082504402979,0.738515501471028,-0.215956551278354,0.190676271386193,-0.966366134864232,-1.28453030905209,-0.677229957361976,0.954972965421897,-0.538228419296984,-0.00730105050068718,0.345236807415506,0.311266908669025,-0.314507346967011,1.30382767001185,-0.54746909410828,-0.263584866939357,0.576885968352401,0.0362178348057166,0.158570593484607,-0.124022202310617,1.40317972822447,0.739590860010849,-0.290160548875249,-0.520678859693284,-1.13251121780185,1.00859862840905,-0.719819997200803,-0.302884345758881,1.41321761605885,1.0206234689402,1.1091073704604,-0.152743279646356,-0.908777941467371,0.326209902598418,0.262750193588984,0.425863298828526,-1.36411501810489,0.535604052199237,0.173471018531423,-7.12111407676869e-05,0.579741566193409,1.27212834462184,0.926394770611402,1.17945769500103,1.38216194419624,0.245029449214964,-0.0594183311705819,1.14083285334959,-0.335307126039504,-1.47082762771122,0.0666872361231444,-0.401552482098335,-0.442625780033712,0.576409518224325,-0.917249913416308,-0.55576451212431,-0.254308087614388,0.690868290245467,-0.38487646801795,-1.02420816390894,0.246915593609955,0.146001383320961,1.28155072225118,-0.114140707394262,0.0877092835192803,0.84939690149008,-0.314641468425157,-0.0566522466721415,0.200740314039534,0.316340443395806,-1.0017578825169,0.461499178926393,-0.301630280537638,0.148667582104305,0.241148796426806,-0.0452467680330441,0.45282041287535,0.321160932684757,-0.031193095846009,0.00582575223731775,1.01721347371191,0.371571674020336,1.27363877970781,1.17258592545003,0.981161751720932,0.715284731640261,-0.773304603935599,1.00882542766699,0.372859796619264,0.023092887467298,-1.23994868988181,0.237816043226664,0.177319392927648,0.154900919646141,0.736975802175981,-0.38878489190784,1.02337046952215,-0.474281836162509,-0.956762085503126,0.00505438616418639,0.20194111201723,0.340255281714331,0.44444582303101
-1.25365555336221,0.414107576339251,0.647954769078093,0.555210326841794,1.19434327351285,0.466675706742454,-3.53635721817216,0.180281771516588,0.00420438194199789,0.721335584188348,-2.29623301920066,-1.58018873498353,0.200365175082794,0.843198784716868,0.69074397442868,-0.0699970319666152,0.834620141401044,0.0297435793967939,-0.935610857806372,0.239784761629477,0.259187859388538,-1.58980814276581,0.166209829200152,0.450957528582374,0.149534477004913,0.526800273562845,-0.772531150991361,0.138929700634319,0.434168662657934,0.377566640578297,0.572429336182081,-0.287609279716521,-1.61336438657805,-2.23308661521558,-0.0329449879133152,0.858938062520851,0.183442200208398,0.0483033070707128,0.439896032908539,0.881085443773277,0.90064711542394,0.131837853845409,0.150898825309346,0.601966472172981,1.14444231925555,0.489656228582991,-0.627896608180107,-0.0483438903613928,0.86077126013844,-0.819133818088062,-3.23082084397583,-0.319201818720592,-1.64276203349219,0.821677648380697,0.698794175915616,0.242643540324078,0.730884639927369,-0.353322396618914,-0.225725259452943,-1.17112933002876,0.298347192851576,0.782504382587901,-0.422204973631621,0.128979421108261,1.09347595863194,1.00639092701243,-1.90601656572935,0.404604315500442,-2.67130101228419,0.577313538500917,0.119943132657722,-3.49876447904587,0.948236093996266,-0.943180792477909,-0.531455420315175,0.372984214366066,0.316340443395806,0.946369836019902,0.345874592149019,0.233648840465078,-1.51250988091312,2.162169398613,0.643529121910537,-1.78087643297775,0.446252865089153,1.67740305671349,-0.201235785291738,-1.23544000501992,0.148042134190016,0.409334435552831,0.219349160109761,-1.69346572813305,0.68946399820642,0.526787649936783,0.354773311150629,1.04218317115801,1.51953535674611,0.185778416196311,0.998808408278727,0.39922734352154,-0.274888398716937,0.658698215258292,-1.73043154885542,1.71662991345034,0.505629716605009,0.412483898287734,-0.195098339476327,0.317609460069425,0.125025939530075,0.15863960269551
-0.0558608811627211,0.282130038976662,0.746931986081814,-1.02758368556612,0.871337061156552,-1.68018454163367,-0.709434535662434,0.588342309822108,-0.428448295097238,0.368744580281366,-0.0577430650294643,-1.58018873498353,-0.990968998418846,-1.14496950011972,0.607821099924491,-0.0699970319666152,0.834620141401044,0.935928343225142,-0.606708917330074,0.0853365588185812,0.941788452602195,0.429445075347753,1.55486740196851,0.619573285371021,1.24866123458519,0.283435903785448,0.336806804760655,2.54104681334377,-0.519108118483201,-1.96075950622631,0.417444805737501,-0.145050596587472,-0.515798442221809,-1.81032345240321,-0.45273223629416,0.291684839483377,0.350372984980579,0.720431471434388,0.597887438555126,0.410859569009365,-1.06621081035575,-2.61997620121566,-0.647732001272966,0.407220439731868,0.377533110854386,0.622144915579953,0.759968092761443,-0.0483438903613928,0.504722088396298,0.619746194045787,0.26030299367898,0.543620305054206,0.0849543100491295,0.654625880533749,0.553964171623195,0.178254443083605,0.398493394369671,0.108435860919208,0.327148779410203,-0.907687890352508,-0.674040847467936,0.0788751781662283,-0.991361276951788,-1.31169521245885,-1.3085114386993,1.05162821258147,0.00215842527946903,0.0663395961000464,0.146001383320961,1.6614169237815,1.36833236167105,-0.693475561204462,0.84939690149008,-1.06447307253637,-1.23388902991241,-0.954596396827555,0.316340443395806,1.04562482453674,-1.50066905487057,-0.0283065781095995,-2.22429925866968,1.32559807426609,0.867288161355249,-0.353459696161215,0.121237322725659,0.851580281365738,0.404981371182565,-1.4858914202971,0.324407649702181,-0.988347781522153,0.95431985465536,0.296667523618845,0.111128002772255,0.395242166473757,1.26698347040496,0.0803979831596145,0.918083861755433,-2.92092550264458,0.576475984863502,0.4496714836222,1.3789828783087,-0.878366764008359,-0.74431371053514,-1.70566973336197,0.771791441353561,-0.13360675996873,0.237511705895664,-1.85901143612908,0.231000715474393,0.0840190204230011
-1.0633954446892,0.479244354739696,0.814933702020974,0.195268675425012,0.187553873101637,-1.10971048560376,-0.189351802849387,0.345860834730018,0.615468161309756,0.908938518029037,0.0625061582607485,-1.48299766342662,0.0958619313764391,0.193935226842421,0.954972965421897,-0.905920896104469,-0.993278037510866,0.801856087127368,0.440977221613979,-3.89616925114086,0.518512122455168,0.918299013960174,0.611981481536697,0.931211249512129,0.334493076279273,0.751038353001922,0.0605541199229528,0.209000681116338,0.544877543404702,0.417711965307506,-0.686155004395398,-0.358524099683644,0.563099003252063,-0.455657840732264,-0.275591309644149,0.291684839483377,0.847506133300033,0.869853946437141,0.552723744712966,-1.56673201297888,1.28590475334088,-1.76380382053525,-0.0506498045044974,-2.85807127844218,0.609639806209828,-0.381804383894813,0.408418365147648,0.451165806532341,0.617989716850761,0.619746194045787,0.960462941574635,1.22936984976087,0.413205831423587,0.744813452433694,0.340732822023507,-0.0840438336219801,-2.1752556013527,0.0216648575036164,0.181975057766068,0.0905719525153285,0.856036338518347,0.721992229585326,-0.284574058590939,0.128979421108261,0.772061860057103,0.010263890824871,-1.78971467059376,0.404604315500442,-2.45616292576317,1.20932138946123,1.26134810642108,-3.36505277615453,1.05071705673358,-0.395119052445024,0.681270209919537,-0.566210579850271,0.0397437080453976,-0.0289766419760774,0.53601944250532,-1.24304592278538,-0.272753107733375,-0.0500283802805251,0.460173121770026,-0.222675864570437,0.384998947241983,1.40470846581909,-0.595021938747244,0.721494679446484,0.148042134190016,1.27363877970781,1.06159263646821,0.481457408487914,0.612707482368402,0.924071493230541,1.26698347040496,0.696806839980222,0.54490402101857,-2.04207432056437,0.963133215958884,0.507298306596989,0.0610013259466042,0.0407916297150105,-1.55348148976865,1.49423505051199,-0.935951995131237,-1.78620856527118,0.115785910477016,1.2964801903908,0.669275792462305,0.40986764962848
0.405429402334619,-0.199443537740796,-0.0955527899038466,0.195268675425012,0.0146731830798018,1.28823164377953,0.534582884444985,0.413570139713662,1.39250810994538,-2.89973484262054,0.713126873744509,0.849841538742818,-0.0826872931585809,0.551165408988306,-0.379197940482652,0.753522145096841,0.620308517118873,-2.73043245130995,-1.53133823703337,-0.0447677644000353,-0.244185611758759,-0.724329802545397,-0.151882565262631,-1.45782338244703,-1.17108004628017,0.572968012939976,1.33823972676585,0.997325711446085,-0.688657051960118,0.884285700365097,-0.0414400515033642,-0.858418848256575,1.00859862840905,0.997448927393789,0.585675693837015,-1.04552977778325,0.379030689818338,-2.21550259365796,0.654893455978745,1.26010690168659,0.101909365120004,-0.765555625532439,0.586797514373822,0.0783642770583618,0.0748949218036167,0.903408393496725,0.363149856536674,-0.474409216336751,0.398804723872355,0.926394770611402,-0.680530942931863,0.250863060834346,-0.604387031401376,-0.362307016240468,0.999771408831722,0.955144495668003,2.21021482415537,-1.27266536877705,1.33814236720858,0.229532118521524,0.147218186593889,0.292623833331227,0.196537390595155,-1.31169521245885,0.458853486472883,-0.0908471574561021,0.583949242923897,0.942056327644447,0.146001383320961,-0.934820853740003,1.04960368449264,0.683740469126125,-0.122092157292625,0.0800278461485664,0.172884808728555,0.665989175913325,0.316340443395806,-0.755041485005894,-0.0146381613693576,-0.301630280537638,1.53013785614837,-0.94677289018921,-2.36512414649421,0.17248993300883,0.384998947241983,-1.43268288438229,-0.157335395104188,1.52596427908991,0.371571674020336,-0.0527925390317787,0.95431985465536,0.296667523618845,0.612707482368402,0.632770550246621,0.0831510932410992,0.221725106356369,-0.416659291001562,0.106461696164542,-0.714396779649259,0.4496714836222,-0.936953800354029,0.113490912566576,0.189646939390699,0.858820866714434,-0.935951995131237,0.33460701613894,-2.47331611998113,0.834200968825634,0.0426366867939387,-2.49438652681774
-2.3914824608334,-0.829007281427248,-0.013779072725401,0.464187215797509,0.187553873101637,-0.00948830865904268,0.279831943631821,0.180281771516588,-0.765162591612956,-0.131750596698168,0.160741850709955,-0.58984275884098,-0.502329271642542,1.29110991730428,0.288880987840072,0.326973735183287,1.16022095247355,-0.176866193337322,-0.935610857806372,0.817590459595713,-0.734025108426817,0.596654279423818,0.382332784233331,0.531505281264536,-0.32828878978015,0.834573481685238,-0.698801662147488,-0.670212442318928,0.434168662657934,-0.533501319908072,-0.307831955800389,-0.00116888540624903,0.187637689066802,-0.455657840732264,0.0300411515968678,-0.0244558501771044,0.550320319657687,0.485236142043523,-2.02745687812962,0.494818731665679,0.90064711542394,-1.00943871786783,0.0966146890195229,-0.344059806333888,0.535604052199237,-0.615812542980517,0.625958557915116,0.0358907084326195,0.504722088396298,0.619746194045787,0.701756143305907,-1.36955594236812,-0.546449778226149,0.228664205065035,-0.705177078969831,0.710480770341524,-0.561085067287768,0.387584171317133,-0.225725259452943,-0.264018744083322,-0.00354280027215397,0.952195567257326,-0.234354479133531,-0.421765088244575,0.615678132834126,1.27118772411817,0.361629033555867,0.318657103059116,0.406723853561258,0.865213999384484,1.48656567479772,-0.090779197634393,0.948236093996266,-0.356424986777243,-1.56487441069767,-0.193978796250972,-3.71533511104215,1.14025863310564,-1.50066905487057,0.120984252286329,-0.669072460048411,1.06667613037037,0.14941416582505,-1.01508059889107,0.052334229024484,1.67740305671349,-0.118391927958243,-1.36381564696491,0.0476781704171328,0.562695160642756,1.56052034963968,1.29196555724898,0.769516232323389,0.499135601859275,0.108342287141318,0.696806839980222,0.106934425427136,0.523609937810427,0.112335882647209,0.260136832141723,0.390487861949256,-0.229019790949524,0.586786352582569,-0.730530783867577,1.68417041100758,-2.66584875562022,-1.26261557715351,-0.53710645642896,0.436795746170511,0.343030611555894
0.0632891134657229,-1.52388121784009,1.09898240118176,0.555210326841794,2.30158014425336,-0.0863525328205543,-0.189351802849387,-0.0253944555272829,-1.89464690403035,0.430903445759752,0.217857764336227,-1.58018873498353,-0.149174634176713,1.84112901211365,0.409246271897368,0.326973735183287,0.925659059773143,0.289781930692547,1.12067847111557,1.35179844212411,-0.326111518989493,0.234023304415173,0.718976080454128,0.368119169975769,0.296982015133604,-1.61520866936936,0.18742294034335,-1.32042971798651,0.739590860010849,-1.64718171490693,0.517884504912243,-0.717274310874747,-1.50039339439424,-1.81032345240321,-0.156482001367067,-1.04552977778325,-0.171649263715274,-1.82193614314921,-0.152743279646356,0.430515067019773,-2.08984441224469,1.05440063578185,1.25649794390801,0.118509939392049,1.69940124957012,0.288096447500778,0.900759716428673,-0.122755631928192,1.27212834462184,-0.275364440039861,0.26030299367898,2.41735744118992,1.769539313559,0.00473111827410036,1.3045447057444,1.27517342053004,0.599279939865255,1.6426137025885,0.181975057766068,-0.178311640504399,-0.625820443031083,-2.77572981821653,-1.06854728194925,0.0343243262657254,-0.278557594784309,0.920791110500417,0.336430786788878,-0.137947748393997,-0.628983970233118,0.611931670561384,1.73032586125079,-3.98313816331229,1.64565828573892,-0.764786666558605,1.0982375857129,-1.5071790189943,-3.48515068751125,0.461968957319528,-0.268598391875418,0.0310556020494127,-0.36911614566181,-0.260100741547911,0.460173121770026,-2.64979596936909,-0.847218732997699,-0.964426454259457,0.869986290982538,0.865981802259227,0.345681412509395,-1.2378793372363,1.84473558539914,0.372025816082389,0.166510755800564,-2.52362969817813,-0.198112177375937,1.7467627077489,2.03557676000999,0.419990071373139,0.633473522962636,-0.185889261914682,0.202226859822925,0.816539557909979,-0.24921595226258,-0.32376400794577,0.771791441353561,0.155333170278112,1.36651123276626,-0.147754630639532,-0.297265835667288,0.343030611555894
1.3009272388255,0.348412187188624,-1.76890358920004,0.654412862587069,-0.462013772726153,0.306073861730281,0.871687041711536,1.10845122841392,0.615468161309756,0.368744580281366,-2.15843072894669,0.849841538742818,0.786618811214981,-0.162770958708004,-1.73788522751432,0.326973735183287,0.685606925815162,-1.82952119757682,0.625530753752904,-1.09088744717456,-1.31500241238547,1.00196226399583,0.166209829200152,-1.03129513862612,-1.32049615582083,0.834573481685238,1.33823972676585,0.920635034200052,0.739590860010849,0.655022252687338,-0.174997116893404,-2.40839589567826,-0.16286844177355,0.997448927393789,0.876355076657441,-0.557113880550214,0.293513114250599,-1.05035708743631,-1.4729059236568,0.719576563619802,-0.32455990422816,1.52765410122782,0.150898825309346,-0.0010152705392917,-0.58342559743878,-0.261077519065549,-0.883956770986043,0.451165806532341,-0.562464873651999,0.119946639097128,0.33129126061614,-0.570511396085325,0.479563997273928,0.504764596993262,0.553964171623195,-0.335307126039504,-1.39205823438465,-0.100473915217253,-0.225725259452943,1.62817338395645,-0.319718969828417,-2.00900223697631,1.28946222246638,0.637774143763433,0.535739907287848,-0.548314863166274,0.762167146901057,-0.0279126066016991,0.97163600993331,-0.795465993148561,-0.341708187587228,-3.36505277615453,-0.647581503252193,1.35797100688233,-0.160352836571611,1.29084919527037,-3.03387878687488,-0.347954465678273,0.53601944250532,0.511429552138214,0.148667582104305,-0.775066813474949,-1.17111952726902,0.17248993300883,-1.3471483069425,-0.031193095846009,-0.476020540625281,-0.167647072577024,0.79478383312951,-0.803469172462657,-0.867042628595401,1.51816508021617,-1.64712071974424,0.800023480547422,0.164101974482437,-0.585265558241251,-0.586043333064761,0.835262952555738,-0.714396779649259,0.743438390497619,-0.820043220607521,2.49249999049173,1.02218354260005,-1.18496407399997,-0.826949953913933,0.491511118742293,-0.28787325254268,0.913472167935795,0.592110230791911,1.30868849593842
-0.604301363499689,-0.199443537740796,-0.472066844486169,-0.00609224350436449,0.187553873101637,-0.914194227002184,0.279831943631821,0.28049573296494,-0.84643814416696,0.00923931179234422,0.567780839995834,0.273121481292308,-0.0500008206810116,-0.432480187648114,-0.0989475626628818,0.753522145096841,1.16022095247355,-0.71947468145047,-0.935610857806372,1.01798608122996,1.98013228339805,0.86131903826993,-0.263584866939357,0.368119169975769,-0.00233729479072215,0.526800273562845,0.717147956542188,-0.227623732090386,0.638737524835939,0.398323643188248,-0.922085849340273,0.457787073164242,0.429388167953716,0.997448927393789,0.395202030875255,-0.814283989637709,-0.203251737991056,-0.883439778601221,1.27253670545062,0.851666980548705,-1.37366299089054,-0.325124235454772,0.311883111924462,0.370903068965829,-0.725434765908934,0.0972630136053224,0.625958557915116,0.285679685067136,-0.186111109657755,-0.819133818088062,1.22327402108269,-1.23581197095626,-0.0213750468788175,0.228664205065035,-0.035731277716377,0.317075779190974,0.870105599392954,0.680793467326688,-0.0646694017506266,-0.264018744083322,0.147218186593889,0.721992229585326,-0.0473750346873127,-0.943889197620687,-1.3085114386993,-0.416838992097413,0.583949242923897,-1.28148178174041,0.146001383320961,-1.43963700509784,-0.582606671852007,0.844739916611451,-0.390603702611954,0.0800278461485664,-0.71432126344013,1.25371637677367,-3.71533511104215,-0.0817792378698717,-1.17535497877588,0.233648840465078,0.350485704685501,-0.154475807249207,0.685172185700639,0.17248993300883,-0.582130020735302,-0.383769005259302,1.03691482609439,0.588651159512149,0.79478383312951,-0.542374639865607,-1.45020691856981,1.16794032310302,0.535459927747184,-2.89196180372559,0.0138080183742826,0.372859796619264,0.918083861755433,0.340355948763682,-0.53221451134672,0.302200203474822,-1.27183559531217,-0.65848690122509,0.449355677708779,-0.0697177842261916,0.29138128135699,0.463527974431721,0.359811375087763,0.317609460069425,0.125025939530075,-3.25613424979564
-0.0558608811627211,0.77409730514677,-0.388225700815153,-0.40577670137996,-0.462013772726153,0.393310607470023,-0.460088933528503,0.448167964703673,0.00420438194199789,-2.43315548803189,0.41901412013635,0.63112250730534,-0.149174634176713,-0.100715297318538,-2.39644303887502,0.753522145096841,0.925659059773143,0.0297435793967939,-0.37434277436055,-2.79902948215155,-0.244185611758759,0.837110677311699,0.273989702492249,-0.72228428467537,-0.39778535938293,0.676064459143769,0.091306057207402,-0.528870734210269,0.638737524835939,0.227012160715914,0.893067225261172,-0.426933439200751,0.563099003252063,0.997448927393789,0.309207629545625,-0.814283989637709,0.405986221081054,-0.287067666665371,0.230543045197997,0.36526271694089,-1.17441468891517,1.1740482356714,0.311883111924462,-0.836167388267261,1.47249418257658,0.369234898323995,-0.049428581139011,0.180806827421941,0.86077126013844,-0.476128811269176,0.151414097287678,0.621245026388959,-0.604387031401376,0.168400753434026,1.70744634848018,0.990649475842395,0.940499634167929,0.42821451020627,-0.147864651257785,-0.0465003283873321,-0.319718969828417,0.782504382587901,-0.234354479133531,0.694884862462961,-0.758912317736647,1.67348337179797,0.483951452431886,-1.28148178174041,0.327149689473485,-0.257114108792099,0.365257438582955,-3.98313816331229,1.51648408825118,-0.558649647441477,0.05188900763362,1.05397124992965,-3.48515068751125,1.24106087915176,-1.50066905487057,-1.90419344017159,-0.0147847972203031,-0.0500283802805251,-0.15818396619987,0.305588499742104,0.121237322725659,-0.253724396504562,-0.0746110954221139,0.721494679446484,0.719192865075037,-0.0527925390317787,0.840278661989853,0.154451075744438,0.510016783127786,-2.52362969817813,-0.0514202343605303,1.7467627077489,1.20240222432197,0.392811552232883,-0.223234966399371,0.743438390497619,-0.223051007080338,0.816539557909979,0.323742282344279,1.09293039301962,1.17311373580097,0.38683785080283,-0.105533375802682,1.00510775657275,0.0426366867939387,0.124135069763147
0.269870842267703,-1.52388121784009,-0.0955527899038466,-1.14828831386157,0.385050844995055,1.11892162790124,0.534582884444985,0.413570139713662,-0.256772349058994,0.368744580281366,0.535561476945813,1.10115885728815,0.635237690916221,1.75895260726111,-0.191798476666867,0.753522145096841,0.925659059773143,-0.560607164914073,0.0997007341144494,0.0853365588185812,-0.244185611758759,0.891182213944476,-1.44046789881349,-1.80011016375268,1.24866123458519,-1.83489590435516,0.469086561207207,0.853596897306869,-0.365443984920175,0.026872173925356,0.517884504912243,2.08855602683163,0.187637689066802,0.367330750596192,0.53534299227364,-0.814283989637709,-0.171649263715274,-1.2172743962714,0.0755099496990596,0.36526271694089,-1.06621081035575,1.68258161252771,0.537808924224057,0.0783642770583618,-1.42385154797364,-1.91791680741726,1.65614990357445,-0.161634802317339,-0.562464873651999,-0.0839473902948469,-4.25270184976739,-1.11190556660729,-0.931788968699335,-1.95771532350657,0.488520265578915,1.46311635278603,1.84106990592297,2.01541887317104,0.937198797022713,0.430924875959751,0.251023131911627,0.377205388414875,-0.422204973631621,-1.6700637914148,0.458853486472883,0.396473374586321,0.633812475206839,-0.686327843152894,-0.173810874633794,-0.158215778867027,0.119943132657722,0.136195509299007,-2.35433569360919,-0.231475465739152,-0.160352836571611,1.01622716358092,0.316340443395806,1.04562482453674,-1.74368876024601,0.201442348304737,0.924214698244551,0.619444197408649,0.723485494309337,-0.615977004682094,-0.636629864504592,-1.76626166663375,1.40166144410318,1.89413692379907,-2.40696954385112,-2.15763241746174,-3.43348640063095,0.182249071388069,1.02980930468626,0.579853698814177,-0.217866002524903,-0.199078072019048,0.54490402101857,-0.397067278834561,0.724123530431214,-0.240657179110568,-1.1423946952979,0.842104981554969,-1.12650430911077,0.946662450428907,1.68417041100758,0.177496115131635,-0.0668385342518672,-0.53710645642896,-0.117587884398403,0.221847656137568
0.188908750199119,0.0328709607226925,0.0436799305843863,0.973554271011851,-0.745843292043968,-0.00948830865904268,1.30415487531982,0.703223042560317,-0.683750900169861,1.07664401234348,-0.0110634192885928,0.116243467363289,0.264408472661912,-0.559658423602394,0.0097179903266744,-0.0699970319666152,-0.00730105050068718,0.998208312060762,-0.37434277436055,-0.198728594091703,0.430006727828618,0.503402821951111,0.0586101884023861,-0.785826303925388,-0.258047274649962,-1.72505228686226,0.610389240565852,0.853596897306869,0.638737524835939,0.305945798071931,-0.826453662243171,0.615516848245836,-0.393438697494904,0.367330750596192,0.350057226884903,-0.927456641893257,0.49303007812935,-1.937753184814,-0.555728800582011,0.559427262726268,-0.739126215334261,-0.920228281636136,-0.0506498045044974,-0.514667061259269,0.222735388614662,-0.615812542980517,-1.33345532436679,0.579741566193409,0.296651245779414,0.352872903950517,0.828279856895281,-0.252374692393975,-0.174898667362867,0.821677648380697,-0.705177078969831,-0.241353955228654,-0.866148179546054,-0.891252757336178,0.382525796454391,0.881962376272587,-5.6452776145183,0.604271091614942,0.099192217513,0.0343243262657254,-0.102658532372362,-0.255219125933828,-2.4080199175524,0.808435945291497,0.107619309036348,0.577313538500917,0.442914078177514,0.491013148974912,0.745578779894836,0.277367028320751,0.05188900763362,-0.566210579850271,0.452703832044404,0.0222829535743083,-0.0146381613693576,0.309120643843684,0.924214698244551,0.357684499976128,-0.265304691150601,0.867142322794583,1.90553673446497,0.616512591022488,-0.93768522141948,-1.4858914202971,0.645244524200999,0.562695160642756,-0.175289517773688,0.452752335255685,0.510016783127786,0.861466142726615,0.0376051718838479,0.521402542894057,-0.669745183369127,0.497385792871309,-0.183315202390597,0.649189746375325,0.0610013259466042,-0.339925082899645,0.323742282344279,0.901003979754426,-0.0578173804619865,-2.45615859970389,-0.621749852603271,-3.03228794946446,0.385449815611198,0.728599211375745
0.476435920929465,-0.568232375815581,0.321299790974471,0.247832190584439,0.0146731830798018,0.466675706742454,0.428981751774131,0.98717995400485,1.55172559812558,-0.215956551278354,-0.0352992342454769,0.440225145389144,0.364482361707307,-0.496581222982152,-0.159887706173649,0.326973735183287,0.925659059773143,-0.816283097066947,-0.135857399113845,-1.76774154184672,-1.10313406523461,0.403371564311077,0.166209829200152,-1.20439723692832,-1.70011267151375,-1.4681684329227,0.421903641683467,1.14797934592561,0.739590860010849,0.675573109740071,1.68958303121553,0.457787073164242,0.306452520343007,0.997448927393789,0.488276525254725,-0.814283989637709,0.435093964497735,-0.0619041969963403,0.0755099496990596,1.26010690168659,-0.112310170458325,0.555201599397962,0.634663267472269,0.758306780128948,-0.939734651332224,0.489656228582991,-0.508614382264068,0.338712418991133,-0.917361128828986,0.926394770611402,-0.19667943037847,0.0288047397308117,-0.174898667362867,0.71602802431632,0.420464967608376,0.38642981163221,1.49453095475861,1.69385601204441,0.827460096541564,0.229532118521524,0.466930248014232,0.323502846038822,1.59980131424565,0.335632901958204,0.615678132834126,0.433707548135792,0.816136248313106,0.478529053128051,0.488694881684167,-1.31020115515862,-0.0363792375456085,-3.85894380197385,-0.974689473451487,1.14533775815271,1.0982375857129,1.1722658394152,-3.39447482515631,0.619691151039453,0.109643553634606,1.22334574602313,-0.926844012294149,-0.669481971499106,0.556395846889437,0.305588499742104,0.647082675358382,-0.571781554987692,-0.39774530783236,0.0815057562198552,0.446692750100032,-0.67542357564147,-0.46247024483875,0.00532639762485345,-2.20097223120645,-2.37853373212097,0.134709386750298,-0.809742643247872,-0.931877021102022,0.631880498121628,-0.833359603858302,0.743438390497619,-1.6429744276217,0.789367144277436,0.735779978004747,-1.88059342898303,1.17311373580097,-2.25167459222543,0.0399325607180781,1.79065180731339,0.484641114339879,-1.03785022902043
-1.25365555336221,-2.74330155416888,0.413397553221738,0.195268675425012,-0.462013772726153,-0.554136749958911,0.0436531861561622,0.314178609999633,-1.08980866993187,1.63443966576091,0.41901412013635,0.273121481292308,-0.0156426124576376,1.84112901211365,0.607821099924491,-0.0699970319666152,0.270507863715218,0.184174763626992,-0.37434277436055,0.817590459595713,0.518512122455168,1.26738926006924,-0.80377633770428,1.32360745389463,0.259665950717104,-1.83489590435516,0.0605541199229528,0.352967521176934,0.638737524835939,0.227012160715914,0.156137272035816,-0.717274310874747,-0.515798442221809,-0.719819997200803,-0.481327005016285,1.41321761605885,-0.0872628594124073,-0.0619041969963403,-0.0673941049281382,-2.16752564559455,1.14995449688661,0.555201599397962,-0.161141387163702,-0.836167388267261,-0.939734651332224,-0.13341366644997,0.956312546088544,0.285679685067136,-0.917361128828986,-0.819133818088062,0.569008684164955,-0.252374692393975,-0.604387031401376,-1.95771532350657,0.0996816413553434,0.38642981163221,-0.74597512260382,-0.818896405187095,-1.64590334577661,0.487096494624163,0.3559407800603,0.546536610650611,0.342017987042081,1.14399653774549,0.297906118775866,0.717744323282068,-2.48871700959527,-1.5868431675771,-0.173810874633794,0.280365841584729,0.442914078177514,0.183850201423576,-0.974689473451487,-0.67588197961823,-0.79850329866216,-0.647456288810697,0.452703832044404,0.461968957319528,-1.74368876024601,0.814575696804096,-0.481615591171273,1.39052808516731,0.556395846889437,-0.879145897940965,-1.60977117136024,0.851580281365738,0.94790330192008,0.204433545604692,0.252450481682783,-1.8406654238624,-2.14456153157016,0.182249071388069,0.715284731640261,0.420823992234116,0.0138080183742826,-0.910582788328787,1.10739408003689,0.185778416196311,0.377978379569275,0.138721451766128,0.154900919646141,0.488735979221637,-0.24921595226258,0.611095956171917,0.505629716605009,1.26253392103618,-0.848139076729279,-0.53710645642896,-0.00372147205528611,0.343030611555894
0.631459211065846,0.348412187188624,-2.13979282307603,-0.086712708393912,0.0146731830798018,-0.41003358953983,0.229538410747116,0.483925163188444,1.39250810994538,0.0830908085475128,0.446253438924356,0.63112250730534,1.69915890093681,-0.855862120615401,-2.0060710797651,0.753522145096841,0.217579302984032,-0.274541367776464,-1.0807288805966,-0.52858111421953,1.57758155955683,0.643354124516182,0.382332784233331,-1.09960896612637,-1.25644636633617,0.338729326818741,1.06316729078845,0.279869863340919,-1.97497605586497,1.33251951272417,0.893067225261172,-0.145050596587472,0.859062521292833,1.53166876571905,0.585675693837015,-0.557113880550214,0.435093964497735,-1.36456881352255,1.86730504975179,0.694727113956047,0.101909365120004,0.0551782484010672,-0.28298727206571,-0.153243488127353,-0.0715861152144981,0.288096447500778,-0.964288297569632,-0.301613213127134,-0.186111109657755,0.619746194045787,-0.125308903046619,0.172233317702021,0.301760847288986,0.470819030390797,0.0996816413553434,-0.241353955228654,-0.395406640914414,0.108435860919208,0.695635426641349,1.11442301780427,-0.0516458938374494,0.292623833331227,1.07991310830113,0.828716541835027,0.535739907287848,-1.73829847645636,0.434073459728528,0.942056327644447,0.217313199091627,-1.0577930794797,-0.341708187587228,0.683740469126125,-0.845074536081747,2.03746102327943,1.59063279373977,0.736843900864684,0.189432740202247,-1.29286770795963,0.461499178926393,1.03581254382846,-0.184095202320053,-0.94677289018921,-1.49311386218972,1.2949791082651,0.190049342210392,-0.253724396504562,-0.785726064868996,0.204433545604692,0.87566004190457,-0.0527925390317787,-0.671727168514854,-0.163409263606414,0.192209120492364,0.472326561842096,-0.157069530900021,-0.809742643247872,-1.34754541524549,0.237287368956469,-2.35698124282784,0.885547787118974,-0.759366662774596,-0.167655058652397,-1.88657926066339,0.812971679291589,-1.05044490914932,0.38683785080283,-0.553620197619085,0.0224717394674205,0.592110230791911,-2.33492815528988
1.04396686309869,-0.199443537740796,-0.174315066899905,-5.06094160300799,1.68137646502849,0.706692252638666,-0.122157775612171,0.248098768430758,1.1204857621327,-0.346609319195851,0.271079740956598,1.41337141037294,-1.06346568319914,0.630578004581146,0.185216737553851,0.326973735183287,0.834620141401044,-0.613966968074639,-1.75954973894182,-0.0447677644000353,0.941788452602195,0.572319579761331,-1.63391008661259,0.205645274905309,-0.682152707333972,0.676064459143769,-3.36602936465614,-0.306644032049066,-0.396445769437629,-1.96075950622631,0.468702075929094,0.457787073164242,-0.284894953842486,0.997448927393789,0.0611174469343932,0.858938062520851,0.350372984980579,-0.883439778601221,1.08818139785678,0.217859702377694,-1.48060366698479,-0.494825809577508,-0.495346690351002,0.717937643151666,0.856388588804946,-0.81182666973796,-0.964288297569632,-0.00718717304396505,0.86077126013844,0.119946639097128,-0.559918972400574,0.250863060834346,-0.980691281127149,-0.687909897873523,1.3045447057444,1.72928073730083,1.91179975621364,1.12806447678257,1.18254860070619,0.609731692384585,0.0453410764691355,0.0522020566042885,-0.1386681588523,-0.254308087614388,0.297906118775866,0.513904908363909,0.125183048200326,-0.847009602501171,-1.31688544078391,0.231692421442624,-0.582606671852007,-0.399055352055012,0.84939690149008,0.627761806403861,0.681270209919537,0.598983529652327,0.452703832044404,0.53867574672015,-0.866286076917501,0.40233668383558,-0.570744612001571,-1.00500797137805,0.0275414685334742,-0.353459696161215,-0.195786075201843,-0.631723947955222,0.65514435146561,0.323769132408869,1.10984217948902,-0.482655394558485,-0.269954191798191,-2.2368788782085,0.510016783127786,0.632770550246621,-0.342461377732227,0.86404454682653,0.368564590834327,0.605847419922423,0.606743108799546,0.302200203474822,-0.171654391038555,0.460880512371767,-0.74431371053514,0.759444847084825,0.505629716605009,0.412483898287734,0.616128651681436,-0.53710645642896,0.0426366867939387,-0.332361517915061
0.338975959904114,-0.0782813954360333,0.321299790974471,1.02000564863033,-0.147628340611428,1.02907165892861,0.0436531861561622,0.248098768430758,0.738515501471028,-2.57045845295806,0.683522858032867,0.849841538742818,0.599162286994765,0.120346310231377,-0.191798476666867,0.753522145096841,0.755161626818578,-1.47012963794731,0.381246342014514,-0.883344543463816,0.00199532093468337,0.619549812907084,-0.0485288446683878,-0.450458568358363,-1.07976159783282,0.526800273562845,0.121159359699618,0.997325711446085,0.638737524835939,0.799964795001091,2.33008995288866,-0.785743127241946,0.859062521292833,0.997448927393789,0.749255977103938,-0.431351338931425,0.0584488484984884,-0.166435812108969,0.597887438555126,1.4601093754727,-0.218523844069128,0.23942216530052,-0.0506498045044974,0.291478855308912,-0.513072932804586,0.210009228687487,0.31926141632176,0.234531525863372,-0.100075649335956,0.926394770611402,-0.0230632059251611,-0.190021249634241,0.195438451106719,-0.1589517094467,0.623891985164413,-0.778917361378842,0.107156311616164,-1.18600679630843,-0.401552482098335,0.377258368894166,-5.6452776145183,0.229974042279169,0.640192717709487,0.574769142498748,-0.526995378997536,0.236141652990412,0.790097820990198,0.153055447444775,0.327149689473485,-0.65611113255712,-0.270228287357283,0.844739916611451,-0.186654324853185,0.627761806403861,0.288858824481439,1.1722658394152,-3.55288836925775,-0.0289766419760774,-0.268598391875418,-2.00343427492563,0.350485704685501,0.0629533856884657,-0.510317551456847,-0.479622824584716,0.321160932684757,-0.685496247984705,-5.08760350280526,0.460260568874707,0.470679813705533,-0.8633836757234,-0.46247024483875,0.344804716053644,0.405357977294746,0.445819472853367,-0.115762309061689,0.221725106356369,-1.09645390171381,0.773708986069034,-0.53221451134672,0.507298306596989,0.854411679900708,0.294536633305175,0.521429124873582,0.611095956171917,-0.474281836162509,0.866864338650882,-0.235290040928244,0.72138486964129,0.252333241324297,-2.95544757576125
1.09009361943011,2.36740963920147,1.09898240118176,1.65502101544226,1.68137646502849,0.146058706504724,0.279831943631821,-1.28804815480756,1.2576733120405,1.49813711051331,0.99336307340622,0.849841538742818,-1.20186911985424,-3.70872973048262,0.926811538530652,-8.01267677546181,-1.23152013807424,1.18535473904985,0.381246342014514,0.408076839845084,1.47892918505577,-0.488969136903077,-0.151882565262631,1.24678064334438,0.296982015133604,1.78085820305837,-0.301011262233772,2.44895001574074,0.739590860010849,-0.238622880884785,-2.44147885797462,-0.287609279716521,1.51457119981269,0.997448927393789,-2.07622779962527,1.41321761605885,0.810754420476336,1.20278633087811,1.79220343664891,-0.866240881915825,1.14995449688661,-0.125037751492939,1.0973898286527,0.248796819788487,1.2446913407695,0.622144915579953,0.234947787571688,-2.60390783068252,0.986107266118893,0.352872903950517,1.0081501922265,1.54451631067225,0.793559822220161,0.925305551144248,0.420464967608376,0.800410242112452,-2.79273011526674,0.387584171317133,1.01516042167432,-2.95508199251078,1.29738767827515,-0.846667580068748,-2.73724297691712,1.22806589143074,1.4479197046446,-0.15897457143654,0.583949242923897,1.43450712235329,-0.948561780155449,1.35158608353388,0.198578500577778,-2.42805496363354,0.745578779894836,-0.0602780400183178,-0.255696636858688,0.165908247596638,-2.34976492083951,-1.0017578825169,0.53601944250532,-0.240767288771276,1.33121243896864,0.619444197408649,1.10509970204943,1.77219492618747,1.53217184019107,-0.031193095846009,-0.118391927958243,1.18579819622485,1.22197703943438,1.68881429352443,1.17258592545003,0.296667523618845,0.969072672823937,-0.706829831219825,1.13326842684163,1.04218317115801,0.281132514988678,-1.18809086697667,0.606743108799546,-2.00325036070988,0.0610013259466042,0.357926525755951,-0.313486674771081,1.42833385068812,0.505629716605009,-0.903137956050351,-1.17032105747382,1.83436297074678,0.484641114339879,0.728599211375745
0.188908750199119,-1.38541239817067,0.0436799305843863,-0.924556363463942,0.385050844995055,0.146058706504724,0.428981751774131,0.14727414653071,-1.49784312010162,-0.131750596698168,-3.05349904000067,0.116243467363289,-0.0500008206810116,1.0619079282501,-0.0146988074907656,0.326973735183287,1.03026658614235,-0.921809560333928,-0.935610857806372,0.408076839845084,-1.17608193548625,0.572319579761331,-0.590533333416579,-0.592721522698356,-0.559074500231122,-0.725116553355388,0.155304414410734,-0.959618783088818,0.544877543404702,-0.79509067656831,0.312171760126572,0.303322027417139,-0.16286844177355,0.367330750596192,0.0912856290709291,1.41321761605885,0.773954065954963,0.238259282675603,-0.698070511396257,0.217859702377694,-0.32455990422816,0.262750193588984,0.789715407982875,-0.693457341847863,0.773972518065725,0.173471018531423,-0.225224796060018,-0.301613213127134,1.11961294558315,-0.646147970160618,-0.0580657936491774,0.473627012280113,0.0323505369840331,0.584311699342752,0.623891985164413,0.553746955922294,0.599279939865255,-0.0579517230604305,0.695635426641349,0.81281007804898,-0.0516458938374494,0.108973943298328,-0.187667062853837,0.637774143763433,1.34763496161983,1.27118772411817,-2.54513129436347,0.153055447444775,-0.33684566333803,-1.1807653052194,0.277716265988363,-0.0472905492791751,1.51648408825118,-0.0602780400183178,-1.14923095517627,0.00806051443300711,0.452703832044404,0.619691151039453,0.236204884038985,0.74164120673428,0.774710763716165,1.19623269268496,-0.388924437179682,-0.615977004682094,-0.128471596481755,-0.685496247984705,0.345689401180456,-0.419397066354193,0.56915748566789,0.806471814100092,1.56052034963968,-2.51781461895629,0.715284731640261,0.552804342208331,-0.217866002524903,1.47884924434096,0.729541845305609,0.212182057972785,0.206852394974772,-0.0111788907452004,0.246741794539259,0.460880512371767,-2.70282661484455,0.492684166455212,-0.474281836162509,0.38683785080283,-0.450901792902486,0.0224717394674205,0.0426366867939387,0.374991971630074
0.0632891134657229,0.479244354739696,0.171990719104071,0.555210326841794,0.187553873101637,-0.627733021419256,0.534582884444985,0.778352401719668,0.0926704700716293,1.07664401234348,-2.79542494920627,0.273121481292308,0.168554248127918,-1.08668041224752,0.634708636684236,0.326973735183287,0.379630034881163,0.560299091662518,0.0997007341144494,-0.494185002812022,0.088993004237144,-2.08781197795968,1.69282234615357,0.244928651791614,-0.32828878978015,0.751038353001922,-0.534093133961879,0.560503926552002,0.544877543404702,0.254139876289663,-0.645409582073406,0.0786645656118312,1.34839995154814,0.367330750596192,0.350057226884903,-0.161509701463328,0.847506133300033,0.869853946437141,1.12193077259337,0.32270369435981,-0.964270418325627,-1.21348610608658,0.311883111924462,-3.90726297260956,0.535604052199237,0.327997136646998,-0.690156336442924,0.180806827421941,0.72931481743086,0.926394770611402,0.745946275682673,0.92551859161809,-0.174898667362867,0.744813452433694,-0.035731277716377,-0.335307126039504,-0.17289547659163,0.0666872361231444,0.382525796454391,0.549713515613749,0.856036338518347,0.851252802765327,0.640192717709487,0.335632901958204,1.01853084166105,-0.255219125933828,-2.32732282550954,0.613950065080757,0.066539251563574,0.181076797907332,0.530216842481124,0.683740469126125,1.05071705673358,-0.149236598093955,-0.0566522466721415,-0.0867353418649911,0.452703832044404,-0.296937823693273,-1.50066905487057,0.814575696804096,0.21928407832838,1.32559807426609,0.0896697994839037,1.00002575135815,0.84957705121767,0.335120532095586,-0.785726064868996,-0.299868275325809,-0.135419242183369,0.409334435552831,0.95431985465536,0.640066471761929,0.68946399820642,0.770541337591597,0.0831510932410992,0.696806839980222,0.193846645485947,0.340355948763682,-0.53221451134672,-3.37587578678468,-0.870690911480393,-1.10097903753254,0.134063557275968,1.1553556557173,0.104922940500587,-2.3687211731922,-0.848139076729279,0.612723393067075,0.252333241324297,-0.599734365676979
-0.604301363499689,-2.04734674942833,-0.247846612033967,-0.606227614108938,1.68137646502849,0.22311814647297,-0.0707983740245965,0.314178609999633,-0.92736577597286,-0.346609319195851,-0.542565573288439,0.116243467363289,-0.776041995491252,1.52127731675737,0.0554348701944573,0.753522145096841,-0.00730105050068718,-0.921809560333928,1.7072905250614,0.817590459595713,-1.03871014480325,0.403371564311077,-1.84150529429944,0.089707641702829,0.11086037062938,-2.06170382409171,0.772262158729379,-0.528870734210269,-0.474318034524536,-1.42219688472533,0.0564226750483116,0.149483785295026,-0.736324164541109,-0.455657840732264,-0.33533786487926,0.858938062520851,0.0584488484984884,-0.883439778601221,-0.555728800582011,0.694727113956047,1.02006727675576,0.212902334272823,0.634663267472269,0.484686508674997,0.459339697033364,-0.532951646150498,1.65614990357445,0.180806827421941,0.617989716850761,2.6132114138454,-0.352109143467355,-0.631486642242936,-0.931788968699335,-1.20241875887222,1.22822722040859,0.38642981163221,0.940499634167929,1.53917941485882,0.382525796454391,-0.655963180814541,0.298347192851576,0.136884109105956,-0.598445945978443,0.335632901958204,-0.102658532372362,0.758037638687045,0.286595255937932,-0.137947748393997,-0.870420634957966,-1.63302219454221,-1.26480981566059,-0.171185160223252,0.948236093996266,-0.636976347928498,1.59063279373977,-0.041212661684961,0.316340443395806,0.776793143678704,-1.9135806673305,0.274300162291465,0.287121429728431,1.45579739068464,-0.265304691150601,-1.14135341680331,-0.473653417230772,-0.571781554987692,0.467603766933231,0.460260568874707,0.324407649702181,-0.34491055627617,0.429691070835187,0.767754248281037,0.535459927747184,0.395242166473757,-0.0949225768223174,0.521402542894057,1.76386073945688,0.160620347050938,0.547190226994741,-0.0436867573132261,0.109381743719605,-0.00742735374701105,-2.37143716166007,0.134766696291365,0.771791441353561,0.244773344844097,1.82942420827957,-0.53710645642896,-0.355047401702702,-0.532295090864304
-0.193362677216746,0.0328709607226925,1.40652970653615,1.21241403745649,0.611331323524278,0.706692252638666,0.326468436381702,0.14727414653071,-1.81063593793082,0.758004940058081,0.2459024517786,-1.66516368913953,-0.364432877347436,-0.29888955058801,0.288880987840072,-2.3706917088249,1.16022095247355,-0.502381879482944,-0.135857399113845,1.01798608122996,1.12374664214004,0.811165434766714,-1.63391008661259,1.24678064334438,0.652864436352302,-1.61520866936936,-0.674614309247717,0.560503926552002,0.638737524835939,-1.64718171490693,0.67913619669643,-1.27984198543218,-1.61336438657805,0.997448927393789,-0.275591309644149,0.456045504273392,-0.142122320720255,0.63540420922908,0.372280112073803,-2.02880708525552,2.80420178188868,0.212902334272823,0.992670150728692,2.56347636615531,-0.658100915326119,-0.381804383894813,-0.570615131609357,0.129939351494564,-0.70741388028564,-2.22670237082978,0.614359638075443,-0.570511396085325,-0.432135416908677,0.168400753434026,0.488520265578915,0.490994198090362,0.341280206814523,-0.657318583368604,-0.306692720155911,0.139548811103671,-0.319718969828417,-2.77572981821653,-0.913664794892288,1.05031879322165,-0.190217048672266,0.475001395465364,0.336430786788878,-0.0279126066016991,0.182872913344856,0.280365841584729,0.0417165412178066,-0.243200702168476,0.745578779894836,-0.558649647441477,3.04599008717202,-1.80191332824201,-3.48515068751125,1.14025863310564,0.236204884038985,1.08532250923109,0.148667582104305,0.619444197408649,0.685172185700639,-0.736196121578849,0.384998947241983,1.67740305671349,0.292038639942103,-0.538167041861984,0.645244524200999,3.16139588774852,1.29330766622017,0.423800288560973,0.405357977294746,-2.52362969817813,-0.0949225768223174,-1.11165200160787,0.456453546822108,1.10478646046952,-0.648573754142223,-0.421512949402615,-0.567820174321936,-0.103944073457703,0.134063557275968,-0.0697177842261916,0.104922940500587,-2.3687211731922,0.765524011313776,0.20194111201723,1.41695939684857,0.666517892520405
0.405429402334619,-0.915054819448116,1.30134198713312,0.195268675425012,-1.26766539107909,-1.10971048560376,0.0436531861561622,0.742811564617638,0.387966498143473,0.673360693108657,-0.128947077905068,-1.75269653283867,-0.328436223922829,-1.20260207623248,0.581363016345332,-0.0699970319666152,-0.515942024722534,0.289781930692547,0.311266908669025,1.15109499644414,0.770547151966998,0.480889985109822,1.06025593674349,0.711780206510221,1.39122205866063,-0.88342487103538,0.18742294034335,-0.0716481428401809,0.289573332498782,-1.08733409232255,-1.13295285724013,-0.717274310874747,-0.515798442221809,-1.49091229453417,-0.302884345758881,-0.0244558501771044,0.581056569691259,1.23444402830234,-1.4729059236568,-1.56673201297888,1.02006727675576,-0.494825809577508,0.0966146890195229,-0.565776357118815,0.304765374001644,0.210009228687487,-7.12111407676869e-05,0.234531525863372,0.398804723872355,0.619746194045787,1.44836944084714,1.38216194419624,0.359413078471313,0.77170836223385,0.488520265578915,0.317075779190974,-0.17289547659163,0.42821451020627,0.432722148797015,0.280228806896855,-4.26824060455211,0.818535393907857,-0.284574058590939,0.230367890308571,-0.526995378997536,0.316856645166893,-1.78971467059376,0.873580247636732,-0.714986722959776,1.03206213722147,1.48656567479772,-3.36505277615453,1.16030981013297,-1.43855203094521,-1.91240414796747,0.451100089705768,0.452703832044404,0.461968957319528,-0.691164200930673,-1.24304592278538,-0.36911614566181,0.619444197408649,1.37832218402305,-0.879145897940965,0.190049342210392,0.851580281365738,-0.708672664030729,-1.5992903669217,0.345681412509395,-0.8633836757234,-0.269954191798191,0.640066471761929,0.769516232323389,0.827531967209643,1.13326842684163,0.221725106356369,0.106934425427136,0.471205500674912,1.64229096669475,0.507298306596989,1.78997957266547,-0.395680396589135,-1.55348148976865,0.547606763055135,-0.0578173804619865,-1.78620856527118,-0.146948185826239,-1.58719197212861,0.436795746170511,0.250775219701398
-0.0558608811627211,0.479244354739696,0.814933702020974,0.813608304970518,0.0146731830798018,0.786847716528577,-0.460088933528503,0.0842933808010649,0.738515501471028,-0.753979329584952,0.390625666133191,0.440225145389144,0.429756100485218,-0.100715297318538,-2.59414725832551,0.753522145096841,0.834620141401044,-1.31645287625454,0.440977221613979,0.351555795106691,-0.734025108426817,0.572319579761331,-0.479174672002457,-1.09960896612637,-0.465991258948153,0.461095902704907,0.659342404932985,0.421742147358689,0.638737524835939,0.254139876289663,-0.264986268806409,0.457787073164242,0.703051358312176,0.997448927393789,0.350057226884903,0.137381971262793,0.237026821049342,0.0483033070707128,-2.67837807571212,-2.16752564559455,0.101909365120004,0.633626581937883,0.0966146890195229,-0.246972062008515,-1.01537680453861,0.0190515967464967,1.21917931393274,0.234531525863372,-0.632398299927558,0.619746194045787,0.33129126061614,0.473627012280113,0.245029449214964,0.00473111827410036,-0.705177078969831,-0.0840438336219801,0.533157861810423,-0.14473814664595,-0.0646694017506266,0.185207586426701,-0.14130672902736,0.0256491862818563,0.196537390595155,0.495100434812749,0.458853486472883,0.879784646137797,0.608827381529933,-0.137947748393997,0.146001383320961,-0.934820853740003,0.953941476821771,0.683740469126125,-0.390603702611954,0.683309282306283,0.172884808728555,0.302838354790688,-3.62062605100426,0.862314833829607,0.345874592149019,0.0727669467690085,1.06272183817681,-0.362311251252345,-0.758375146113422,0.45282041287535,1.38837396777839,-0.784104604196858,1.62116641313979,0.323769132408869,0.669271619139911,-0.0527925390317787,-0.269954191798191,0.794137007614142,0.292765761540565,0.277263781152872,0.320060428453643,-0.700063959380093,-0.757775706986254,0.313261041449811,-0.116248435270554,-3.53965882334885,-0.567820174321936,0.194491693447452,0.189646939390699,-0.32376400794577,0.505629716605009,0.595699023810012,1.45693126820885,0.834200968825634,0.2971381223772,0.0505335140168008
-0.0558608811627211,1.25533896480163,0.78008504450844,-4.85774594311643,-0.608687575989985,1.02907165892861,-0.122157775612171,-3.91469902456832,0.992200709024405,-0.0598766832619812,-0.152596188855148,0.849841538742818,-0.455037767725067,0.843198784716868,0.457118723717181,-0.538228419296984,1.16022095247355,0.625832959523953,0.498416130692618,1.01798608122996,-0.326111518989493,1.00196226399583,-0.36206921155806,0.491828572868529,-0.296605714518828,1.31330407061785,-0.390029426684579,0.138929700634319,-0.270226940596895,-1.87400036033041,1.90773439757519,0.702756303053476,-1.71830569608685,0.997448927393789,0.395202030875255,-0.557113880550214,-0.239993763156361,-0.405526707199126,0.502898796744546,0.0791256506809331,-2.28398061787169,-1.62135154980591,-0.161141387163702,1.0559079552814,-1.36386726617025,-0.261077519065549,0.759968092761443,0.0839115537054142,-1.05214598943858,0.119946639097128,-0.125308903046619,-1.92960475745922,-0.604387031401376,0.470819030390797,-1.41060148270405,-0.48108353677271,-1.08403524668537,-0.539815808938292,0.181975057766068,-1.5926547193382,-0.187375131229499,-3.08636454161311,-0.797897347998548,-1.31169521245885,-0.526995378997536,0.636865115333835,0.361629033555867,-0.0279126066016991,0.251909456189132,0.332374134699257,0.690614869328644,-0.243200702168476,-0.647581503252193,0.985015684950983,-0.255696636858688,-2.49556156854212,0.452703832044404,1.35621624064211,0.978945749729595,0.863390893729633,0.21928407832838,1.93920780395558,0.281630858816782,-1.6546588170198,0.97980811361901,-0.031193095846009,-0.93768522141948,-1.4858914202971,1.07409120515293,-0.988347781522153,-0.569730536734575,0.846649307202518,0.461469554074334,-0.0712501947483027,-0.0284303732947688,-1.39564604092521,-0.586043333064761,1.1924096672752,0.463059034520902,0.260136832141723,0.154900919646141,-0.395680396589135,-0.74431371053514,0.492684166455212,2.11744884108152,-0.13360675996873,1.92301350818715,0.20194111201723,1.69039499676823,0.250775219701398
0.476435920929465,-0.490647087024665,0.220935312122258,0.195268675425012,0.0146731830798018,-0.974764821917595,-0.251431263783763,1.0682756602643,-0.765162591612956,0.244325329476602,-0.220594797437086,-0.0482952498937076,-0.117936903099282,-1.08668041224752,0.581363016345332,0.326973735183287,1.35616792613689,-0.176866193337322,0.202687809845561,-0.161409781137888,0.855944678028041,0.837110677311699,-0.590533333416579,-0.68981584238291,-0.769303240546512,-1.04173318871537,0.121159359699618,0.560503926552002,0.739590860010849,-1.20844709795379,-0.43519803782012,1.32354305909585,-0.16286844177355,-1.15037190034653,0.395202030875255,-0.557113880550214,0.0901187695954947,0.179958938737556,-1.67347563279036,0.581188515687897,-1.80185418756009,0.692669806661128,0.482117585162224,-3.08504510924521,-1.36386726617025,-0.175600415014518,0.234947787571688,0.810445858483529,-1.2505239870097,-0.819133818088062,0.450005077522234,0.400680937970726,0.856623160857315,0.71602802431632,0.553964171623195,-0.335307126039504,1.00743222435315,-0.0579517230604305,0.257125522607431,0.280228806896855,0.627609437849223,0.885009208530776,0.099192217513,-2.17731549133135,-0.526995378997536,1.00639092701243,0.737322546518985,-0.847009602501171,0.933371956085913,0.181076797907332,-0.0363792375456085,0.416211199837632,2.15657216837927,1.65802078466423,-0.979188070797285,0.0457222076487454,-3.13150337977874,1.82809366369273,-0.866286076917501,-1.38607334625936,0.552566187642237,1.06667613037037,0.594912746935094,1.44290398854657,1.90553673446497,-0.571781554987692,0.0937724967968621,-1.23544000501992,-0.012307137179963,-0.414337425422163,2.83082314856352,0.244195353333871,0.68946399820642,0.987347921114492,0.354773311150629,-0.334634991400181,-0.841653454564107,0.445137279901721,0.112335882647209,-2.94833362384256,-1.06471266867985,0.38531292489796,-1.73043154885542,-1.37329263389167,1.68417041100758,-0.1092854747616,-0.694868063256686,1.09049142477684,0.189036756630502,0.250775219701398
0.631459211065846,0.893099634438767,-0.247846612033967,0.415572942349488,0.871337061156552,0.706692252638666,0.140600437331627,-0.202598769171772,2.0499533029652,-0.215956551278354,0.865210102514248,0.440225145389144,0.635237690916221,-0.231894032895758,-0.0989475626628818,0.753522145096841,-1.66205887702306,0.184174763626992,-0.019148686966424,-1.6145304655425,0.259187859388538,1.00196226399583,1.69282234615357,-1.32988620061981,-0.915328456823292,-1.72505228686226,0.469086561207207,1.14797934592561,0.638737524835939,0.500966622883039,-0.134605330166708,1.55616993114176,0.859062521292833,0.997448927393789,0.395202030875255,-0.300955025337722,0.881672937047303,0.30055409095814,0.502898796744546,0.767136498874304,-0.218523844069128,0.359378293068392,-0.580370711481135,-0.565776357118815,-0.58342559743878,0.210009228687487,-1.51822055102423,0.810445858483529,-0.186111109657755,1.30734557632398,0.186536054827511,1.07755639833175,0.479563997273928,1.6061256533784,-0.168705147081962,0.65695257083694,-0.561085067287768,-0.46929827043242,0.0244440158239985,1.11442301780427,0.251023131911627,-2.89081863454007,0.85051005555572,0.947014564949923,1.26633988154512,-1.80671553237996,0.38558822171197,1.09085874013053,0.290948929480979,0.0297672658213689,0.865988279718127,0.844739916611451,-0.714984370226052,1.30633511605542,0.288858824481439,-2.08908512890203,-3.55288836925775,-1.71803150533075,1.80015404148881,0.863390893729633,-0.272753107733375,-0.94677289018921,-0.758375146113422,0.45282041287535,1.59952251083689,-0.964426454259457,-0.201235785291738,-0.419397066354193,0.596381508178012,0.177904407694378,-0.867042628595401,0.614612346337928,-2.44428489003326,-2.63202088538305,0.467589492444509,0.0803979831596145,-0.332744859038946,0.419990071373139,-0.116248435270554,-3.45776730506676,0.0140958471014687,-0.00742735374701105,1.29839356031246,0.547606763055135,-0.474281836162509,0.866864338650882,-0.105533375802682,-0.147754630639532,0.592110230791911,0.884356520934224
0.900955861576334,0.600453133597597,-0.316663171387817,-0.606227614108938,-0.608687575989985,-1.42709569729138,0.375490132736605,-0.167299820711156,-0.601913788367041,-2.89973484262054,0.160741850709955,0.440225145389144,0.231446983536555,-0.737639083523766,-0.0673196454111219,0.753522145096841,0.379630034881163,0.507174549736093,-0.935610857806372,1.15109499644414,1.57758155955683,0.763317150314569,-0.590533333416579,-0.261137914666573,-0.146169243071201,1.00312185368556,0.717147956542188,-0.807093461846556,0.638737524835939,0.283502574220833,0.737310431794691,0.375375310293003,0.306452520343007,0.367330750596192,-0.0663706695030217,1.10613001832032,0.379030689818338,-0.647588745355904,0.502898796744546,0.0791256506809331,-1.27198084594704,0.0791483438242048,-1.35949257716687,-1.02110489445998,-0.290713110778598,1.13936165680458,-1.88878185693986,0.451165806532341,-0.100075649335956,-1.13690608568285,0.490235874927754,1.00448858637787,-0.432135416908677,-0.469292730067165,0.831203194376833,0.607498744259452,-0.622182316946924,1.32799623160642,-2.48516824346304,-0.178311640504399,0.147218186593889,0.229974042279169,-0.334860104762787,0.335632901958204,-1.11103782787166,1.54717523879784,-0.555893764191823,-2.08490796128066,-3.95790757092005,-0.65611113255712,-0.114140707394262,0.293774782837607,-0.390603702611954,0.277367028320751,-0.6196825510524,-0.354072222966255,0.189432740202247,1.48815451824417,-1.50066905487057,-2.24143105665917,-1.79452619486023,-0.51822071314966,1.10509970204943,0.45282041287535,0.514185349975881,-0.736870439935725,0.345689401180456,-0.0503553573269618,0.0868039137649247,-0.609995357900479,-0.867042628595401,-0.857483343325859,-0.132770465857938,0.164850681089654,0.354773311150629,-0.700063959380093,-1.85410413765142,0.688431290478685,0.633473522962636,0.0250590851510921,-0.567820174321936,0.76302311643558,1.11334343880024,1.12520716122321,0.104922940500587,0.412483898287734,1.82942420827957,0.20194111201723,0.0195741693116114,0.00672408555853474
0.269870842267703,1.0094928754092,0.647954769078093,-0.150585228493439,0.385050844995055,-0.554136749958911,-0.0707983740245965,-0.0253944555272829,-0.347629761849042,0.244325329476602,-0.17597893915342,0.440225145389144,1.83152040445434,-0.372670340101991,0.897462075785738,0.326973735183287,-1.82811730524668,0.868936547731296,-1.53133823703337,-1.24035375433178,-1.51814822490456,0.643354124516182,-0.590533333416579,0.450957528582374,2.10576690838618,0.834573481685238,0.220655422714582,-0.386344208938537,-0.349999166488244,1.68274483618703,-1.05311076663472,0.702756303053476,1.00859862840905,-0.127488091919065,0.749255977103938,-0.300955025337722,-0.00276675411519897,1.43746457209257,0.372280112073803,1.05076969175963,-0.112310170458325,-2.61997620121566,0.0485088162440583,0.370903068965829,-0.939734651332224,0.288096447500778,-1.71993166608762,0.451165806532341,-0.849361387378975,-1.30077700996686,0.960462941574635,-2.22728933992437,-0.546449778226149,1.40242663055877,-1.41060148270405,0.490994198090362,0.16687918446827,-0.100473915217253,-0.0646694017506266,0.746115180442601,0.251023131911627,0.198234426451586,0.591881491919266,0.230367890308571,-2.85789550108849,-0.917936338272965,-2.62844400744038,0.246915593609955,-0.870420634957966,1.16420285986474,-1.47949666691498,0.491013148974912,-1.04094411588783,-2.75868644776477,-1.14923095517627,1.29084919527037,0.189432740202247,-1.43014124207396,0.109643553634606,0.165911888778055,-0.36911614566181,0.681604016904519,1.20243905244321,1.2949791082651,1.18009404671805,-0.031193095846009,0.236064749642229,-0.891724641770572,0.277743822865605,-1.05346499930284,-1.15162541048846,-1.1814858059447,-2.72847168545764,-0.311723531422779,1.26698347040496,-1.20223841404709,-0.416659291001562,1.06346357715139,1.24286534561025,0.649189746375325,1.44288653435465,-1.31787936243917,1.02218354260005,-0.0697177842261916,-1.25693880421473,0.177496115131635,-1.8523191693532,-1.85901143612908,0.803355663647087,0.312624365990979
-0.873135336016176,-0.199443537740796,-0.472066844486169,0.12649929416024,0.0146731830798018,0.306073861730281,0.0930998090853591,-1.14945099627221,0.738515501471028,-0.346609319195851,0.476462683931473,-0.187636379705822,0.132390865726033,2.68169019254228,0.0325247871509131,0.326973735183287,0.620308517118873,-0.71947468145047,0.625530753752904,1.35179844212411,-0.0764494607450776,0.946276954034161,-0.590533333416579,-0.221585654202629,-0.363580196120014,0.397811194171091,0.0605541199229528,0.633131281980551,0.739590860010849,0.283502574220833,1.27433904455734,2.43588432084542,0.187637689066802,-0.127488091919065,0.158248129129352,-0.431351338931425,0.350372984980579,-1.82193614314921,-1.67347563279036,0.694727113956047,-0.32455990422816,0.186114431642273,-0.916862242740308,0.445734113199329,-1.42385154797364,-0.81182666973796,-0.266164171003006,0.0839115537054142,-1.32018701359083,0.119946639097128,-0.0230632059251611,-0.384961568656177,-0.827232417693137,-0.362307016240468,1.63667506586436,1.3877611590664,1.84106990592297,2.45767399767808,0.496080432693062,-0.0906147768287268,-0.407706949411741,-3.16682163236259,-0.677159158404079,-0.943889197620687,0.0701007083610008,1.27118772411817,0.511143837811497,-1.4220990060584,-0.283401681127349,-1.1807653052194,1.61144014473468,0.57696371832223,-1.29081975090351,0.832033141195085,-0.0566522466721415,1.05397124992965,-3.71533511104215,0.946369836019902,-0.268598391875418,0.791690327377857,0.552566187642237,-0.154475807249207,0.352624220909551,0.305588499742104,-0.195786075201843,-0.631723947955222,1.03691482609439,-0.656319605970571,0.421465186294082,-0.803469172462657,-1.45020691856981,0.21555141274345,0.34822659778597,-0.188670873724839,0.192274658177391,-1.48468097155978,-1.25928536423631,-0.122066026002717,1.06527723709096,-3.65415740850263,0.915184564066514,-0.00742735374701105,-0.24921595226258,0.670253541999253,1.68417041100758,0.75971512141753,0.616128651681436,-0.147754630639532,-0.074831399300318,0.0840190204230011
0.269870842267703,-1.38541239817067,0.890661814804039,0.0629643894486045,-0.317855409709165,0.393310607470023,0.534582884444985,0.380072665293981,0.387966498143473,0.430903445759752,0.36076909233594,0.63112250730534,-0.149174634176713,0.551165408988306,-0.226482566856319,0.753522145096841,0.925659059773143,-2.29329332077207,-0.606708917330074,-0.494185002812022,-0.820231342618385,-0.0639284990063872,-0.693976912410123,-1.30053001735744,-0.915328456823292,0.158570593484607,-3.71649104890814,1.31913834210301,-0.443577608848606,-1.73121703824898,1.16127068570202,0.615516848245836,-0.16286844177355,0.997448927393789,0.585675693837015,0.137381971262793,-0.142122320720255,-0.405526707199126,-0.410776212084889,0.302944315393067,-0.218523844069128,0.721660829964859,-0.104019831706868,-0.196583550154414,-0.214743634033979,0.447317005235111,0.363149856536674,-0.122755631928192,0.0877589892563166,0.926394770611402,-0.680530942931863,-0.252374692393975,-0.721799406385154,-1.85311571827617,1.0419627741784,1.35243340141974,2.43757138048714,-0.818896405187095,1.37596808738078,-0.0906147768287268,0.3559407800603,0.198234426451586,-0.234354479133531,-0.763894234544096,0.615678132834126,1.73735562397302,0.762167146901057,0.153055447444775,-0.0210885434879448,-1.53632959982002,1.26134810642108,0.683740469126125,-0.186654324853185,0.171784671359839,0.552394667178999,-0.481858477804965,0.316340443395806,1.14025863310564,-0.268598391875418,-2.00343427492563,1.12605535982037,-0.313167875210336,1.40680982037552,-0.615977004682094,-0.416691784400162,-0.878286700427091,1.62116641313979,0.865981802259227,-2.32617856433214,-0.482655394558485,0.219349160109761,0.846649307202518,0.267534903699709,0.526787649936783,-0.00699802889040287,-0.199078072019048,-0.505729646967839,0.471205500674912,-0.476705126803407,0.177319392927648,0.341876379205735,1.14541293519152,-0.121372294466173,-0.0697177842261916,-0.0578173804619865,0.544829050471456,-0.0296665460619889,0.511278303186669,-0.0967427008762374,0.512698550171701
0.858113653071349,-0.568232375815581,-1.43268081793369,0.247832190584439,-1.39185912825935,-0.627733021419256,0.822626773364552,0.483925163188444,0.283762020943859,-1.18075036342643,0.772589036526949,-0.724145033255058,0.635237690916221,0.120346310231377,-1.49476630622383,-0.0699970319666152,0.755161626818578,-0.767988246844735,0.741743706681475,1.15109499644414,-2.29472247849258,1.87361862765256,0.491368064584563,-1.26740360344532,-0.651654382281191,0.676064459143769,0.469086561207207,2.27119959928438,0.739590860010849,0.547517160760628,-0.732475323531231,2.64898520480125,-0.954822098099357,0.367330750596192,0.53534299227364,-1.43560768660517,0.743715591423594,0.672990155111691,-1.13063559202039,0.694727113956047,-0.430142049966225,1.0824110766578,-0.495346690351002,-2.47074256027563,-1.72990043383476,0.0190515967464967,1.92588565499948,0.395425423785261,-1.2505239870097,-0.0839473902948469,-0.0926741461691392,-0.190021249634241,-0.0711281876390477,0.77170836223385,0.488520265578915,-0.0840438336219801,-0.622182316946924,-0.891252757336178,-0.0646694017506266,1.02859653250238,0.523049646248494,0.546536610650611,0.903392791564835,1.05031879322165,-0.61076896225424,-1.33029223947968,0.260735081589242,0.613950065080757,0.327149689473485,-0.557658227679768,-0.662299053374349,0.416211199837632,-1.29081975090351,1.53006479278384,0.681270209919537,1.72843991365575,-2.86728333268881,-1.38563063849554,1.24852375203894,-0.998970963126632,-0.0881330012720329,-0.718894046846681,-0.879221521797924,0.0402363280403081,1.32217681825372,-0.031193095846009,2.13767459350442,-1.4858914202971,0.901728763779133,-0.609995357900479,-0.766474146456713,-1.28746617727311,-1.39124119166224,-1.5349425391609,0.192274658177391,-1.39564604092521,-2.06208978907649,0.133558929797258,0.633473522962636,-2.62890461093757,0.748851589133125,0.571343767898898,1.08387345396525,-0.863583148987918,0.29138128135699,1.00908627666668,-0.105533375802682,0.72138486964129,0.61763081683156,0.575930933042795
-0.193362677216746,-0.490647087024665,0.614187412000111,0.555210326841794,-0.462013772726153,0.947846727208384,0.279831943631821,0.116148833186313,0.504127899419789,-0.470533229504553,0.2459024517786,0.440225145389144,-3.28062812556018,3.06884263910996,-0.0989475626628818,0.326973735183287,1.16022095247355,-0.0205000009330872,1.73576596875687,1.01798608122996,-0.0764494607450776,0.572319579761331,-1.84150529429944,0.491828572868529,-0.0381520266074411,-1.4681684329227,-0.772531150991361,-0.459384396190428,0.739590860010849,-1.53468929981613,2.23986656592661,0.615516848245836,-0.515798442221809,0.997448927393789,0.442882615302953,0.858938062520851,0.0584488484984884,0.179958938737556,-2.21375042155955,-1.93596049854733,-1.99248537657411,-0.15143531452436,-0.722045514483232,1.34047356328681,-1.28987129641845,-0.930204978624494,1.76346980196874,0.129939351494564,-0.632398299927558,-0.0839473902948469,-0.235033469309822,-0.384961568656177,-1.64276203349219,0.00473111827410036,1.56465833697789,1.61316041255925,1.99004020184363,1.58822293050052,0.257125522607431,0.327916617446788,-0.14130672902736,-0.0640420740672725,-0.187667062853837,0.828716541835027,0.8515600769889,1.54717523879784,0.312421249018563,-0.847009602501171,-0.795277891968136,-0.257114108792099,0.119943132657722,0.0423694691312168,-0.585216297021903,1.19608927633556,0.05188900763362,0.770692023249601,-3.39447482515631,1.35621624064211,0.461499178926393,0.0727669467690085,0.148667582104305,-0.718894046846681,0.927120671128119,-1.91664311485091,0.052334229024484,-0.685496247984705,0.720116262131365,-1.4858914202971,0.56915748566789,-1.11659703539639,-0.46247024483875,1.5824801372532,0.376919287768136,0.366160167422847,0.0138080183742826,-1.00804276073319,-0.0675211002283921,-0.0125752692058467,1.34878706697951,-3.2662531388238,0.535856672787946,0.157120303469809,-0.121372294466173,0.492684166455212,1.17311373580097,-2.25167459222543,0.689599160663861,0.0224717394674205,-0.159988936588261,0.604844456858963
0.955031679489653,1.77961475719292,-1.15062130487944,0.973554271011851,0.611331323524278,0.146058706504724,-2.38946116223004,0.345860834730018,1.55172559812558,-0.897463548561963,0.959106830725882,-1.0864097819487,0.904836055645528,0.263905598812806,-1.29081223049245,0.753522145096841,-1.20349675661237,-1.04638935207453,-0.255100086737197,-0.637503905789049,-1.58424091855876,-1.02092884377685,-0.0485288446683878,-1.71365436863589,-1.28738391763947,0.908412804558948,-1.37563895737536,0.920635034200052,0.638737524835939,1.20189584507238,-0.307831955800389,0.535307650165125,1.34839995154814,0.367330750596192,0.749255977103938,-0.68921158902845,0.917531334668247,-0.526557726277516,1.27253670545062,1.38028403763053,0.555253305759488,0.212902334272823,0.0966146890195229,0.445734113199329,0.0748949218036167,0.529161089627152,-7.12111407676869e-05,0.722952075830593,-0.186111109657755,1.30734557632398,0.33129126061614,1.6201581084598,0.139286051944608,0.797544810437065,-0.304566140448079,0.178254443083605,0.16687918446827,0.152319701390736,0.382525796454391,0.139548811103671,0.198309414871569,-1.48849638049556,1.44110866851251,1.14399653774549,2.90501124223369,-0.785925096643762,0.511143837811497,1.37256092339475,0.447891585159421,0.332374134699257,0.198578500577778,1.04976177430626,-0.455639716668236,2.20416953799157,1.59063279373977,-0.422587750267508,-2.72752530110816,-1.29286770795963,1.82817474359775,0.912528934651441,0.485962939147557,-4.0151461209192,-0.634346348785134,1.44290398854657,1.67655560741411,-0.253724396504562,-0.476020540625281,-0.167647072577024,0.397427714494834,-0.0527925390317787,0.319217739704898,-0.0657172672035367,-1.17658215824958,-1.31130720689282,0.192274658177391,-0.457294635120321,-0.332744859038946,-1.65965142171295,0.695128297017108,-2.45994403975822,-0.998172997808999,-0.167655058652397,1.05255104645107,1.68595687948108,-0.474281836162509,0.812674976980327,-0.28787325254268,1.00510775657275,0.565269837850574,0.343030611555894
-0.0558608811627211,-0.406669746858407,0.171990719104071,0.606682984164304,-0.745843292043968,0.306073861730281,-0.251431263783763,-0.100161298253678,0.504127899419789,0.0830908085475128,0.476462683931473,0.116243467363289,0.168554248127918,1.29110991730428,0.0325247871509131,0.753522145096841,1.35616792613689,-1.74154073217985,2.03222548930751,-1.97861592834183,-0.820231342618385,0.837110677311699,-0.902781180348402,-0.909885545600729,0.694820337898614,0.0540471939263062,-0.797779494312027,0.704242150371192,0.638737524835939,-0.619453642907787,2.33008995288866,2.2504246827788,-1.3815923968917,-0.455657840732264,0.749255977103938,-0.68921158902845,0.917531334668247,-0.287067666665371,-2.67837807571212,0.537804158710618,-0.642072992727885,0.186114431642273,-1.00410334820673,1.10210029454323,-0.869412742363751,-0.572975403720075,2.5057532015078,0.234531525863372,-0.917361128828986,0.619746194045787,0.0470081129621076,-0.319201818720592,-0.775830379734037,1.11706013029261,1.63667506586436,0.990649475842395,2.28083034796673,-0.994227879351483,1.0976127326491,-0.867461304777346,0.298347192851576,0.292623833331227,-0.234354479133531,-0.0542612996788911,0.297906118775866,1.73735562397302,0.559950069954933,0.153055447444775,-0.23495752315655,-0.459205322802417,-0.0363792375456085,0.3509242668138,-0.455639716668236,0.224610761877935,-0.6196825510524,0.805883658038209,-3.62062605100426,1.82809366369273,-0.866286076917501,-2.10267510967968,1.53013785614837,-0.464809940364325,0.460173121770026,-1.01508059889107,0.446252865089153,-0.514326999016553,0.720116262131365,0.460260568874707,1.07409120515293,-0.738770911803118,0.527690531044898,0.21555141274345,0.486024573779661,-0.144271357687601,-0.0949225768223174,-1.20223841404709,-1.6371881419334,0.835262952555738,-0.384079059386505,-3.53965882334885,1.61398338744933,-0.461002141123188,-0.313486674771081,-0.996635514108259,1.68417041100758,-2.54359602621557,0.840602451324342,0.511278303186669,-0.179820400819838,0.190878008083418
-0.0558608811627211,-0.652560491752821,0.541415108396477,-0.488499423578853,-0.462013772726153,1.19862637083863,0.0436531861561622,0.380072665293981,-0.84643814416696,-0.346609319195851,0.301720610973908,1.10115885728815,-0.328436223922829,1.29110991730428,0.185216737553851,-1.34607387055072,1.16022095247355,-1.9547320310438,-0.37434277436055,0.664960055253147,-0.574982744056197,0.738046877406375,-0.151882565262631,-1.30053001735744,0.788217054755614,-1.72505228686226,0.091306057207402,-0.14930295497882,0.739590860010849,-0.238622880884785,1.98865826999279,0.229099819113219,0.563099003252063,1.53166876571905,0.191831133263851,-0.300955025337722,0.0584488484984884,0.0483033070707128,-2.5392110203508,0.195632841006647,0.101909365120004,1.26611985036143,-0.0506498045044974,0.333733763635663,-0.725434765908934,-0.81182666973796,-0.508614382264068,-4.53136463267145,-0.343884076661901,0.119946639097128,0.369783921839443,-0.442444580627769,-0.0213750468788175,0.168400753434026,0.488520265578915,0.38642981163221,0.279962134498468,1.38309121120195,0.382525796454391,0.746115180442601,-0.407706949411741,0.292623833331227,0.0489104884378151,-0.943889197620687,0.219570441922896,0.79850418145734,0.434073459728528,-0.573423427641639,0.182872913344856,-1.53632959982002,-0.662299053374349,-0.090779197634393,1.26802305937737,-0.517877630360511,-0.347844502547033,0.372984214366066,-3.55288836925775,1.35621624064211,-0.516042324943845,0.937294792451754,-0.184095202320053,0.241148796426806,0.460173121770026,-0.879145897940965,-0.528768154607584,-0.031193095846009,0.527222905997698,-1.23544000501992,0.744248927239066,-0.92708162822201,-1.15162541048846,1.85025037800442,0.267534903699709,0.420823992234116,1.00882542766699,-0.457294635120321,0.106934425427136,0.212182057972785,0.633473522962636,-3.45776730506676,0.0140958471014687,1.59567400619319,0.273449453008352,0.268949045794122,1.17311373580097,0.361981169467387,0.00505438616418639,-0.34419972237834,0.385449815611198,0.343030611555894
-2.3914824608334,-0.0228307782727667,1.03402491187387,-1.91951452694538,0.385050844995055,-0.0863525328205543,-0.251431263783763,0.345860834730018,-0.0898435026216355,0.673360693108657,0.0848768458785273,0.849841538742818,0.297745437025038,-0.911180497171632,0.805547397940246,-0.538228419296984,0.326409417947665,0.685339986118193,0.97346383435273,-0.565755632861501,-0.734025108426817,0.480889985109822,0.273989702492249,1.39685731056392,2.59708483498515,1.39403080220091,0.18742294034335,-1.12781786476953,-0.534013693107146,0.437188092238014,-1.32273144564274,0.149483785295026,1.00859862840905,0.997448927393789,-0.0329449879133152,-0.0244558501771044,-0.171649263715274,1.43746457209257,-0.555728800582011,0.980626188624367,0.555253305759488,-2.42229268128061,-1.69993045148231,0.879027505064124,-1.09111907179316,0.249464761422564,-1.51822055102423,-0.230642787915468,-0.917361128828986,-0.646147970160618,-0.19667943037847,-1.43731326766135,-0.124023113313551,0.873275337244639,-1.41060148270405,-1.56776551355635,-0.683803534498019,0.807563336614769,-0.688338413248065,0.377258368894166,0.251023131911627,0.782504382587901,0.342017987042081,0.230367890308571,-3.18682259682503,-0.848362682825334,0.511143837811497,-0.321298368954176,-0.795277891968136,0.53353952392429,-0.662299053374349,0.3509242668138,-0.974689473451487,-0.187804562005594,0.05188900763362,0.372984214366066,-0.0778040097581363,-1.55558046721318,-0.866286076917501,0.0310556020494127,-0.481615591171273,1.13396913642081,1.31868863580687,1.60379433799572,0.254021510704055,-0.571781554987692,0.404981371182565,-0.891724641770572,-2.51992938440807,-0.34491055627617,-0.569730536734575,0.296667523618845,-0.267669191506639,0.219483764423909,1.26698347040496,-1.00804276073319,-0.332744859038946,0.576500718807058,-0.116248435270554,0.217339490923321,4.09349563095684,-2.54291049080115,-0.121372294466173,-0.0697177842261916,-0.334012303946926,0.570789462434828,-0.499740711894786,-0.931296693054711,0.882031612767111,0.478717895060612
-0.873135336016176,1.44127075074539,-0.013779072725401,0.195268675425012,-0.317855409709165,0.146058706504724,-0.397679591226105,-0.265020650469751,0.387966498143473,-0.215956551278354,0.802588041437272,1.10115885728815,-0.0826872931585809,2.56652023832274,-0.527904000683032,0.753522145096841,0.834620141401044,2.03810864422451,0.440977221613979,-1.90978302564864,-0.574982744056197,0.00610057574974213,-1.32909967634977,-0.592721522698356,-0.183740725369232,0.225936121028047,-4.00858421084519,-0.670212442318928,-0.750892488534542,1.15300517172513,1.68958303121553,0.457787073164242,0.0613261975951968,0.367330750596192,0.395202030875255,-0.557113880550214,-0.142122320720255,0.30055409095814,0.372280112073803,-0.0768517931535072,-0.854529961634602,0.131837853845409,-0.647732001272966,0.601966472172981,-1.09111907179316,-0.615812542980517,-0.627896608180107,-0.195627181128661,-0.984929181321343,0.619746194045787,1.04825462125393,-0.570511396085325,-0.721799406385154,-1.46847525065701,1.80299247941518,1.72928073730083,2.13747365389047,-0.657318583368604,1.18254860070619,-0.569764876716682,-0.277532807202318,-0.427147160206085,-0.515940349557155,-3.69409333049852,-0.61076896225424,1.95206699435548,0.559950069954933,-2.36470085594853,0.0187782917005832,-1.63302219454221,-0.0363792375456085,0.293774782837607,-1.60147364405529,0.277367028320751,-0.71432126344013,0.665989175913325,0.316340443395806,1.82809366369273,-1.50066905487057,-0.897923426941867,0.774710763716165,-1.05837675173297,0.14941416582505,-0.0913297725067967,0.578185497042061,1.15092301397104,-0.511866479372229,1.3473860123927,1.29953853206042,-0.542374639865607,-1.62738623582419,-1.69346572813305,0.461469554074334,0.366160167422847,0.0599899505461171,-1.67578179385926,-1.85410413765142,0.445137279901721,1.06527723709096,0.260136832141723,-0.0760137833690451,0.228874888799418,-0.616431144368254,-0.4574183345436,-0.0578173804619865,1.15597099591155,2.55709881338003,0.0224717394674205,0.317248870854454,0.666517892520405
0.631459211065846,0.0328709607226925,-3.04864716644907,-0.82548236645393,0.0146731830798018,-0.0863525328205543,0.482017064198627,0.515504137352934,1.39250810994538,-2.80374813025239,0.476462683931473,0.116243467363289,0.398118159059124,-0.231894032895758,0.457118723717181,0.753522145096841,-0.792408933279196,0.184174763626992,-0.606708917330074,-0.0044387021321398,-0.574982744056197,-0.339713504383528,-0.36206921155806,0.407116331743455,-0.258047274649962,0.796032817794011,1.17285344339286,0.352967521176934,-2.30803629548672,0.864624334719915,-0.645409582073406,1.21512485146924,0.0613261975951968,1.53166876571905,0.585675693837015,0.643809294378102,0.773954065954963,0.968561415757681,0.439896032908539,0.452808603894749,0.555253305759488,0.285543534628511,0.0485088162440583,-0.514667061259269,0.222735388614662,0.134625512881872,-1.23122333460069,-0.507864505637202,0.504722088396298,0.619746194045787,-0.352109143467355,-0.190021249634241,0.301760847288986,0.470819030390797,-1.41060148270405,-2.00934354178972,-0.622182316946924,-1.78755211886001,-1.33092227274125,0.609731692384585,-0.187375131229499,0.292623833331227,0.903392791564835,0.574769142498748,0.3771341432646,-0.994659500434836,0.38558822171197,1.30916158763428,0.406723853561258,-0.158215778867027,0.119943132657722,0.57696371832223,-0.186654324853185,1.59258362307791,0.681270209919537,-0.794292732719904,0.189432740202247,-1.29286770795963,0.461499178926393,0.511429552138214,-0.184095202320053,0.0629533856884657,-2.28215253763439,-0.222675864570437,-0.473653417230772,-0.631723947955222,0.94790330192008,-0.419397066354193,0.543269446856288,0.177904407694378,-0.372265573674104,-0.655127578360473,0.267534903699709,0.472326561842096,0.223409610934146,-0.457294635120321,-0.242409635648556,0.661147276879872,0.0832122442784467,0.885547787118974,-0.707177668035441,-0.0591770036034214,0.482145961178755,0.134766696291365,-1.69736804814811,0.839746984619731,-0.336454020290061,-0.53710645642896,0.642118355980869,0.124135069763147
-1.25365555336221,-1.14063290219022,0.265301010521051,-0.221049903098953,1.68137646502849,1.37176634042789,-0.460088933528503,-0.233880223383146,-1.16419896963416,0.368744580281366,0.390625666133191,0.116243467363289,-0.455037767725067,2.02405933022077,0.130458587111392,0.326973735183287,0.074896587760337,-0.502381879482944,1.76255006459073,1.60738064393761,1.57758155955683,0.326216887657753,-0.902781180348402,0.450957528582374,0.11086037062938,-1.83489590435516,0.469086561207207,-0.736319599665777,-0.458489702505911,-1.81525236159102,0.67913619669643,-0.858418848256575,-0.626412413761127,-1.15037190034653,-0.186301165962166,1.10613001832032,-0.0306156340050371,0.436557747093942,-0.410776212084889,-2.16752564559455,1.74324812459426,0.309715309058,1.43061679120736,-1.10581325318986,1.69940124957012,-1.43076605244182,1.98091733876496,-0.440810097431731,1.27212834462184,-0.0839473902948469,-0.596306530300511,-0.319201818720592,-0.22897215417887,-1.95771532350657,0.217021552854959,1.3162769235993,0.341280206814523,0.851691460653658,-0.306692720155911,0.609731692384585,-0.231978372177946,-0.249347903984703,-0.758953417910999,0.947014564949923,0.535739907287848,1.00639092701243,0.260735081589242,0.547598692891188,-1.04011029071742,-0.257114108792099,2.1149718862521,-0.340057653335626,0.948236093996266,-0.395119052445024,-2.23821476280294,0.451100089705768,0.452703832044404,0.862314833829607,0.109643553634606,-2.10267510967968,0.414136940431049,0.116086865229151,0.281630858816782,-1.91664311485091,-0.416691784400162,-1.72595888867333,0.0937724967968621,-0.299868275325809,0.543269446856288,-1.43578285603599,1.17258592545003,0.614612346337928,0.587735050870366,0.366160167422847,-0.217866002524903,1.47884924434096,1.64428687912206,0.059394875474972,0.825880712679535,-0.421512949402615,-0.0760137833690451,0.32861506013834,-1.12650430911077,0.20317024854613,0.771791441353561,0.2652306852261,2.02245995894481,-1.31537250812814,-0.327299651393209,0.0840190204230011
-0.193362677216746,-1.77413774624908,-0.247846612033967,-0.606227614108938,0.0146731830798018,1.63285866125569,0.965836834549366,0.778352401719668,1.2576733120405,0.368744580281366,1.05892688693066,0.849841538742818,0.904836055645528,0.263905598812806,-0.125347889793019,0.326973735183287,-0.121178767469313,0.39421178849729,-0.37434277436055,-0.386850851556099,-2.06692487563883,0.377065177435482,-1.21787865734314,-0.107873742432016,0.788217054755614,0.158570593484607,0.560581885312514,0.560503926552002,0.739590860010849,0.842361567405358,0.00237405766111505,0.375375310293003,1.17385798676142,0.997448927393789,1.04322944991149,-0.557113880550214,-0.0872628594124073,0.968561415757681,-0.2851698517576,1.4601093754727,-0.32455990422816,1.0824110766578,0.482117585162224,-0.153243488127353,-0.869412742363751,0.0190515967464967,-0.049428581139011,0.285679685067136,-1.18606754451085,0.119946639097128,0.369783921839443,-0.319201818720592,-0.775830379734037,0.433370010041899,1.18280120488445,1.50219881204323,1.91179975621364,-0.818896405187095,0.432722148797015,-0.134499901628176,0.198309414871569,0.664261528151414,0.6945049256598,-0.580597745657265,-1.00854907968617,-0.721452789880269,0.762167146901057,-0.0279126066016991,-0.121434822608725,-1.43963700509784,-0.341708187587228,0.416211199837632,-1.04094411588783,1.03640683869709,-0.347844502547033,0.874729307009067,-3.48515068751125,-0.755041485005894,-1.50066905487057,0.201442348304737,1.06272183817681,-0.889034579394214,-0.510317551456847,0.45282041287535,-0.00428273760841776,-0.113353582366815,1.62116641313979,1.3473860123927,0.446692750100032,-1.17901801345823,-0.269954191798191,0.566044165171669,0.908980182566072,0.659671017508959,0.108342287141318,-0.457294635120321,-0.242409635648556,-2.6053997483121,0.0256264154809443,-3.37587578678468,0.154900919646141,0.411621519652979,0.482145961178755,0.33923469570339,-0.334012303946926,-2.3687211731922,-0.758120434104101,0.317609460069425,0.125025939530075,-2.83006606298096
1.46843496507693,1.57751057805772,-1.00775871187457,0.310803929522712,1.19434327351285,0.706692252638666,0.871687041711536,0.314178609999633,0.283762020943859,-0.753979329584952,0.41901412013635,0.849841538742818,1.56859563441017,-0.162770958708004,-1.18750988909157,0.326973735183287,-0.376296180692723,0.0297435793967939,-0.135857399113845,-1.12023985155693,-0.414235577582633,-0.921246811649488,1.69282234615357,-2.8931961840079,-1.13961260398238,1.10929705875007,-1.20925209726709,0.777688922764924,0.739590860010849,0.864624334719915,-0.307831955800389,0.375375310293003,1.34839995154814,0.997448927393789,-0.00329349900265976,-0.68921158902845,0.71003330891212,-0.405526707199126,1.41253072704998,1.12846455449351,-0.430142049966225,-0.494825809577508,0.369126577688234,0.370903068965829,0.222735388614662,1.19181428263066,-0.690156336442924,0.0839115537054142,0.398804723872355,-0.0839473902948469,-0.0230632059251611,1.54451631067225,0.245029449214964,0.797544810437065,0.698794175915616,0.242643540324078,-0.340276197990561,-0.539815808938292,0.327148779410203,1.3829935955414,0.298347192851576,0.604271091614942,1.59980131424565,1.09874798891337,1.17921210887636,-0.785925096643762,0.790097820990198,1.16428543852141,0.569202716043635,0.807667575197906,-0.270228287357283,0.844739916611451,0.158971777327471,-0.720110783084991,2.25680885456534,0.165908247596638,-2.65673813080972,-1.34409975837264,-0.0146381613693576,1.55309602345988,-0.793406281589464,-3.79636000715663,-0.510317551456847,2.13985104731953,0.578185497042061,-0.113353582366815,-0.785726064868996,0.588651159512149,0.519221462139256,0.177904407694378,0.740571508200812,-0.9639431958033,-1.06785777667075,-1.19803634745835,0.0831510932410992,0.221725106356369,-0.669745183369127,0.523609937810427,-0.384079059386505,-2.37436584013329,-0.936953800354029,-0.878366764008359,0.767077759325572,1.71662991345034,-0.0578173804619865,0.595699023810012,-0.336454020290061,1.4894395257845,0.803355663647087,-1.29668586916019
-0.260875238024688,0.414107576339251,1.03402491187387,0.704583865360497,0.0146731830798018,-1.49314121745709,0.326468436381702,-1.83069111734708,-1.65056489997733,-0.683761781054093,-0.220594797437086,-2.19394519150687,-1.74375361219049,-0.0251932885339507,1.29235570782523,-0.538228419296984,-0.121178767469313,1.12572111736077,0.693784574492233,0.736203146655058,1.57758155955683,-0.872464945751894,0.839261020670655,0.818112794663147,0.185318097615854,0.796032817794011,0.560581885312514,0.920635034200052,-1.53450843946961,0.524341591109057,-0.43519803782012,0.0786645656118312,-0.284894953842486,-2.50791194428459,-0.186301165962166,2.96578757574006,0.773954065954963,0.968561415757681,0.502898796744546,-1.14509209545688,1.14995449688661,0.840403513764135,0.0966146890195229,-1.90069199975938,1.82292276289066,0.249464761422564,0.855726228787788,0.285679685067136,2.75215220546087,0.926394770611402,-2.16656219942381,1.86143217406309,1.83604064875152,0.654625880533749,0.999771408831722,0.607498744259452,0.469070971835906,0.247681780098836,0.600281919214839,-3.52398123443617,0.627609437849223,0.546536610650611,-3.36811589977913,-0.853891716082391,0.615678132834126,0.475001395465364,-1.29915140133751,0.478529053128051,1.08606164955043,0.83860455158851,0.865988279718127,-1.11472359546183,1.39521450590972,-0.558649647441477,0.552394667178999,0.200740314039534,0.452703832044404,0.320146126026177,0.0475026961326243,0.534326034177841,-0.0147847972203031,1.00734604049021,-0.449620994318265,-1.01508059889107,0.84957705121767,0.616512591022488,0.404981371182565,-1.36381564696491,0.619276597823018,-0.988347781522153,1.17258592545003,-0.163409263606414,-1.01465081360241,-1.1426044530927,0.388890871572764,1.24568674855745,0.281132514988678,0.059394875474972,0.0555056480031606,-0.928147821285929,0.390487861949256,0.736975802175981,-0.807103286907114,0.759444847084825,0.29138128135699,0.491511118742293,0.726948151923331,1.00510775657275,0.462007293750681,0.512698550171701
-2.07489077193474,-0.829007281427248,0.321299790974471,0.12649929416024,-0.608687575989985,-0.327070751857572,0.140600437331627,0.483925163188444,0.00420438194199789,0.302034349309538,0.476462683931473,0.440225145389144,0.786618811214981,-0.559658423602394,0.0812873077159988,0.326973735183287,1.16022095247355,-1.10229373243944,0.311266908669025,0.664960055253147,0.170954742204751,1.23524658026624,0.166209829200152,0.531505281264536,0.185318097615854,0.225936121028047,-1.4061319652959,0.633131281980551,-2.22291496252312,0.717796608399095,-0.686155004395398,-0.145050596587472,0.859062521292833,0.997448927393789,0.954005669619446,-0.814283989637709,-0.00276675411519897,0.367280295832797,0.00545560298302403,-2.09816636542504,-1.27198084594704,0.15909679688877,1.73810623164235,-0.196583550154414,-0.658100915326119,-0.422513658831088,0.145458943300853,0.180806827421941,-0.917361128828986,-0.275364440039861,1.09374161766071,-0.934396766208933,-0.546449778226149,0.168400753434026,-0.705177078969831,-1.25579476904787,-0.116637205035684,-0.891252757336178,0.257125522607431,1.62817338395645,-0.36456908185157,0.885009208530776,0.6945049256598,-0.943889197620687,-0.685007987014173,-0.15897457143654,0.709315598736466,-0.321298368954176,0.107619309036348,-1.53632959982002,-0.0363792375456085,0.416211199837632,-0.714984370226052,0.683309282306283,-0.255696636858688,-1.21606236828605,0.452703832044404,0.193122610269997,-1.62217890755829,0.486916737953888,0.622575830980279,0.00600772892464806,-2.08049525218368,0.867142322794583,1.32217681825372,-0.113353582366815,0.467603766933231,0.865981802259227,0.277743822865605,-1.11659703539639,-1.45020691856981,1.23140996444565,0.741953644205589,0.60529641244924,-0.0514202343605303,-0.585265558241251,-0.757775706986254,1.06346357715139,-0.260116182367322,0.260136832141723,-0.0760137833690451,1.08503601747686,0.801229351775839,0.268949045794122,1.17311373580097,0.33460701613894,-0.450901792902486,0.0224717394674205,0.0827453468123518,-1.168444174405
-1.94287712345745,-1.02386040656152,0.46116459957454,0.555210326841794,0.0146731830798018,0.146058706504724,-0.0707983740245965,0.14727414653071,0.184204798900662,0.244325329476602,0.535561476945813,0.116243467363289,-3.4610545431634,-1.25694806420108,0.607821099924491,0.753522145096841,0.169686517934427,0.236125095118006,-1.53133823703337,-0.125181500576063,0.170954742204751,0.891182213944476,0.839261020670655,0.324158250641276,0.740453632638455,-0.501429863480447,0.377230035452364,-0.0716481428401809,-0.593987445929788,0.197526813948945,-0.966093988627573,-0.0733388224922474,-0.0491089794764972,0.997448927393789,-0.00329349900265976,-0.431351338931425,0.322809346449832,0.238259282675603,-0.2851698517576,0.217859702377694,0.90064711542394,-0.713814979555816,-0.0506498045044974,-0.930370731292327,-0.0715861152144981,0.369234898323995,-0.820427587684347,0.234531525863372,0.72931481743086,0.119946639097128,0.701756143305907,0.0934995063807598,0.922808756937136,0.744813452433694,1.3045447057444,0.490994198090362,0.341280206814523,-0.353322396618914,-0.306692720155911,0.0470065707521384,0.413458241647584,0.6911883395138,-5.36743249414344,-0.580597745657265,0.615678132834126,-0.352549848242359,-2.32732282550954,0.0663395961000464,0.365201921953463,1.35158608353388,1.48656567479772,0.57696371832223,1.05071705673358,0.730024070316281,0.05188900763362,0.665989175913325,0.316340443395806,-0.548489402161923,0.461499178926393,0.0727669467690085,0.350485704685501,0.681604016904519,-1.96180957559279,-0.0913297725067967,-0.195786075201843,0.335120532095586,-0.511866479372229,-0.538167041861984,0.324407649702181,0.482050642961986,0.95431985465536,0.717347365041398,0.461469554074334,0.336784197490613,0.746778744779406,0.372859796619264,0.106934425427136,-2.6053997483121,-0.0272113597818916,0.885547787118974,-0.474271747607813,0.0407916297150105,0.835089616392682,-0.32376400794577,0.104922940500587,0.221609287116966,-0.934842647386115,-0.53710645642896,0.231000715474393,0.40986764962848
-0.604301363499689,-0.829007281427248,0.579036681696208,0.555210326841794,1.19434327351285,0.947846727208384,0.534582884444985,-0.233880223383146,-0.256772349058994,-1.04094776753897,0.2459024517786,-0.461981378275993,-2.09438699144315,1.209318475068,0.805547397940246,0.753522145096841,0.493822530003669,2.6891319023327,2.3732782594562,1.01798608122996,-0.655746855699943,0.891182213944476,-1.84150529429944,1.24678064334438,1.12397639787717,0.397811194171091,0.377230035452364,0.352967521176934,-0.750892488534542,-0.152330989414443,-0.264986268806409,1.10124518109643,-0.736324164541109,-0.719819997200803,0.191831133263851,2.46588687676079,-0.0306156340050371,0.436557747093942,0.372280112073803,-1.32552638485878,-1.37366299089054,0.212902334272823,1.31295554906603,0.601966472172981,-0.290713110778598,-2.70508785410786,1.87094599674237,0.579741566193409,-0.186111109657755,0.352872903950517,-2.53471436476717,-0.631486642242936,-0.775830379734037,-0.687909897873523,1.18280120488445,1.3877611590664,1.20998357650201,0.983653140364623,0.550350893196282,-3.89209485730545,-0.0516458938374494,-0.0640420740672725,-3.7763303955814,0.495100434812749,-0.758912317736647,0.194257805570789,-1.5090803744175,-0.0279126066016991,0.0187782917005832,2.04869749510374,-0.189154798873194,-0.719767341104392,-1.04094411588783,-0.231475465739152,0.172884808728555,-0.566210579850271,0.0397437080453976,0.136060795888528,-0.268598391875418,1.89524413638237,0.622575830980279,0.681604016904519,0.594912746935094,-0.879145897940965,-1.05330985909321,-1.72595888867333,0.796837290969686,3.16116137811627,-1.42619314503555,1.85112869880342,-2.14456153157016,-1.1814858059447,0.561192903652398,0.420823992234116,-0.157069530900021,-0.0559069300933451,1.10739408003689,-1.74801547214727,0.489876846405482,-0.265869513221925,0.0140958471014687,-1.10097903753254,0.449355677708779,1.09293039301962,2.11744884108152,0.491511118742293,2.16943949335799,1.09049142477684,-0.0272168960337818,0.40986764962848
-0.0558608811627211,-0.751009715518917,0.647954769078093,-0.00609224350436449,-0.317855409709165,0.146058706504724,-0.460088933528503,0.28049573296494,-0.84643814416696,-0.215956551278354,0.41901412013635,0.440225145389144,0.429756100485218,2.22830257989703,-0.0401159069985442,0.753522145096841,1.16022095247355,0.625832959523953,1.09020437035035,0.664960055253147,-0.326111518989493,0.811165434766714,0.166209829200152,0.993919988007772,0.0767626487119638,-1.32112819647604,-0.241888310170262,-0.14930295497882,-0.287614182873479,-1.20844709795379,0.67913619669643,-0.426933439200751,-0.284894953842486,0.367330750596192,0.0300411515968678,-1.15144920765883,0.435093964497735,0.179958938737556,-0.698070511396257,0.36526271694089,0.785229930942606,0.407769142922709,0.537808924224057,-0.39489895026081,1.35548123152127,-0.615812542980517,1.16239060413848,-0.195627181128661,1.64765884310922,-0.819133818088062,0.490235874927754,2.30863662094097,0.601988549176789,-0.1589517094467,0.953225557412626,1.14953030777506,0.940499634167929,0.0666872361231444,0.695635426641349,0.327916617446788,-0.407706949411741,-0.00277813172917147,-0.0473750346873127,1.26885134812798,1.26633988154512,0.717744323282068,-2.54513129436347,-0.686327843152894,-0.47695183393253,0.93626779094497,1.26134810642108,-0.54996247479447,1.79322544808289,-0.558649647441477,-0.79850329866216,-1.80191332824201,0.316340443395806,0.862314833829607,-0.516042324943845,-0.240767288771276,1.06272183817681,-0.0500283802805251,0.460173121770026,-1.6546588170198,-0.473653417230772,-6.56299314759386,-2.57012799511744,0.323769132408869,-2.46344946412959,-1.36660601147697,2.15235083655782,0.819968884813141,0.510016783127786,0.499135601859275,-2.77367217232011,1.47884924434096,1.30070550532252,0.549971118167624,0.855964694840946,0.351870054523001,-0.274888398716937,0.228874888799418,-0.187411401394768,0.33923469570339,1.68417041100758,0.244773344844097,0.96000868139431,-0.34419972237834,-0.074831399300318,0.343030611555894
0.0632891134657229,-1.02386040656152,1.03402491187387,-0.82548236645393,0.187553873101637,0.306073861730281,0.140600437331627,0.90495994094377,-0.601913788367041,0.940616555383431,-0.0110634192885928,0.63112250730534,-0.502329271642542,-1.08668041224752,0.581363016345332,-1.14977892531987,-2.31776094635104,0.801856087127368,0.0997007341144494,-0.81281892821655,0.351974353793556,0.403371564311077,2.49276011348293,0.871837528702124,2.10576690838618,-1.32112819647604,-0.182911741719011,-0.880766771141594,-0.579293248041298,-1.87400036033041,-1.3688382078897,-1.84255556053734,1.17385798676142,1.53166876571905,0.309207629545625,-1.53120337099119,0.677387741850337,1.29690693883915,0.703722790152478,-2.21601381392561,0.555253305759488,-1.62135154980591,-0.580370711481135,-0.344059806333888,0.946028346472672,0.529161089627152,-0.883956770986043,-0.0861839628256727,1.44687156800743,2.6132114138454,0.828279856895281,0.473627012280113,0.359413078471313,1.32343103299892,-1.07991657238261,-0.935608449649961,-0.808681624251153,0.0666872361231444,-0.225725259452943,0.377258368894166,-0.541959008172977,0.519521759426751,0.390602407135464,-0.146381735850421,0.690868290245467,-0.689756947509077,0.458093498199528,1.16428543852141,-0.47695183393253,1.98886224662546,2.1149718862521,-0.399055352055012,1.05071705673358,-1.02626847504553,-0.79850329866216,1.05397124992965,-0.401695077852551,-1.05044615023603,-0.268598391875418,0.40233668383558,0.0730872551553316,-0.775066813474949,1.10509970204943,0.583427934754856,-0.792365972512938,0.616512591022488,0.236064749642229,0.460260568874707,1.22197703943438,-0.127658703074121,0.319217739704898,-2.51781461895629,0.535459927747184,0.71617029211136,1.26698347040496,0.86404454682653,0.023092887467298,0.288091969287367,0.434547745691443,-0.345514296663158,1.67244843162804,-2.46844996677722,-0.050635436931094,0.0546265433636661,-0.593070382852148,-0.262002492325188,-0.934842647386115,-0.34419972237834,0.512186572064328,-0.169792183002218
-1.58944160249892,0.0957265044797504,-2.31365620573507,1.06539234307024,-12.1718593814805,-0.0863525328205543,0.0436531861561622,0.011499317354409,2.80690405324731,-2.06555906525606,0.301720610973908,-0.329408893161831,1.40149086113258,-0.614796520720155,0.335851021043926,0.753522145096841,0.493822530003669,-0.613966968074639,0.0997007341144494,-4.35703663656756,0.259187859388538,0.86131903826993,1.99400882189387,-0.72228428467537,0.296982015133604,0.834573481685238,-1.52909061167339,1.07526118993277,-0.443577608848606,1.04793749627198,0.312171760126572,-0.785743127241946,2.68709713037433,1.53166876571905,0.0611174469343932,-0.68921158902845,0.677387741850337,0.179958938737556,0.372280112073803,0.15702566387474,0.101909365120004,-0.826173870411025,-0.227552694384818,0.370903068965829,0.609639806209828,-0.615812542980517,-0.762841725547597,0.234531525863372,1.27212834462184,0.619746194045787,-0.0230632059251611,1.70519575724585,1.90960356566805,0.925305551144248,-0.035731277716377,-0.0840438336219801,-0.227005973936469,-0.595684165710436,0.0244440158239985,0.487096494624163,-0.00354280027215397,0.0788751781662283,0.903392791564835,1.14399653774549,1.63293558882667,-0.785925096643762,-2.11127532515646,1.82973817951878,0.182872913344856,0.445920001649797,-0.887807872310645,0.57696371832223,0.948236093996266,-0.67588197961823,1.0982375857129,-0.868111680826448,0.189432740202247,-0.647462190380257,1.24852375203894,1.43212946966431,-0.793406281589464,-0.260100741547911,-1.64405656732384,0.17248993300883,-0.74075723142523,-0.685496247984705,-0.435363582615363,-0.656319605970571,0.847696871718853,1.11544872556533,0.95431985465536,0.846649307202518,-2.06170014253412,0.307156300260098,0.467589492444509,0.696806839980222,-0.0675211002283921,0.261376442953965,-0.183315202390597,0.885547787118974,-0.327188776563862,-1.8958087828856,0.901925286828526,0.33923469570339,-1.53878889598346,0.2652306852261,-0.553620197619085,0.0224717394674205,1.29765561759719,0.759888556371688
-1.25365555336221,0.0957265044797504,0.711179202459116,0.509595948980984,0.0146731830798018,-1.30035011984182,-0.189351802849387,0.413570139713662,-1.25265475753588,0.908938518029037,0.110468595043641,-0.724145033255058,-2.75736874220091,-0.100715297318538,0.532046980818184,-0.0699970319666152,0.493822530003669,0.0297435793967939,0.440977221613979,0.351555795106691,0.941788452602195,-1.58980814276581,1.30188379758541,0.491828572868529,-0.00233729479072215,0.397811194171091,0.155304414410734,0.560503926552002,-1.91126179811608,0.067701706142336,0.312171760126572,-1.06407233354937,-0.16286844177355,-0.94971776683984,-0.244635171736495,1.10613001832032,0.71003330891212,0.0483033070707128,0.917266199889014,0.282351354706569,0.662530461888945,1.05440063578185,0.254147133327512,-0.622160540746581,1.69940124957012,0.577893864530658,0.31926141632176,0.234531525863372,1.897097712461,0.119946639097128,0.78796347259516,0.543620305054206,-0.174898667362867,-1.20241875887222,0.776560218190415,0.751394768320991,-0.284517745935006,-0.994227879351483,0.432722148797015,-4.58812845994715,0.3559407800603,0.350665405302878,-4.54818720421875,-0.146381735850421,1.26633988154512,0.839038506851131,-1.90601656572935,-0.0279126066016991,0.146001383320961,0.781843987428027,1.14973133102117,-0.130130210754746,1.39521450590972,-0.764786666558605,-0.893400452507742,-0.239743377436388,0.316340443395806,0.946369836019902,0.345874592149019,0.434088974386795,0.552566187642237,1.59414504283809,-1.34217115705561,-0.222675864570437,0.514185349975881,1.67740305671349,0.137879510178711,-0.656319605970571,0.324407649702181,1.03675818940242,1.29330766622017,0.538117415020518,0.376919287768136,0.445819472853367,-0.0514202343605303,1.47884924434096,-0.0675211002283921,-2.16393968705121,0.268469832400318,0.0597930473995155,0.440728316012508,1.02755721464838,-1.73043154885542,0.547606763055135,1.17311373580097,0.177496115131635,-0.336454020290061,0.511278303186669,0.385449815611198,0.40986764962848
-0.193362677216746,1.5022666669307,1.2666902983766,0.464187215797509,1.19434327351285,-0.77448571664879,0.0436531861561622,-1.76166523592132,-1.89464690403035,0.524619750391201,-1.52828020086225,-1.93011008374863,-1.67482421054596,-1.56908135033531,1.29235570782523,-2.47055964805177,0.755161626818578,1.83452593708354,-0.019148686966424,0.0394251624786782,2.10198083017238,0.811165434766714,0.718976080454128,1.32360745389463,-0.21953980026769,1.10929705875007,0.155304414410734,-0.959618783088818,-0.608229367403618,-0.533501319908072,-3.0472692814007,-5.60864203011115,-1.06351236712664,-1.32601623921311,-0.511400563177376,2.46588687676079,0.773954065954963,1.23444402830234,0.834441176694328,-1.10962134925714,2.24158520463527,-0.405258787263056,0.992670150728692,-1.82015181369107,1.35548123152127,-0.0916490886489508,-2.2337574114487,1.88577065344073,1.44687156800743,-0.646147970160618,0.490235874927754,2.30863662094097,1.31552363642551,0.821677648380697,-0.035731277716377,0.44127758095832,-0.17289547659163,0.807563336614769,1.22446822526082,-0.178311640504399,1.53528956996895,-1.25051216775946,-3.28786689154653,0.766970521280833,1.09347595863194,0.555785160022249,-1.25788243107263,0.808435945291497,0.365201921953463,1.20932138946123,0.690614869328644,-0.891663758279527,1.26802305937737,-1.43855203094521,-1.39950214106286,0.00806051443300711,-0.15576305600032,0.696821203292766,0.109643553634606,0.486916737953888,0.552566187642237,1.06667613037037,1.43642819870404,-1.01508059889107,-0.00428273760841776,-4.40219748324907,-0.201235785291738,-0.656319605970571,0.87566004190457,0.562695160642756,1.69553004514252,-0.857483343325859,0.741953644205589,0.420823992234116,1.13326842684163,1.24568674855745,1.30070550532252,0.773708986069034,0.606743108799546,-0.622809982341558,0.0610013259466042,-0.0591770036034214,1.08387345396525,1.55632512823516,1.17311373580097,-0.390426090912836,-1.69839430864588,1.09049142477684,0.642118355980869,0.44444582303101
0.751085464208873,0.215277610678241,-0.0955527899038466,1.02000564863033,-0.147628340611428,0.22311814647297,0.0930998090853591,0.864801936113896,2.0499533029652,-2.24935727664398,0.99336307340622,-0.0482952498937076,0.398118159059124,0.77311164116763,-2.26411639196547,0.753522145096841,-1.26014113697079,1.18535473904985,-1.3785925702101,-1.12023985155693,0.430006727828618,1.11897661037275,-2.29062289265703,-0.972190632541756,-1.47201109272272,0.283435903785448,0.336806804760655,1.83687112033949,-0.410642955817115,0.675573109740071,0.156137272035816,2.43588432084542,-0.0491089794764972,0.997448927393789,1.32120323024854,-0.300955025337722,0.0584488484984884,0.119332250657473,0.150364089542062,1.16857453834317,1.02006727675576,1.14357627017319,-0.161141387163702,0.0783642770583618,-0.869412742363751,-0.494503042045552,-1.12508255075639,0.646587745837256,-0.70741388028564,1.30734557632398,0.293413411970845,-0.319201818720592,-0.604387031401376,0.112139496363442,0.217021552854959,1.03071438001221,2.43757138048714,2.06871994941713,0.600281919214839,0.430924875959751,1.18497141286755,-0.0323700534884398,0.099192217513,-0.580597745657265,-1.65552156750195,-0.352549848242359,-2.219299075333,-0.573423427641639,0.217313199091627,0.577313538500917,0.365257438582955,0.57696371832223,-1.42513348309551,0.882853169869438,0.41702714314694,0.565701175380366,0.316340443395806,-0.245595238896706,-0.0146381613693576,0.274300162291465,2.25729542316727,-1.16390221560997,-1.80293307145831,1.00002575135815,0.514185349975881,-0.514326999016553,-1.01074493441549,1.71457327435829,-2.13723815380962,-0.280131408208002,0.219349160109761,-0.0284523180886817,0.0778400279094227,0.71617029211136,0.287600165089237,-1.29555163039495,-2.62394074615249,-2.49220852396275,-2.65521988582149,0.260136832141723,-2.71442606050845,0.947118016996831,1.2039238597701,0.946662450428907,-1.35927621453798,0.112988661905318,1.18189942430616,0.20194111201723,0.0195741693116114,0.69850440091501
-0.193362677216746,-2.27604704844195,0.265301010521051,0.12649929416024,-0.317855409709165,0.86713744312684,-0.122157775612171,0.116148833186313,0.00420438194199789,-0.131750596698168,0.625609739174059,0.849841538742818,-0.502329271642542,-0.0251932885339507,0.105259913056809,0.326973735183287,1.35616792613689,0.289781930692547,-0.135857399113845,-0.198728594091703,-0.244185611758759,0.946276954034161,0.611981481536697,-0.877571435561426,1.0084638470172,-1.61520866936936,0.610389240565852,0.997325711446085,-0.775698117195119,0.026872173925356,-0.0414400515033642,0.375375310293003,-0.0491089794764972,0.997448927393789,0.266589205734182,-0.300955025337722,-0.0306156340050371,0.0483033070707128,-1.67347563279036,0.581188515687897,-0.964270418325627,0.285543534628511,-0.816013635143946,-0.153243488127353,-1.09111907179316,0.529161089627152,-1.23122333460069,0.285679685067136,-0.268309606853208,-0.0839473902948469,0.151414097287678,-1.36955594236812,0.195438451106719,0.291231802623415,-1.41060148270405,0.751394768320991,1.00743222435315,-0.657318583368604,0.865665246347381,0.327916617446788,-0.36456908185157,0.261432684908198,-0.0473750346873127,0.0343243262657254,-0.367658207605621,1.48591080814265,0.608827381529933,0.404604315500442,0.406723853561258,0.231692421442624,-0.809045842030182,0.57696371832223,-0.455639716668236,-0.395119052445024,0.172884808728555,1.01622716358092,0.452703832044404,1.35621624064211,-0.516042324943845,-0.0854826566602569,0.414136940431049,1.00734604049021,0.685172185700639,-0.879145897940965,-0.128471596481755,-0.450831277231902,-0.63267291983184,-0.419397066354193,0.300711054551148,-0.803469172462657,-0.175289517773688,-0.749070769812779,-2.72847168545764,0.139729810053568,0.746778744779406,-0.700063959380093,-0.0675211002283921,0.160620347050938,0.349720395680479,0.4496714836222,2.03280562308617,0.658698215258292,-2.82958456220602,-2.31686397736452,-0.334012303946926,-0.0141142098047919,-0.499740711894786,-0.931296693054711,0.252333241324297,0.190878008083418
-0.0558608811627211,-0.568232375815581,0.541415108396477,0.813608304970518,0.187553873101637,0.549887413975724,0.279831943631821,0.515504137352934,-1.08980866993187,0.839720553176317,0.654045569866834,0.116243467363289,-0.180271535247699,1.52127731675737,0.77386927017236,-0.0699970319666152,0.379630034881163,0.0297435793967939,2.03222548930751,0.664960055253147,1.47892918505577,1.06087020784086,-1.53197802697318,0.931211249512129,0.612314901208096,0.397811194171091,-0.445476644382568,0.493246601868399,0.739590860010849,-0.152330989414443,1.16127068570202,0.993421934817605,0.703051358312176,-0.719819997200803,0.53534299227364,1.10613001832032,-2.45549153687766,-0.0619041969963403,0.748647759140954,0.0443337393289163,1.4374545976278,1.26611985036143,0.0485088162440583,1.57919699916045,-2.1962194820697,-0.532951646150498,0.536943188403792,-3.99429986317332,-2.30425547971977,-1.13690608568285,-3.41080185286207,-1.30239843505997,-5.30294432059975,-1.33544700476461,0.340732822023507,1.42522537229665,1.35818545284689,2.12211030649958,0.382525796454391,0.955913582075044,0.3559407800603,0.292623833331227,0.390602407135464,0.947014564949923,-0.367658207605621,0.966151931034553,-0.451781631424096,-0.847009602501171,0.406723853561258,-1.0577930794797,-0.582606671852007,-0.275551700033683,-1.93812993076975,-0.943180792477909,-0.0566522466721415,-0.794292732719904,-0.0778040097581363,0.946369836019902,-1.02082052784669,0.985744418700275,0.997902635851577,1.2607766411305,0.460173121770026,-1.27538476966188,-2.56016884239499,1.40470846581909,1.03691482609439,0.721494679446484,0.397427714494834,1.60046846692256,-2.70071641005256,-0.0657172672035367,0.821704926972198,0.499135601859275,-2.33208871478746,-2.74518187434697,-1.41909276829017,-2.27147849333231,0.0256264154809443,-3.05248205735274,-1.06471266867985,0.947118016996831,0.273449453008352,0.492684166455212,1.17311373580097,1.00908627666668,1.04990514865572,0.317609460069425,0.694861194374961,0.575930933042795
0.751085464208873,-0.568232375815581,-2.31365620573507,0.310803929522712,-0.608687575989985,0.947846727208384,0.140600437331627,0.413570139713662,1.55172559812558,-2.06555906525606,0.865210102514248,0.63112250730534,1.83152040445434,0.050228897334064,0.130458587111392,0.753522145096841,0.925659059773143,0.560299091662518,0.311266908669025,-1.3280196439241,-0.414235577582633,1.41238936501133,0.839261020670655,-0.68981584238291,-0.0761673099996124,0.338729326818741,0.421903641683467,1.40317972822447,-0.380343124879635,0.906778023642419,-0.563378926052105,0.794068029042226,0.187637689066802,0.997448927393789,1.15407252432472,-0.814283989637709,0.435093964497735,0.938782250893397,0.150364089542062,1.21129897818199,1.14995449688661,-0.765555625532439,-0.227552694384818,0.836875394716388,-0.513072932804586,0.854802352110852,-1.51822055102423,0.285679685067136,-0.268309606853208,0.926394770611402,-0.19667943037847,-0.751433184825727,-0.432135416908677,0.618077837520946,0.0996816413553434,0.178254443083605,0.469070971835906,-0.293170827187909,0.496080432693062,1.19625353636629,0.298347192851576,0.433815988745722,1.14935138513714,1.14399653774549,0.14570198004061,-1.27112297524646,0.816136248313106,1.09085874013053,0.406723853561258,-0.158215778867027,0.119943132657722,-3.73474944063542,-0.845074536081747,-0.187804562005594,1.0982375857129,0.631503039751444,0.316340443395806,-0.950659065189372,0.796154997777596,1.58653706768726,0.414136940431049,-1.21242394287289,-1.64405656732384,0.45282041287535,0.780467263983922,-0.182931947924634,-0.63267291983184,-0.299868275325809,-2.02908872280608,-0.988347781522153,-0.175289517773688,0.372025816082389,-2.06170014253412,-2.23343776606382,-2.41656341000426,-0.910582788328787,-1.17914217455434,0.471205500674912,-0.384079059386505,0.885547787118974,0.154900919646141,-1.8958087828856,0.868650134884526,0.547606763055135,-0.935951995131237,0.570789462434828,0.115785910477016,1.21922353400023,0.363635120085996,-0.924686122531488
-0.0558608811627211,-0.652560491752821,0.369266361657037,1.30877115825841,-0.462013772726153,0.306073861730281,-0.189351802849387,-0.0253944555272829,0.615468161309756,1.07664401234348,0.0848768458785273,0.440225145389144,0.0958619313764391,-0.100715297318538,0.157954940216351,0.753522145096841,0.074896587760337,-0.816283097066947,1.65079227941788,-0.350794281087492,0.00199532093468337,1.17628844451244,-0.263584866939357,-0.261137914666573,0.694820337898614,-1.83489590435516,0.560581885312514,0.0728546278356824,-0.965747983516357,0.655022252687338,0.312171760126572,-0.358524099683644,0.187637689066802,0.997448927393789,0.876355076657441,-0.927456641893257,0.405986221081054,0.30055409095814,0.00545560298302403,0.282351354706569,-0.531993889371421,0.900613953326278,-0.28298727206571,0.717937643151666,0.0748949218036167,-0.0916490886489508,-1.12508255075639,0.516985935082937,0.296651245779414,0.619746194045787,1.54301498336075,-0.871717913018574,0.301760847288986,0.33519546135434,-1.07991657238261,-1.25579476904787,0.341280206814523,-1.18600679630843,0.327148779410203,0.327916617446788,0.147218186593889,0.664261528151414,0.390602407135464,-0.943889197620687,0.772061860057103,-0.689756947509077,-2.48871700959527,-0.225124395358408,0.107619309036348,0.0297672658213689,1.73032586125079,0.683740469126125,0.0838412962623624,0.224610761877935,0.05188900763362,0.665989175913325,0.316340443395806,-0.188800735617395,-0.516042324943845,-0.301630280537638,-0.0147847972203031,0.241148796426806,0.0275414685334742,0.305588499742104,1.38837396777839,-6.46829526483744,1.62116641313979,0.0815057562198552,-2.40696954385112,-0.280131408208002,-0.0771577661286472,-0.112838135045327,0.433554851407883,0.164850681089654,0.670333759305393,-0.199078072019048,-1.09645390171381,-2.77451445937955,1.2104885876899,0.39922734352154,0.390487861949256,0.113490912566576,0.706005024051934,0.414520177830943,-0.474281836162509,0.64935084084513,-0.146948185826239,-0.34419972237834,0.167586159011131,0.250775219701398
-0.328387798832631,0.893099634438767,0.46116459957454,0.0629643894486045,0.187553873101637,-1.49314121745709,-0.00926917798454472,0.588342309822108,1.2576733120405,1.07664401234348,0.802588041437272,-1.0864097819487,-1.81268301383502,-1.14496950011972,1.23088062605005,-1.14977892531987,-0.826004394059192,1.83452593708354,0.741743706681475,-0.238759414274519,1.57758155955683,-0.921246811649488,-0.693976912410123,1.24678064334438,0.222412287258807,-0.27185250986609,-0.724724389365099,0.493246601868399,-1.56012899584272,-0.619453642907787,-0.732475323531231,-0.56605498766281,1.17385798676142,-1.32601623921311,-0.570878182767092,1.87624850240135,0.984341505488877,0.968561415757681,1.51648846635742,-1.18056284165662,1.14995449688661,-0.405258787263056,-0.104019831706868,0.205748744613248,1.2446913407695,0.529161089627152,-0.225224796060018,1.46399875845741,1.897097712461,0.619746194045787,1.09374161766071,1.784472277052,1.37558988646501,0.797544810437065,-0.168705147081962,0.553746955922294,0.219623446847465,0.0666872361231444,0.116964644778349,-0.442625780033712,0.198309414871569,0.261432684908198,-0.334860104762787,-0.943889197620687,0.933669711941209,-0.416838992097413,-1.34042037160239,0.153055447444775,0.406723853561258,1.37609495496419,-0.114140707394262,-2.84850138421487,0.84939690149008,-1.28371488830211,0.681270209919537,-0.290231229123829,0.316340443395806,-0.902072900039638,-0.0146381613693576,0.607347182951548,-0.570744612001571,0.554069758990982,-0.510317551456847,1.2949791082651,-1.00256375315333,0.22590573855739,-0.157335395104188,2.0803166689054,0.56915748566789,1.85112869880342,1.17258592545003,-0.9639431958033,-1.06785777667075,0.659671017508959,1.26698347040496,0.696806839980222,-1.09645390171381,0.549971118167624,-1.41092034897916,-0.212313093222233,-0.523868340007858,-0.167655058652397,-0.869892863279087,1.85029640539611,-1.25693880421473,0.361981169467387,0.359811375087763,1.21922353400023,0.592110230791911,0.789319417007701
0.631459211065846,-1.77413774624908,0.647954769078093,-0.00609224350436449,0.871337061156552,1.28823164377953,0.482017064198627,0.90495994094377,0.283762020943859,-0.215956551278354,0.865210102514248,1.41337141037294,-0.0826872931585809,0.551165408988306,-0.0989475626628818,0.753522145096841,0.685606925815162,-1.17543400161711,-0.135857399113845,-0.920358891264872,-1.31500241238547,0.619549812907084,-1.73270475373677,-1.20439723692832,0.185318097615854,0.397811194171091,0.610389240565852,2.17938612769378,-0.650254705385194,0.227012160715914,0.312171760126572,-0.216389585670372,0.306452520343007,0.367330750596192,0.635145194880408,-0.431351338931425,-0.270662917753755,0.119332250657473,-0.2851698517576,-2.21601381392561,-0.642072992727885,1.29713113733801,1.20094209104958,0.0783642770583618,-1.09111907179316,0.0575519844126968,0.671443269012326,0.646587745837256,-1.11925039574443,0.619746194045787,0.26030299367898,-1.05524835062946,-0.281397141574207,-0.687909897873523,1.43585793258903,1.35243340141974,1.35818545284689,-1.18600679630843,0.432722148797015,-0.0465003283873321,-0.674040847467936,-0.0640420740672725,0.246974283412111,-2.17731549133135,-0.838033779421528,1.73735562397302,0.816136248313106,-2.08490796128066,0.406723853561258,-0.158215778867027,-0.809045842030182,0.416211199837632,-1.04094411588783,0.0800278461485664,0.172884808728555,0.265958259857929,0.316340443395806,1.04562482453674,-1.17535497877588,0.461399688503051,1.66791217138829,0.681604016904519,-2.28215253763439,0.45282041287535,0.514185349975881,-0.514326999016553,0.467603766933231,0.460260568874707,-2.46344946412959,-0.803469172462657,-1.81752871498927,0.743322217126306,0.405357977294746,0.800023480547422,0.134709386750298,-0.809742643247872,0.368564590834327,0.714918009140764,-0.424982919934224,0.0981791765084469,-1.35768938055295,1.20693237399529,-2.70282661484455,-0.996635514108259,1.68417041100758,-0.0141142098047919,-0.499740711894786,0.72138486964129,0.146954481687487,-0.332361517915061
0.188908750199119,-0.406669746858407,0.413397553221738,-0.310151235543215,0.611331323524278,-0.327070751857572,-0.00926917798454472,-0.233880223383146,-1.57262657878014,0.524619750391201,-2.89104027935526,-0.851304755113667,-0.502329271642542,1.36366604561977,0.69074397442868,0.326973735183287,1.03026658614235,-0.444653280883618,1.38548375515319,0.736203146655058,-0.574982744056197,-2.18319974017168,0.839261020670655,0.619573285371021,0.222412287258807,0.225936121028047,0.155304414410734,0.493246601868399,-0.503464570857627,-1.73121703824898,2.85114440900754,-0.00116888540624903,-0.626412413761127,-0.127488091919065,-0.215992682011943,0.291684839483377,-0.113757424204199,0.63540420922908,0.00545560298302403,0.0443337393289163,-2.63965518209248,0.383102875471865,0.150898825309346,0.67885240777541,0.0748949218036167,0.489656228582991,1.43061719379699,0.0358907084326195,0.296651245779414,-1.30077700996686,-0.0580657936491774,0.621245026388959,-0.333231664751118,-0.253358935859238,1.26294835664278,1.80570843336562,0.398493394369671,0.983653140364623,0.827460096541564,-0.264018744083322,0.198309414871569,-2.89081863454007,-0.334860104762787,-1.31169521245885,0.3771341432646,1.13474094564428,-2.4080199175524,-0.686327843152894,-0.47695183393253,-0.257114108792099,1.04960368449264,-0.130130210754746,1.26802305937737,-0.636976347928498,-0.531455420315175,-1.36294350089439,0.452703832044404,0.696821203292766,-0.516042324943845,-0.0854826566602569,-1.20655731542097,-0.313167875210336,0.14941416582505,-1.01508059889107,-0.528768154607584,1.15092301397104,0.796837290969686,-0.167647072577024,0.619276597823018,-0.988347781522153,1.17258592545003,1.38918500201795,0.34822659778597,0.164850681089654,-0.157069530900021,0.372859796619264,-0.147412553291948,-0.351037605184866,-2.922407218464,0.217339490923321,-0.428281518065061,0.0407916297150105,0.366821337524321,1.0593313176882,1.17311373580097,0.517526085839947,1.23006227356129,0.0224717394674205,0.0426366867939387,0.478717895060612
-1.76615936297819,0.414107576339251,-2.49665813623127,0.606682984164304,0.187553873101637,0.549887413975724,0.482017064198627,0.664853025585996,0.86847440199958,0.673360693108657,0.654045569866834,1.41337141037294,0.398118159059124,0.050228897334064,-0.0673196454111219,0.753522145096841,-0.0453545566722365,-0.274541367776464,-1.3785925702101,-0.0044387021321398,-0.414235577582633,0.350532454978035,0.0586101884023861,-0.72228428467537,-0.682152707333972,1.0584968534826,0.772262158729379,0.853596897306869,-0.775698117195119,1.28038775469067,-0.563378926052105,0.535307650165125,1.00859862840905,0.997448927393789,1.04322944991149,-0.927456641893257,0.49303007812935,0.63540420922908,1.12193077259337,0.32270369435981,-0.00554147264357505,-0.553949278026434,0.586797514373822,-0.693457341847863,0.00159311463675554,0.854802352110852,-0.627896608180107,0.810445858483529,0.504722088396298,0.352872903950517,0.531744269660493,0.694376365389426,0.0323505369840331,0.433370010041899,-0.168705147081962,-0.0840438336219801,-0.74597512260382,-1.78755211886001,0.116964644778349,0.676060591631102,-0.00354280027215397,0.6911883395138,1.07991310830113,0.409598264686943,-0.61076896225424,-1.12837666370881,-2.219299075333,1.69964729323332,0.217313199091627,-0.158215778867027,-0.270228287357283,-3.85894380197385,-0.390603702611954,1.25314489776215,1.0982375857129,-0.647456288810697,0.316340443395806,-1.38563063849554,0.345874592149019,0.486916737953888,-0.0881330012720329,0.357684499976128,-1.80293307145831,0.583427934754856,0.514185349975881,-0.031193095846009,-4.79178695491546,0.323769132408869,0.446692750100032,0.409334435552831,0.319217739704898,0.182249071388069,0.433554851407883,0.827531967209643,0.108342287141318,0.372859796619264,-0.147412553291948,0.688431290478685,-0.347001861916867,0.885547787118974,-2.04897299887105,0.357926525755951,-2.20708206706571,1.52436891268994,-0.826949953913933,0.951902875550319,-1.09154315689464,0.20194111201723,0.436795746170511,0.69850440091501
0.188908750199119,0.77409730514677,-0.472066844486169,0.813608304970518,0.611331323524278,-0.41003358953983,-1.43493685363366,0.588342309822108,1.2576733120405,-0.215956551278354,0.625609739174059,-1.19409689098948,0.132390865726033,-0.29888955058801,0.926811538530652,-1.7965292261388,-0.655781955259912,0.868936547731296,0.311266908669025,-0.0044387021321398,2.21877219941985,-0.54746909410828,-0.36206921155806,0.818112794663147,0.334493076279273,1.0584968534826,-0.124022202310617,0.704242150371192,-0.650254705385194,0.332833056829226,-0.307831955800389,-1.54528674338686,1.51457119981269,-0.455657840732264,-2.13529348709551,0.643809294378102,0.917531334668247,0.838922813093669,1.19611646051,-0.908777941467371,0.785229930942606,-0.826173870411025,0.20123574903108,-0.153243488127353,1.35548123152127,-0.0916490886489508,-1.71993166608762,1.66731049348079,2.27320505647223,1.30734557632398,1.04825462125393,1.54451631067225,0.139286051944608,-0.0594183311705819,0.340732822023507,0.65695257083694,-0.17289547659163,0.0216648575036164,1.37596808738078,-0.221935832049519,0.251023131911627,0.6911883395138,-0.187667062853837,-0.254308087614388,0.14570198004061,-0.319206720564339,-1.02420816390894,0.0663395961000464,0.823448200877289,1.45049341528197,0.277716265988363,-2.48495380215329,1.05071705673358,-1.14322260923279,-0.6196825510524,-0.954596396827555,0.189432740202247,-0.449372473959455,0.461499178926393,-0.301630280537638,0.350485704685501,0.49177931224219,-0.0452467680330441,1.77219492618747,1.53217184019107,0.130583370715689,-0.280356294065404,1.71457327435829,0.56915748566789,1.60046846692256,0.840278661989853,-0.556083431353878,-0.66017396123957,0.60529641244924,1.26698347040496,0.696806839980222,-0.332744859038946,0.261376442953965,-0.963233197263327,-0.103300113715676,-0.379939137774408,-0.461002141123188,-0.38878489190784,1.39291899138752,-0.474281836162509,0.0266856893730403,-1.26261557715351,1.53980988069272,0.436795746170511,0.312624365990979
-0.193362677216746,0.77409730514677,0.497675090419582,0.509595948980984,0.871337061156552,-0.167191819834608,-0.397679591226105,0.742811564617638,0.184204798900662,0.629037477205874,0.390625666133191,0.116243467363289,0.0218484643870112,-0.496581222982152,0.837183654429067,0.753522145096841,-1.66205887702306,0.625832959523953,0.381246342014514,0.185571398110621,1.12374664214004,0.403371564311077,0.0586101884023861,1.05362132897554,0.296982015133604,0.572968012939976,-2.84890436703062,0.493246601868399,-0.688657051960118,0.459165548787412,-0.351591355851559,0.702756303053476,-0.0491089794764972,0.997448927393789,0.585675693837015,1.41321761605885,0.350372984980579,0.59393909336655,0.797273980187458,0.0605614173346143,0.444746926165228,0.359378293068392,0.482117585162224,-0.196583550154414,0.773972518065725,0.529161089627152,-0.266164171003006,0.0358907084326195,1.44687156800743,-0.476128811269176,0.828279856895281,1.00448858637787,1.17618186467753,-0.1589517094467,-1.75866774052824,-2.39900941163553,-0.808681624251153,-1.09341078754891,-2.09174233423984,-0.349601208806157,0.3559407800603,0.915314227665431,0.196537390595155,-1.31169521245885,-0.61076896225424,-0.548314863166274,-2.60154557913168,0.153055447444775,0.569202716043635,0.445920001649797,0.442914078177514,0.293774782837607,0.745578779894836,-0.0602780400183178,0.552394667178999,-0.136214333460174,0.316340443395806,-0.803751046801197,-0.0146381613693576,0.201442348304737,0.148667582104305,1.32559807426609,-2.36512414649421,0.305588499742104,-0.582130020735302,0.851580281365738,-0.240922011522503,1.18579819622485,0.56915748566789,0.409334435552831,0.95431985465536,-0.43776372302328,0.535459927747184,0.659671017508959,-2.82010701899821,1.04218317115801,1.00639136616946,0.445137279901721,-0.0554313362861316,0.217339490923321,-0.0760137833690451,-0.00742735374701105,-0.050635436931094,0.268949045794122,0.104922940500587,0.38683785080283,0.430033626451564,0.20194111201723,0.2971381223772,-1.03785022902043
-0.328387798832631,1.93355227456561,0.497675090419582,0.509595948980984,0.871337061156552,-0.327070751857572,0.229538410747116,-0.540171470443433,-0.765162591612956,0.480061007264485,-0.491667734036899,-0.724145033255058,-0.776041995491252,1.13537850172239,0.897462075785738,-0.0699970319666152,0.755161626818578,0.450238471835138,0.202687809845561,0.817590459595713,1.57758155955683,0.403371564311077,0.491368064584563,0.818112794663147,1.39122205866063,1.42089308334027,0.0605541199229528,-0.0716481428401809,0.739590860010849,-1.53468929981613,-0.22073315403058,0.149483785295026,-0.736324164541109,-1.49091229453417,-0.511400563177376,-0.557113880550214,-2.75526174555706,1.1091073704604,1.51648846635742,0.195632841006647,-0.32455990422816,-0.15143531452436,0.891335634141648,-0.196583550154414,0.856388588804946,0.577893864530658,0.759968092761443,-4.27757915163297,0.504722088396298,-1.7427997490674,-3.78022397105556,-0.570511396085325,-5.85624483776592,0.386016387386301,1.0419627741784,-0.16116031453447,0.533157861810423,-0.0579517230604305,-0.688338413248065,0.0470065707521384,0.795475763881185,-2.62166818813889,0.0489104884378151,0.128979421108261,-0.102658532372362,0.396473374586321,0.167612494749091,1.37256092339475,-0.173810874633794,0.12177660549128,-2.30375616551489,0.0423694691312168,0.229643220815713,-0.67588197961823,-1.82601530982991,-0.041212661684961,0.0397437080453976,0.862314833829607,0.53601944250532,-0.13886157815521,0.485962939147557,1.79861964545838,0.352624220909551,-0.615977004682094,1.59952251083689,0.616512591022488,0.185852459574788,-1.23544000501992,0.645244524200999,1.03675818940242,-0.867042628595401,0.244195353333871,0.561192903652398,0.277263781152872,1.13326842684163,0.521402542894057,1.76386073945688,-2.49220852396275,0.606743108799546,-1.66766697524399,0.804475223202219,-0.167655058652397,0.767077759325572,-0.32376400794577,0.29138128135699,0.155333170278112,0.921815507354282,-2.59121174758495,0.231000715474393,0.728599211375745
0.405429402334619,1.13006035313188,-0.174315066899905,0.606682984164304,0.611331323524278,-0.914194227002184,-0.00926917798454472,-3.68536852329489,-1.49784312010162,-0.215956551278354,-0.0577430650294643,-0.329408893161831,-0.117936903099282,1.13537850172239,0.482174971869706,0.753522145096841,0.834620141401044,0.289781930692547,-0.135857399113845,-0.0837449920961149,0.351974353793556,-2.18319974017168,-0.693976912410123,0.762061728469928,-0.258047274649962,1.0584968534826,-0.0944648478698775,0.00522956292150947,-0.775698117195119,0.500966622883039,0.156137272035816,-0.287609279716521,0.306452520343007,0.367330750596192,0.309207629545625,1.10613001832032,0.405986221081054,-1.937753184814,0.703722790152478,0.0443337393289163,0.444746926165228,1.5996064741719,0.0485088162440583,-0.622160540746581,0.856388588804946,0.0972630136053224,0.0488651191743036,0.451165806532341,1.11961294558315,-0.275364440039861,0.405699725498669,-0.113102708215453,0.985739847515138,0.00473111827410036,1.6008209427439,0.710480770341524,0.341280206814523,0.467913586330488,-0.225725259452943,-0.00210403490878362,0.737887121127277,-2.89081863454007,-0.187667062853837,0.335632901958204,-0.102658532372362,0.277970139491092,-2.4080199175524,-0.847009602501171,-0.283401681127349,0.748058725015786,0.611605020802687,1.04976177430626,0.84939690149008,-0.558649647441477,-2.07148189580515,-0.422587750267508,0.316340443395806,0.461968957319528,-0.516042324943845,-0.485635062005131,-0.36911614566181,0.936798000387767,-0.15818396619987,0.583427934754856,-0.74075723142523,0.616512591022488,-0.435363582615363,1.52596427908991,0.300711054551148,-0.414337425422163,0.429691070835187,0.27095806797404,0.139759586484982,0.219483764423909,-0.198112177375937,0.372859796619264,1.00639136616946,0.497385792871309,-2.922407218464,0.177319392927648,-1.1423946952979,1.59567400619319,0.482145961178755,0.611095956171917,-0.200273534157182,0.435507793816143,-1.69839430864588,-0.931296693054711,0.0629235076137636,0.512698550171701
1.04396686309869,0.77409730514677,-0.247846612033967,-0.00609224350436449,-0.608687575989985,0.86713744312684,-0.528939418695367,0.448167964703673,0.738515501471028,0.721335584188348,-2.29623301920066,0.849841538742818,1.07017882659486,-0.796126955489822,-1.88035241447429,0.326973735183287,-2.27030195865547,-0.33070468555018,0.440977221613979,-0.0044387021321398,0.685292430018278,0.643354124516182,1.99400882189387,-1.85745337803781,-1.25644636633617,0.715390954283278,0.772262158729379,1.14797934592561,0.739590860010849,0.479544938228524,-0.563378926052105,1.81384045063328,0.0613261975951968,0.367330750596192,1.15407252432472,-0.927456641893257,-0.171649263715274,-1.2172743962714,1.19611646051,0.516293459794391,-0.642072992727885,-0.553949278026434,0.0966146890195229,0.524863759025517,-0.795609205108475,0.210009228687487,1.53949764817792,-3.85628730349533,-1.58860057404464,0.352872903950517,-3.23082084397583,0.0934995063807598,0.301760847288986,0.504764596993262,-1.07991657238261,-0.00164369548604901,-0.808681624251153,-0.192113834515116,-0.401552482098335,0.746115180442601,0.856036338518347,0.604271091614942,0.85051005555572,0.828716541835027,0.0701007083610008,-3.31507257127979,0.583949242923897,1.43450712235329,0.488694881684167,-0.934820853740003,0.530216842481124,0.57696371832223,-1.72034576822506,2.03746102327943,1.0982375857129,0.451100089705768,0.189432740202247,-1.47394091328072,2.43524478011298,0.583280307981819,-0.0147847972203031,0.181631758436135,-1.34217115705561,0.583427934754856,1.99088893130748,0.130583370715689,-0.554490057548792,-0.167647072577024,0.769435920953469,0.177904407694378,-0.269954191798191,0.874223790838699,0.486024573779661,0.552804342208331,0.0599899505461171,-1.20223841404709,-0.757775706986254,-2.16393968705121,-1.07194897639237,-2.94833362384256,-0.567820174321936,1.17569187500327,2.24872270735186,0.492684166455212,-1.4510796554704,1.51353174911679,-0.0296665460619889,0.317609460069425,0.642118355980869,1.15806251223238
0.858113653071349,1.93355227456561,-1.00775871187457,0.247832190584439,-0.317855409709165,-0.327070751857572,-0.318905962409986,0.28049573296494,-0.428448295097238,0.524619750391201,0.625609739174059,1.10115885728815,-0.411527664979208,-0.231894032895758,0.607821099924491,-0.0699970319666152,-1.14463901599911,0.39421178849729,-0.019148686966424,-1.44129650572532,1.87082605968998,0.278138001390515,-0.263584866939357,1.11552239012294,-0.621792873953286,0.834573481685238,0.220655422714582,0.560503926552002,0.638737524835939,0.615809836945963,-0.645409582073406,-0.643566538836654,-0.515798442221809,0.367330750596192,0.0611174469343932,-0.431351338931425,-3.02382118392751,0.30055409095814,1.23449646140085,-2.09816636542504,-0.964270418325627,-0.494825809577508,-0.28298727206571,-0.196583550154414,1.2446913407695,0.529161089627152,-0.266164171003006,-0.268203024909328,0.617989716850761,0.352872903950517,0.450005077522234,-0.252374692393975,0.657801178691339,-1.85311571827617,-0.705177078969831,-1.25579476904787,-0.866148179546054,-1.27266536877705,-3.05394792135007,0.487096494624163,0.576409518224325,-0.00277813172917147,-0.187667062853837,-0.580597745657265,-0.685007987014173,0.475001395465364,0.361629033555867,-0.442908654417291,0.638857366644511,0.0297672658213689,-1.74145172293556,0.293774782837607,0.745578779894836,0.473791162037374,-0.347844502547033,0.489646446060335,0.452703832044404,0.392560272748124,-1.62217890755829,0.0727669467690085,0.148667582104305,1.32559807426609,0.14941416582505,0.17248993300883,0.71953537627626,0.335120532095586,1.40166144410318,0.323769132408869,0.324407649702181,-1.11659703539639,-0.0771577661286472,-2.3409643504059,0.319287040884654,0.366160167422847,-0.198112177375937,0.696806839980222,0.368564590834327,0.661147276879872,0.0555056480031606,0.138721451766128,0.109381743719605,0.0407916297150105,-0.050635436931094,0.134766696291365,-0.0578173804619865,1.12548190083365,0.689599160663861,0.20194111201723,0.189036756630502,0.40986764962848
0.631459211065846,1.07041262817242,-0.0955527899038466,0.509595948980984,-0.462013772726153,0.146058706504724,0.0436531861561622,0.180281771516588,0.992200709024405,0.00923931179234422,0.654045569866834,1.10115885728815,0.231446983536555,-0.100715297318538,-0.159887706173649,0.326973735183287,0.834620141401044,-0.444653280883618,0.741743706681475,-4.78233712808142,-0.326111518989493,0.455296882186489,-0.590533333416579,-1.39039687166252,-1.60256313005396,0.751038353001922,0.377230035452364,1.23768368695431,-0.270226940596895,-0.290160548875249,1.75811462082317,0.149483785295026,-0.16286844177355,0.997448927393789,0.808581855231521,-0.300955025337722,0.405986221081054,0.541507189096918,-0.0673941049281382,0.452808603894749,-0.112310170458325,-0.125037751492939,-0.422518127188868,-0.0010152705392917,-0.290713110778598,-0.175600415014518,1.32738218485364,0.451165806532341,-0.186111109657755,0.619746194045787,0.26030299367898,-0.0432580028872695,0.139286051944608,-1.85311571827617,1.93131383848564,-1.56776551355635,-0.284517745935006,-1.96686125503265,-1.33092227274125,1.11442301780427,0.251023131911627,0.136884109105956,0.85051005555572,-0.0542612996788911,-0.278557594784309,0.0434339106525742,-2.4080199175524,-0.321298368954176,0.365201921953463,-1.53632959982002,0.277716265988363,-4.07591520347015,-0.520566975697472,0.627761806403861,0.552394667178999,0.805883658038209,0.452703832044404,0.136060795888528,-0.0146381613693576,-2.00343427492563,0.0730872551553316,-0.0500283802805251,0.643529121910537,0.17248993300883,0.384998947241983,0.0471421079510039,1.62116641313979,0.323769132408869,0.493695905820507,-0.34491055627617,0.0213958695093279,-0.655127578360473,0.192209120492364,0.526787649936783,0.164101974482437,-0.809742643247872,-1.49577344202098,0.981747087371295,-0.714396779649259,-0.723268178061626,1.03230090299404,0.687275776864492,0.449355677708779,1.21981523739833,0.771791441353561,1.03729959907881,1.60065968128699,-0.147754630639532,0.252333241324297,0.575930933042795
0.552493551377685,-0.137646439925263,-2.49665813623127,0.12649929416024,0.0146731830798018,0.393310607470023,0.871687041711536,0.483925163188444,0.738515501471028,-2.24935727664398,-0.0577430650294643,1.10115885728815,1.07017882659486,-0.100715297318538,-0.299054997755423,0.753522145096841,-0.231459217383863,-0.979415215448257,0.926723501950471,-0.848933577008494,-0.574982744056197,0.525399656040364,1.30188379758541,-0.753720099367553,-1.47201109272272,0.158570593484607,0.717147956542188,1.07526118993277,-2.10575349845391,0.778664188255432,-0.686155004395398,0.303322027417139,0.187637689066802,1.53166876571905,1.32120323024854,-0.431351338931425,0.641435848426451,-1.66689968696145,0.150364089542062,0.494818731665679,0.101909365120004,0.779362509020037,0.0966146890195229,-0.0375148282505673,0.0748949218036167,0.327997136646998,-1.12508255075639,0.395425423785261,0.296651245779414,0.619746194045787,-0.19667943037847,0.543620305054206,0.922808756937136,0.654625880533749,-0.168705147081962,-0.778917361378842,-0.683803534498019,-1.18600679630843,-0.548735546806314,1.2834179461149,0.198309414871569,0.166221728484292,1.51779415038326,0.994013495373379,1.09347595863194,-1.39379396611278,0.559950069954933,0.808435945291497,0.78619604930525,-1.31020115515862,0.198578500577778,0.683740469126125,-0.714984370226052,1.73096652163914,0.05188900763362,-0.354072222966255,0.189432740202247,-1.59752747560539,0.599626143485276,1.55309602345988,-0.669072460048411,-0.570003190199351,-1.80293307145831,0.730258878746979,-1.16927164832741,-0.113353582366815,-0.823360586292905,0.323769132408869,0.669271619139911,-0.414337425422163,-0.671727168514854,0.452752335255685,-2.20097223120645,0.499135601859275,0.108342287141318,-0.334634991400181,-1.25928536423631,0.631880498121628,-1.17506569314219,0.507298306596989,-1.06471266867985,0.51456596576815,0.617113011715099,1.0593313176882,-1.53878889598346,0.839746984619731,0.395329545735402,0.317609460069425,0.669275792462305,-2.66222629489935
0.751085464208873,0.282130038976662,-2.67966006672747,0.247832190584439,0.0146731830798018,0.706692252638666,0.279831943631821,0.864801936113896,0.387966498143473,0.721335584188348,0.898304239573095,1.10115885728815,0.599162286994765,-0.29888955058801,0.0554348701944573,0.753522145096841,-1.63327518930092,-0.125675556148866,0.889692918897993,-0.0837449920961149,0.170954742204751,-2.08781197795968,-0.479174672002457,0.818112794663147,-1.25644636633617,0.751038353001922,0.974874781465142,0.352967521176934,-2.17281668329396,0.547517160760628,0.517884504912243,-0.56605498766281,1.17385798676142,0.997448927393789,1.15407252432472,-0.161509701463328,0.293513114250599,0.0483033070707128,0.703722790152478,0.282351354706569,-0.218523844069128,-1.00943871786783,0.586797514373822,0.717937643151666,0.535604052199237,1.04314973380843,-0.570615131609357,0.234531525863372,0.72931481743086,0.352872903950517,0.369783921839443,0.0934995063807598,0.139286051944608,0.112139496363442,-0.440427133814197,0.38642981163221,-0.116637205035684,-1.63217463852945,0.496080432693062,0.609731692384585,-0.00354280027215397,0.782504382587901,0.903392791564835,0.409598264686943,-0.0158445299433329,-0.548314863166274,-2.32732282550954,0.404604315500442,0.327149689473485,0.181076797907332,0.119943132657722,0.844739916611451,0.0838412962623624,0.224610761877935,-0.0566522466721415,0.200740314039534,0.316340443395806,-0.902072900039638,-0.0146381613693576,0.768268111896528,0.148667582104305,-0.313167875210336,-1.96180957559279,0.45282041287535,-0.416691784400162,-0.253724396504562,-0.39774530783236,0.721494679446484,0.645244524200999,-0.0527925390317787,0.319217739704898,-0.269416892318106,0.612707482368402,0.445819472853367,-0.0514202343605303,0.696806839980222,-0.0675211002283921,0.549971118167624,-0.833359603858302,0.4496714836222,0.748851589133125,-0.769425946466235,-2.37143716166007,0.492684166455212,-0.826949953913933,0.517526085839947,0.00505438616418639,0.612723393067075,0.231000715474393,-2.83006606298096
-2.20690442041202,0.282130038976662,0.369266361657037,0.704583865360497,-0.147628340611428,-0.167191819834608,-0.0707983740245965,0.622596912885525,-0.17207034250768,0.972438054563637,0.594876953549992,0.63112250730534,0.429756100485218,-1.02655842879704,0.360300704027807,0.326973735183287,0.217579302984032,0.507174549736093,-0.135857399113845,-4.89799387057657,0.518512122455168,0.234023304415173,0.718976080454128,1.18171915046054,0.185318097615854,0.461095902704907,0.83096882449212,-0.14930295497882,-0.550046957503297,0.635643340525802,-0.264986268806409,-0.0733388224922474,0.703051358312176,0.997448927393789,-0.0663706695030217,-0.0244558501771044,0.15263099249513,0.0483033070707128,0.439896032908539,0.410859569009365,-1.17441468891517,-0.0407978171159152,-0.104019831706868,-1.18508994709958,0.00159311463675554,0.369234898323995,-0.225224796060018,0.338712418991133,0.398804723872355,-0.0839473902948469,0.659650648340873,0.0288047397308117,0.245029449214964,0.433370010041899,-1.07991657238261,-0.48108353677271,-0.116637205035684,-1.36278185673641,-0.0646694017506266,0.327916617446788,0.684391728490584,0.818535393907857,0.342017987042081,-0.580597745657265,-1.3085114386993,0.357668416526202,-2.48871700959527,-0.0279126066016991,0.447891585159421,-0.459205322802417,0.690614869328644,0.57696371832223,0.382297373656274,0.171784671359839,0.41702714314694,0.770692023249601,0.452703832044404,0.392560272748124,0.109643553634606,0.375832540328103,0.485962939147557,0.241148796426806,0.352624220909551,0.730258878746979,1.32217681825372,0.616512591022488,-0.708672664030729,0.721494679446484,-2.40696954385112,-0.609995357900479,-0.671727168514854,-1.39344654860152,0.461469554074334,0.632770550246621,0.0376051718838479,-0.0559069300933451,-0.242409635648556,0.523609937810427,-0.384079059386505,0.57332374969032,-0.428281518065061,-0.0591770036034214,-2.61699386885676,1.02337046952215,1.17311373580097,0.288633592306412,-0.450901792902486,0.511278303186669,0.103765917033058,0.604844456858963
1.80402603762088,1.13006035313188,-2.95307630352983,-4.72015424315337,1.19434327351285,0.706692252638666,0.229538410747116,-0.861625004556872,-0.17207034250768,-2.70776141788424,-0.573157876865543,1.10115885728815,-0.601281251683508,1.75895260726111,-0.226482566856319,0.753522145096841,0.493822530003669,-1.10229373243944,1.05033479450734,-0.422719986289973,-0.965010094090368,0.785634594888348,-1.11448030017813,-0.450458568358363,-0.980221126180993,1.13802406585461,0.0605541199229528,0.0728546278356824,-0.287614182873479,-0.194632952781515,2.52347771447753,1.21512485146924,-1.28168212511884,0.367330750596192,0.53534299227364,-2.05170109028285,0.322809346449832,-0.287067666665371,-0.698070511396257,1.08639591066935,-1.89203453930438,-0.0662122554683312,-0.161141387163702,0.758306780128948,-1.60669960308562,-1.67433161365088,0.495291528532268,-0.161634802317339,-1.38160667472595,-0.0839473902948469,-0.0580657936491774,-2.30660136876454,-0.721799406385154,-0.900917626408385,0.698794175915616,0.317075779190974,0.658641438675234,1.58822293050052,-0.0646694017506266,0.549713515613749,0.3559407800603,-3.00590745086362,0.099192217513,-0.421765088244575,-0.685007987014173,1.1815667453289,0.192876442452835,1.23708778650351,-0.23495752315655,-0.459205322802417,-0.809045842030182,0.416211199837632,0.46554148422261,-0.0184422828504041,-0.71432126344013,0.337036753298293,0.316340443395806,1.24106087915176,0.660792152405269,0.0310556020494127,-0.669072460048411,-0.889034579394214,-0.0452467680330441,-1.78087643297775,-0.952980767192717,-0.685496247984705,1.13889902408832,-1.4858914202971,0.744248927239066,2.90326178692615,-1.89831214308592,2.17870235510704,0.663092620286752,0.114722192199063,-0.198112177375937,-2.12032597709416,-0.416659291001562,0.942111363981153,0.518835874507178,-0.0747448555546666,-0.120772110644232,0.571343767898898,-2.61699386885676,-0.187658150475239,1.68417041100758,0.570789462434828,2.02245995894481,-1.85901143612908,0.125025939530075,0.190878008083418
-1.0633954446892,-0.137646439925263,1.09898240118176,0.12649929416024,0.871337061156552,-1.04334953190373,-0.251431263783763,0.0480793808812596,0.738515501471028,0.972438054563637,-0.0110634192885928,-1.48299766342662,0.0958619313764391,-1.50408806180853,0.77386927017236,-2.15641066850346,-1.05728551899767,1.96545952237292,0.498416130692618,-0.161409781137888,2.21877219941985,-1.45233382693661,-0.479174672002457,0.762061728469928,2.37165907381878,-0.88342487103538,0.0605541199229528,0.421742147358689,-1.83905938449889,-0.00844822970919663,-1.00796086434622,-0.426933439200751,0.859062521292833,-1.32601623921311,-0.156482001367067,1.87624850240135,0.641435848426451,1.40791808877696,0.150364089542062,-1.56673201297888,1.14995449688661,-0.826173870411025,-0.227552694384818,0.333733763635663,1.58389540441879,-0.261077519065549,-1.23122333460069,0.810445858483529,1.897097712461,-0.275364440039861,0.701756143305907,2.0322554303262,0.793559822220161,0.925305551144248,0.420464967608376,0.490994198090362,0.279962134498468,0.680793467326688,0.654326633388818,-0.569764876716682,0.627609437849223,0.664261528151414,-4.3220339544454,0.637774143763433,0.14570198004061,0.121507222872615,-1.78971467059376,0.675926343700556,0.85848769695656,1.98886224662546,0.690614869328644,-0.54996247479447,1.05071705673358,-1.23097252827747,0.552394667178999,0.337036753298293,-0.320797297256335,-0.449372473959455,-0.691164200930673,0.461399688503051,-0.793406281589464,0.869712014120474,1.28966402714441,-1.14135341680331,-0.00428273760841776,1.40470846581909,-0.240922011522503,-2.29553708526614,0.277743822865605,1.03675818940242,1.17258592545003,0.0479621940511359,-1.64712071974424,-1.80152206471577,1.26698347040496,0.521402542894057,0.729541845305609,-2.04207432056437,0.633473522962636,-0.265869513221925,1.44288653435465,-0.339925082899645,-1.55348148976865,0.670253541999253,0.104922940500587,0.199196289195915,-0.0296665460619889,0.913472167935795,0.592110230791911,0.69850440091501
0.900955861576334,1.44127075074539,-0.388225700815153,0.464187215797509,0.187553873101637,0.626879914671431,-0.528939418695367,0.90495994094377,1.1204857621327,0.673360693108657,0.772589036526949,0.849841538742818,0.0958619313764391,-0.614796520720155,0.457118723717181,0.326973735183287,-2.00137974392768,-1.10229373243944,-0.606708917330074,-0.125181500576063,-0.965010094090368,0.403371564311077,-0.479174672002457,-0.0701708487845272,-0.710396001314283,1.00312185368556,0.610389240565852,0.209000681116338,0.544877543404702,1.57011251740122,-0.686155004395398,-0.923949685998441,1.17385798676142,0.367330750596192,0.876355076657441,0.137381971262793,-3.02382118392751,0.30055409095814,1.08818139785678,0.650620965410333,-0.531993889371421,0.871267563452843,0.254147133327512,0.407220439731868,-0.357692967199753,0.75867233570823,-0.225224796060018,-4.53136463267145,-0.984929181321343,-0.0839473902948469,1.54301498336075,0.621245026388959,-0.775830379734037,0.112139496363442,0.0996816413553434,-0.16116031453447,-0.17289547659163,-1.46836042522175,-1.33092227274125,0.549713515613749,1.07358884292712,0.57570841031577,1.01762237096639,0.230367890308571,-1.11103782787166,-1.39379396611278,0.709315598736466,0.404604315500442,0.750366074565912,-1.53632959982002,-1.26480981566059,0.683740469126125,-1.29081975090351,0.933891681922094,0.552394667178999,-0.239743377436388,0.452703832044404,-1.19834941116066,0.345874592149019,0.274300162291465,0.21928407832838,1.06667613037037,-0.388924437179682,1.15201268612649,1.32217681825372,0.460612899527485,0.527222905997698,1.01721347371191,0.188347706092378,0.0144190162980731,-0.867042628595401,-2.3409643504059,0.561192903652398,0.687455131822518,0.0831510932410992,-0.910582788328787,-1.78413819398035,-2.68995710384583,-0.476705126803407,-3.45776730506676,-0.171654391038555,1.11206735981707,0.67389524183058,1.32116281874107,-0.474281836162509,1.2996201582347,0.395329545735402,0.834200968825634,0.412360191157889,-1.29668586916019
0.858113653071349,0.414107576339251,-2.13979282307603,0.759329587492539,-0.462013772726153,-0.41003358953983,0.0436531861561622,0.483925163188444,0.992200709024405,0.524619750391201,0.476462683931473,0.440225145389144,-2.92878522507894,-0.231894032895758,0.634708636684236,0.326973735183287,-1.50925971734269,1.3137974728184,-1.0807288805966,-0.238759414274519,1.392676601703,0.785634594888348,-0.36206921155806,0.993919988007772,-0.110445241238602,0.908412804558948,0.0605541199229528,0.997325711446085,-0.608229367403618,1.28038775469067,-0.264986268806409,0.375375310293003,-0.626412413761127,0.997448927393789,0.309207629545625,0.858938062520851,0.0901187695954947,0.761068021627823,0.834441176694328,-0.0266142102348051,-0.642072992727885,0.871267563452843,-0.161141387163702,0.118509939392049,0.856388588804946,0.854802352110852,-0.184100017033714,0.180806827421941,0.986107266118893,0.926394770611402,0.828279856895281,0.0288047397308117,0.725725390634462,-1.33544700476461,0.0996816413553434,0.242643540324078,0.107156311616164,-1.27266536877705,0.116964644778349,-4.76809062631657,1.01818236244181,0.782504382587901,-4.74775375227358,0.128979421108261,-1.3085114386993,-0.352549848242359,-2.00864594544291,-0.0279126066016991,0.569202716043635,0.53353952392429,0.0417165412178066,0.844739916611451,0.46554148422261,-0.558649647441477,-0.0566522466721415,0.302838354790688,0.452703832044404,-0.245595238896706,0.461499178926393,0.165911888778055,0.287121429728431,0.49177931224219,-1.49311386218972,0.45282041287535,-0.687100016776663,0.22590573855739,0.796837290969686,0.588651159512149,0.694178702353305,-0.738770911803118,0.120114585322708,-0.655127578360473,-1.92938286926326,0.552804342208331,0.192274658177391,0.221725106356369,0.023092887467298,-2.27147849333231,0.0832122442784467,0.302200203474822,0.109381743719605,0.736975802175981,0.586786352582569,0.134766696291365,0.771791441353561,1.09601480355268,0.00505438616418639,0.72138486964129,0.0629235076137636,-0.599734365676979
-2.07489077193474,-0.265584526137831,-0.174315066899905,-0.150585228493439,0.0146731830798018,0.786847716528577,0.586701735236387,0.28049573296494,0.0926704700716293,0.302034349309538,0.625609739174059,1.10115885728815,-0.0826872931585809,2.45544297117009,-0.0401159069985442,0.753522145096841,0.434811587082506,-0.560607164914073,-0.606708917330074,0.910839282308588,-0.0764494607450776,-2.18319974017168,-0.80377633770428,-0.592721522698356,-0.296605714518828,0.0540471939263062,0.091306057207402,0.560503926552002,-0.303332358214739,-0.238622880884785,0.312171760126572,0.615516848245836,-0.16286844177355,1.53166876571905,-0.0663706695030217,-1.15144920765883,0.379030689818338,-0.647588745355904,0.230543045197997,-2.09816636542504,-0.112310170458325,1.72450495246939,-0.0506498045044974,0.162316185100393,-0.513072932804586,0.0575519844126968,0.408418365147648,0.516985935082937,-0.00416806552563033,0.119946639097128,0.186536054827511,0.0288047397308117,-0.382110242856299,-0.0594183311705819,0.776560218190415,0.955144495668003,0.940499634167929,-0.657318583368604,0.496080432693062,0.229532118521524,-0.0936945741623155,0.323502846038822,0.591881491919266,0.994013495373379,-0.190217048672266,1.1815667453289,-2.4080199175524,0.613950065080757,0.327149689473485,-0.0575034237978286,-1.61561520938777,-0.808374766494487,-0.714984370226052,-0.0602780400183178,0.681270209919537,0.00806051443300711,0.189432740202247,0.53867574672015,0.109643553634606,-2.00343427492563,0.414136940431049,0.241148796426806,0.685172185700639,-0.222675864570437,0.121237322725659,-0.113353582366815,1.03691482609439,-0.0503553573269618,0.596381508178012,-0.609995357900479,-0.569730536734575,-0.43776372302328,0.405357977294746,0.445819472853367,0.354773311150629,-0.585265558241251,0.106934425427136,0.185778416196311,0.724123530431214,0.743438390497619,0.0140958471014687,0.920684147747359,-2.49421551525841,0.759444847084825,1.17311373580097,-0.813352606046028,-0.621749852603271,-0.53710645642896,0.412360191157889,0.00672408555853474
1.12535036321767,-0.0228307782727667,0.647954769078093,1.16220355837633,0.187553873101637,1.72313152140349,0.638299022840733,1.27881505380856,1.70353013230986,0.244325329476602,1.17545649757825,1.10115885728815,0.429756100485218,0.193935226842421,0.288880987840072,0.753522145096841,-0.547940859402285,-0.921809560333928,0.202687809845561,-1.49818646110165,0.770547151966998,-1.83243366049528,0.951396899091362,0.368119169975769,-1.51422837323171,0.338729326818741,-0.564634550687005,-0.528870734210269,0.544877543404702,1.02580943758461,-0.922085849340273,-0.643566538836654,1.34839995154814,0.367330750596192,0.954005669619446,-0.300955025337722,-2.60153840828859,0.541507189096918,0.150364089542062,0.344617455311044,0.785229930942606,-1.00943871786783,0.789715407982875,0.445734113199329,-0.290713110778598,0.489656228582991,-0.309993580650438,-4.1323124228513,-0.849361387378975,0.352872903950517,0.78796347259516,0.543620305054206,-0.0711281876390477,0.470819030390797,0.488520265578915,0.607498744259452,1.77078907638879,-0.192113834515116,0.654326633388818,0.676060591631102,0.090952464805129,0.664261528151414,1.44110866851251,0.409598264686943,-0.0158445299433329,-1.88687150592002,0.956264662626069,1.01677623040827,1.04610759700194,-1.1807653052194,-0.114140707394262,0.683740469126125,-0.912270045296996,1.19608927633556,0.957791239433314,0.451100089705768,0.316340443395806,-1.43014124207396,0.53601944250532,0.233648840465078,1.39713350558758,0.181631758436135,0.281630858816782,1.2949791082651,0.254021510704055,-0.113353582366815,-0.240922011522503,1.3473860123927,0.148042134190016,-0.127658703074121,-0.0771577661286472,0.344804716053644,0.68946399820642,0.987347921114492,-2.41656341000426,-0.585265558241251,-1.78413819398035,-2.3790172996134,-1.29406472289883,-3.15663049086293,-1.27183559531217,-1.8958087828856,2.44970636997288,1.39291899138752,-0.334012303946926,1.00908627666668,0.115785910477016,1.42353947837291,0.539695620959447,-2.49438652681774
0.0632891134657229,1.13006035313188,0.541415108396477,-0.00609224350436449,-0.462013772726153,0.86713744312684,0.279831943631821,0.345860834730018,0.504127899419789,0.0830908085475128,1.30816700212618,1.41337141037294,-0.117936903099282,0.697363083618042,0.482174971869706,-0.0699970319666152,-1.42627516985148,-0.921809560333928,1.09020437035035,-0.274367209748218,-0.326111518989493,0.572319579761331,0.718976080454128,-0.656259382233232,-0.980221126180993,0.62633680288324,0.772262158729379,0.352967521176934,0.739590860010849,-0.619453642907787,-0.0414400515033642,0.615516848245836,0.563099003252063,0.367330750596192,0.395202030875255,-0.0244558501771044,-2.75526174555706,0.367280295832797,0.313787607106734,0.0605614173346143,-0.00554147264357505,-1.00943871786783,0.369126577688234,0.562664906909989,-0.214743634033979,1.57407678295862,-0.309993580650438,-4.27757915163297,-0.100075649335956,0.352872903950517,-3.78022397105556,0.0288047397308117,1.04612355272643,0.504764596993262,1.26294835664278,1.57720055106011,1.00743222435315,-1.27266536877705,-0.147864651257785,0.139548811103671,0.298347192851576,0.198234426451586,0.390602407135464,-0.146381735850421,-0.0158445299433329,0.555785160022249,0.897520795013042,0.942056327644447,0.569202716043635,-1.31020115515862,-0.114140707394262,0.491013148974912,1.39521450590972,0.224610761877935,0.681270209919537,0.200740314039534,0.316340443395806,-0.950659065189372,1.24852375203894,-1.77134643330437,1.06272183817681,0.869712014120474,0.556395846889437,1.00002575135815,0.71953537627626,0.130583370715689,1.25608313470448,0.460260568874707,0.252450481682783,-0.127658703074121,-0.0771577661286472,-0.857483343325859,-2.20097223120645,0.219483764423909,-0.00699802889040287,-0.334634991400181,-0.416659291001562,-2.49220852396275,0.576475984863502,-3.2662531388238,0.694940008894936,0.0407916297150105,0.366821337524321,0.547606763055135,-0.713931688173017,0.517526085839947,0.00505438616418639,0.20194111201723,0.340255281714331,0.635506533753881
-1.94287712345745,1.85663441711461,0.220935312122258,0.509595948980984,0.385050844995055,-1.17396089295377,0.728033288320677,-0.370207928503798,0.283762020943859,0.524619750391201,-0.0577430650294643,-1.48299766342662,-0.248219690661486,-0.100715297318538,0.607821099924491,-0.0699970319666152,0.434811587082506,0.746736759449524,-0.135857399113845,0.136516050110297,0.00199532093468337,-2.08781197795968,0.273989702492249,0.491828572868529,-0.21953980026769,1.16466221954382,-0.124022202310617,0.560503926552002,0.638737524835939,0.377566640578297,-0.22073315403058,0.0786645656118312,0.429388167953716,-1.49091229453417,-0.394866161764106,0.291684839483377,-2.90898508282552,-1.82193614314921,1.23449646140085,0.430515067019773,-0.00554147264357505,-0.185971514606539,0.789715407982875,0.118509939392049,1.58389540441879,-0.0916490886489508,0.759968092761443,-4.42284588041464,1.897097712461,0.926394770611402,-0.0580657936491774,1.6201581084598,0.539819515052164,0.654625880533749,0.340732822023507,-0.00164369548604901,-2.1752556013527,-0.46929827043242,-0.688338413248065,-0.221935832049519,1.07358884292712,-2.77572981821653,-0.515940349557155,-0.0542612996788911,0.535739907287848,0.513904908363909,0.192876442452835,0.0663395961000464,0.406723853561258,1.11205422260992,1.48656567479772,-0.171185160223252,1.26802305937737,-0.720110783084991,0.957791239433314,-0.723306337123436,0.452703832044404,0.619691151039453,0.345874592149019,0.557326208598451,-0.926844012294149,-0.208141669990503,0.281630858816782,-0.479622824584716,0.71953537627626,0.335120532095586,0.00582575223731775,0.588651159512149,0.446692750100032,1.43329693017814,1.69553004514252,1.19890852793917,0.769516232323389,0.499135601859275,-0.280420799894584,2.58143837361891,0.82711815241073,-2.6053997483121,-1.64970593167203,-1.38255282726282,-0.474271747607813,-0.395680396589135,0.189646939390699,0.611095956171917,-0.0578173804619865,0.312416362608885,0.395329545735402,-0.34419972237834,0.61763081683156,0.0840190204230011
0.631459211065846,0.600453133597597,0.579036681696208,0.12649929416024,-0.462013772726153,1.19862637083863,0.534582884444985,0.864801936113896,1.55172559812558,0.480061007264485,0.772589036526949,1.10115885728815,0.904836055645528,0.915852858004059,0.239027908935885,-0.0699970319666152,0.685606925815162,-2.29329332077207,0.848840483747799,0.351555795106691,0.170954742204751,0.480889985109822,-0.263584866939357,-1.30053001735744,-1.39112781019415,0.834573481685238,0.659342404932985,0.704242150371192,0.638737524835939,0.332833056829226,0.156137272035816,0.895857302678651,-0.845664552335221,0.367330750596192,0.53534299227364,-0.557113880550214,-2.75526174555706,-1.66689968696145,-0.152743279646356,0.410859569009365,0.22077009217355,0.359378293068392,0.0485088162440583,0.445734113199329,-1.22268038760169,0.134625512881872,2.38237962886734,-4.27757915163297,-1.2505239870097,0.619746194045787,-3.78022397105556,-0.442444580627769,-0.0213750468788175,0.797544810437065,-0.168705147081962,-0.0840438336219801,0.107156311616164,-0.46929827043242,-0.688338413248065,0.487096494624163,0.795475763881185,0.519521759426751,1.21590770972657,0.409598264686943,-0.278557594784309,-0.416838992097413,0.925659561328122,0.942056327644447,1.1645486761978,-1.31020115515862,-0.887807872310645,0.683740469126125,-1.72034576822506,1.47258408919751,1.78304430232803,-0.193978796250972,0.452703832044404,-0.902072900039638,0.53601944250532,-0.39606443757154,0.485962939147557,-1.05837675173297,-0.388924437179682,0.305588499742104,0.514185349975881,0.130583370715689,-0.033796325879134,-0.538167041861984,0.493695905820507,0.333550576000958,-0.175289517773688,0.27095806797404,0.68946399820642,0.770541337591597,-2.50547823534772,-1.29555163039495,-1.25928536423631,-2.49220852396275,1.84068207605711,-3.2662531388238,-1.6429744276217,0.789367144277436,0.482145961178755,0.33923469570339,-1.05044490914932,1.09601480355268,0.840602451324342,1.00510775657275,0.484641114339879,0.44444582303101
-2.20690442041202,-0.342482108236467,0.220935312122258,-0.40577670137996,-0.147628340611428,-1.3649561418686,-0.122157775612171,0.314178609999633,-1.57262657878014,-0.131750596698168,0.160741850709955,-0.851304755113667,0.264408472661912,-1.69470854437931,0.482174971869706,0.326973735183287,1.03026658614235,0.507174549736093,-0.935610857806372,0.297043285931027,-0.502476270299376,0.210462211883492,0.611981481536697,0.531505281264536,0.612314901208096,0.283435903785448,-0.0944648478698775,-0.14930295497882,0.434168662657934,0.459165548787412,-2.26420309089852,-0.717274310874747,-1.06351236712664,-1.15037190034653,0.266589205734182,0.291684839483377,-3.1386572850295,0.436557747093942,0.748647759140954,0.793441632576187,-0.739126215334261,-2.61997620121566,-0.104019831706868,-0.693457341847863,0.148579770774678,0.447317005235111,-7.12111407676869e-05,-0.268203024909328,0.398804723872355,-0.476128811269176,0.531744269660493,0.323962429432162,0.245029449214964,0.821677648380697,-0.705177078969831,-0.619352194503971,-1.08403524668537,-0.192113834515116,-0.548735546806314,-0.309500978379363,0.684391728490584,0.851252802765327,-0.1386681588523,-0.254308087614388,0.219570441922896,-0.584040490339324,0.0847038784935623,-1.00177401427893,-0.23495752315655,1.42487746413511,1.26134810642108,0.491013148974912,0.745578779894836,0.033165860631043,-0.893400452507742,0.598983529652327,0.452703832044404,-0.0817792378698717,-0.268598391875418,0.74164120673428,0.414136940431049,0.49177931224219,0.513903694954595,-0.0913297725067967,0.84957705121767,1.15092301397104,0.137879510178711,-1.36381564696491,-0.180172607824123,1.11544872556533,1.06159263646821,0.665810553557727,-2.54832546018774,0.395242166473757,0.746778744779406,0.372859796619264,0.918083861755433,0.261376442953965,0.892577031478698,0.507298306596989,0.341876379205735,-2.39398944275329,0.366821337524321,-0.4574183345436,-0.713931688173017,0.155333170278112,-0.38925687349541,-0.34419972237834,0.146954481687487,-0.460058463257404
0.686945108710445,-0.568232375815581,0.579036681696208,0.606682984164304,0.0146731830798018,0.466675706742454,0.184968957132473,0.551630035649727,1.2576733120405,0.00923931179234422,0.959106830725882,1.10115885728815,-0.117936903099282,1.84112901211365,0.288880987840072,0.326973735183287,0.834620141401044,-0.274541367776464,1.15718681938614,0.598076574596381,-0.655746855699943,-1.71112090163055,-0.479174672002457,0.871837528702124,-0.110445241238602,0.283435903785448,-0.0348514052125741,0.493246601868399,0.739590860010849,0.778664188255432,1.10710545712014,1.67432222604224,0.703051358312176,-0.127488091919065,0.53534299227364,-0.431351338931425,-2.45549153687766,0.367280295832797,-0.2851698517576,0.0259589719797858,-0.112310170458325,-0.0407978171159152,0.254147133327512,0.291478855308912,-0.58342559743878,-1.10692055746249,1.32738218485364,-3.99429986317332,-0.774140952839553,0.619746194045787,0.531744269660493,0.250863060834346,0.413205831423587,-1.33544700476461,1.63667506586436,1.42522537229665,1.63107502477007,-0.539815808938292,-0.306692720155911,0.139548811103671,-4.7558257731873,-0.131601602921117,-0.284574058590939,0.994013495373379,1.01853084166105,1.09380076340555,0.559950069954933,-0.0279126066016991,0.78619604930525,-1.0577930794797,1.26134810642108,-0.00135914663114088,-0.912270045296996,0.033165860631043,-0.71432126344013,1.09232797769975,0.189432740202247,1.24106087915176,0.236204884038985,-1.51228638634826,1.66791217138829,-0.94677289018921,0.352624220909551,-0.736196121578849,-1.40195794128233,-0.829755474113212,-0.904377730148276,1.52596427908991,0.719192865075037,-1.43578285603599,-0.175289517773688,-0.329384134120232,0.561192903652398,0.741530089391808,-2.33208871478746,-0.700063959380093,-0.505729646967839,-2.27147849333231,0.407124933439379,-3.05248205735274,-0.032281333916958,0.0789250098368569,0.406455816485889,0.0546265433636661,1.17311373580097,1.12548190083365,1.27483761849021,1.09049142477684,0.231000715474393,0.221847656137568
1.50484217318382,0.655876838274059,0.220935312122258,0.364967050661098,0.871337061156552,0.306073861730281,0.375490132736605,0.664853025585996,0.00420438194199789,-0.683761781054093,0.772589036526949,0.273121481292308,1.36140629827345,-0.0251932885339507,0.482174971869706,0.753522145096841,-2.21544051689081,0.345236807415506,-0.0775030430401344,-0.565755632861501,-0.655746855699943,-0.872464945751894,1.55486740196851,-0.592721522698356,-1.11043328289666,0.870032456488136,0.659342404932985,1.07526118993277,0.544877543404702,1.22844643762,-0.134605330166708,0.229099819113219,2.2660439584587,0.367330750596192,0.876355076657441,-0.557113880550214,-1.44584440913578,-0.346297186932249,0.703722790152478,1.31602816559639,0.22077009217355,-0.29304725448824,0.482117585162224,-0.0375148282505673,-0.144452082693546,0.327997136646998,-0.404450694906226,-3.04019531355164,-0.00416806552563033,0.119946639097128,-2.16656219942381,0.694376365389426,0.657801178691339,1.24640576700345,-0.102218212399169,0.38642981163221,-0.0637204900964393,-0.46929827043242,0.181975057766068,0.377258368894166,0.576409518224325,0.604271091614942,0.903392791564835,1.18746430903972,1.92245046076287,-0.548314863166274,-1.29915140133751,1.50019953424647,0.750366074565912,0.89007583904122,0.277716265988363,0.683740469126125,-0.122092157292625,1.80088473344878,0.814894224426917,0.302838354790688,0.316340443395806,-0.85545345253281,1.32343189392224,0.863390893729633,0.698969131270815,-0.414557907109981,-0.449620994318265,1.77219492618747,1.04637960024318,-0.182931947924634,-0.511866479372229,0.204433545604692,0.324407649702181,0.333550576000958,-0.0771577661286472,0.154451075744438,0.486024573779661,-1.1426044530927,-1.74810062542586,0.0803979831596145,0.368564590834327,-1.52804423942768,-0.580234014904982,-2.33248603322359,-0.120772110644232,-0.823896355237297,1.42453668573715,1.18564068512413,-1.05044490914932,1.06468847024126,-1.77535673899954,-0.44065308940365,0.565269837850574,-1.23256502178259
-0.873135336016176,-0.0782813954360333,0.78008504450844,0.813608304970518,1.19434327351285,-0.0863525328205543,0.184968957132473,-0.540171470443433,-0.347629761849042,-0.0598766832619812,0.301720610973908,-0.58984275884098,-0.990968998418846,-0.432480187648114,0.607821099924491,-2.26714409477574,0.620308517118873,0.998208312060762,1.56835195142498,0.664960055253147,0.770547151966998,-0.0639284990063872,1.42306489809068,0.711780206510221,0.185318097615854,1.42089308334027,-0.0348514052125741,-0.807093461846556,0.638737524835939,-1.87400036033041,0.517884504912243,-1.54528674338686,-0.736324164541109,-1.81032345240321,-0.789297872372146,2.46588687676079,-0.171649263715274,-2.13453641006837,0.313787607106734,-2.21601381392561,-0.32455990422816,1.52765410122782,0.537808924224057,0.524863759025517,1.2446913407695,-0.761577468734985,0.581920444337015,0.910979875579382,0.72931481743086,-2.5557794709885,0.531744269660493,1.38216194419624,0.793559822220161,-1.20241875887222,1.3045447057444,0.317075779190974,-0.17289547659163,0.721202861360389,-0.401552482098335,-0.569764876716682,0.298347192851576,-0.100864955940016,-0.677159158404079,0.409598264686943,-0.526995378997536,0.59982669295464,0.192876442452835,-0.0279126066016991,-0.948561780155449,1.13825966263207,-1.74145172293556,-4.23355146260257,0.948236093996266,-1.02626847504553,-0.79850329866216,-1.5071790189943,0.452703832044404,0.53867574672015,-1.17535497877588,0.863390893729633,-1.20655731542097,-0.94677289018921,-0.15818396619987,-0.479622824584716,-0.0673477134256938,0.335120532095586,0.94790330192008,1.01721347371191,0.619276597823018,2.42868085310565,0.95431985465536,1.32485090655848,0.319287040884654,0.336784197490613,0.0138080183742826,1.24568674855745,0.918083861755433,0.340355948763682,-1.29406472289883,-0.549231529578049,-1.27183559531217,0.947118016996831,-0.616431144368254,0.268949045794122,1.17311373580097,0.134808942607112,-0.235290040928244,-0.931296693054711,0.0827453468123518,-0.129102292410126
0.0632891134657229,-0.490647087024665,0.497675090419582,-0.221049903098953,0.385050844995055,-0.327070751857572,0.375490132736605,-0.233880223383146,-0.92736577597286,-0.0598766832619812,0.190676271386193,-1.0864097819487,-0.83269233845827,0.475649883827644,0.212237201334013,-0.538228419296984,0.925659059773143,-0.33070468555018,1.29888330138464,0.468520231011971,-1.10313406523461,0.619549812907084,-0.479174672002457,0.576885968352401,0.259665950717104,0.338729326818741,0.377230035452364,-0.959618783088818,0.544877543404702,-1.42219688472533,0.737310431794691,0.303322027417139,-0.284894953842486,-2.09869023451808,-0.126612888813277,-0.0244558501771044,-3.29921812669644,0.0483033070707128,0.797273980187458,-0.0945462773576791,0.662530461888945,0.928772431732698,0.992670150728692,-0.693457341847863,1.69940124957012,0.0972630136053224,1.48668004733221,-0.00718717304396505,1.11961294558315,-1.59632670169737,0.222811725197329,-0.319201818720592,-6.86025170131031,-2.10396376361085,1.0419627741784,-0.241353955228654,0.533157861810423,0.680793467326688,-2.09174233423984,-0.61177767477762,0.413458241647584,-0.00277813172917147,-0.837671783556211,-0.763894234544096,-0.278557594784309,0.636865115333835,0.239486041095204,0.0663395961000464,-1.31688544078391,-0.459205322802417,0.953941476821771,-0.00135914663114088,0.745578779894836,-0.149236598093955,-1.23388902991241,-0.422587750267508,0.452703832044404,1.14025863310564,-1.50066905487057,0.791690327377857,-1.20655731542097,-0.889034579394214,0.213251934108857,-1.6546588170198,0.384998947241983,1.40470846581909,0.796837290969686,-0.299868275325809,0.231946623021987,1.35321365496467,0.63786300079427,0.614612346337928,0.292765761540565,0.395242166473757,-0.464151179508695,1.7467627077489,0.642746791629204,-0.122066026002717,-0.384079059386505,-0.103300113715676,0.0140958471014687,0.411621519652979,-1.37653143068189,0.812971679291589,0.771791441353561,0.33460701613894,1.69167833811449,-0.53710645642896,-0.117587884398403,0.15863960269551
-1.76615936297819,0.348412187188624,0.746931986081814,1.16220355837633,1.19434327351285,-0.914194227002184,-0.0707983740245965,-3.36971677831565,-0.519553823289806,0.629037477205874,-0.0352992342454769,-2.19394519150687,-0.649537013551015,0.475649883827644,0.837183654429067,-0.0699970319666152,0.434811587082506,0.625832959523953,0.625530753752904,0.136516050110297,1.47892918505577,0.503402821951111,0.382332784233331,0.931211249512129,0.222412287258807,0.397811194171091,-0.417180332841717,0.209000681116338,0.638737524835939,0.355959269916306,1.38979824939564,-1.60366481331597,0.306452520343007,-0.94971776683984,-0.33533786487926,0.858938062520851,-2.75526174555706,0.485236142043523,0.313787607106734,-0.25581429506888,1.14995449688661,1.0824110766578,0.839536757197065,0.879027505064124,1.47249418257658,-0.761577468734985,1.16239060413848,0.579741566193409,1.11961294558315,-0.476128811269176,-0.559918972400574,0.323962429432162,1.04612355272643,-1.60849568185139,0.217021552854959,0.317075779190974,-0.00657874260524387,0.807563336614769,-2.69222075732176,-1.55430469575618,1.01818236244181,-2.62166818813889,-0.376179634050679,1.05031879322165,0.0701007083610008,0.121507222872615,-2.219299075333,-0.225124395358408,-1.04011029071742,0.958677382211542,0.0417165412178066,-0.171185160223252,0.948236093996266,-1.32773977768013,-1.56487441069767,-1.21606236828605,0.452703832044404,0.862314833829607,0.109643553634606,0.71474514762688,-1.65075976254432,0.357684499976128,0.594912746935094,-0.479622824584716,0.321160932684757,-0.031193095846009,-0.0746110954221139,0.460260568874707,-0.808248420659286,2.11760143870822,0.429691070835187,0.692364155890095,0.192209120492364,-0.144271357687601,-2.50547823534772,1.7467627077489,1.76386073945688,0.288091969287367,0.321780682318775,-0.240657179110568,-0.567820174321936,0.868685157610212,1.29839356031246,0.134766696291365,1.17311373580097,0.33460701613894,0.115785910477016,-0.53710645642896,0.274366514242218,0.40986764962848
0.476435920929465,-1.14063290219022,-0.013779072725401,-3.79959231079463,0.871337061156552,0.064264531319323,0.586701735236387,-0.202598769171772,-0.683750900169861,-0.346609319195851,0.301720610973908,-0.187636379705822,0.5676274518178,1.52127731675737,-0.266974657996194,0.326973735183287,-0.411256692749929,-1.04638935207453,0.0997007341144494,0.0853365588185812,-1.24666458052862,0.234023304415173,-1.00596270420979,0.324158250641276,0.11086037062938,-1.04173318871537,0.560581885312514,0.777688922764924,0.739590860010849,0.57048756996008,1.33409274318405,0.702756303053476,-0.284894953842486,-0.127488091919065,0.954005669619446,-1.53120337099119,-3.21893770586297,0.720431471434388,-0.555728800582011,0.17736925658682,-1.5824994943259,0.633626581937883,0.634663267472269,-0.196583550154414,0.304765374001644,-0.381804383894813,1.2719738248147,-0.540137791326407,0.398804723872355,-0.476128811269176,0.115543140409763,-0.934396766208933,-0.931788968699335,0.386016387386301,0.340732822023507,0.881959567078719,1.14288099436368,-0.14473814664595,0.0244440158239985,0.377258368894166,0.147218186593889,0.229974042279169,0.099192217513,0.574769142498748,0.0701007083610008,0.59982669295464,0.38558822171197,-1.4220990060584,-0.0210885434879448,-1.70061872665438,-1.12440954861636,0.416211199837632,0.84939690149008,0.933891681922094,-0.979188070797285,1.05397124992965,0.189432740202247,0.392560272748124,1.07745813547242,-2.17205308316943,0.622575830980279,-0.94677289018921,-0.758375146113422,-1.01508059889107,-1.40195794128233,0.851580281365738,0.94790330192008,0.460260568874707,0.231946623021987,-1.11659703539639,1.06159263646821,-0.9639431958033,0.638671129009376,-0.595528057267489,-2.77367217232011,0.86404454682653,1.89600741503732,-0.20543409024413,0.518835874507178,0.0597930473995155,0.748851589133125,0.228874888799418,0.366821337524321,-0.996635514108259,-0.334012303946926,0.78571885797969,0.840602451324342,0.416338069900617,0.146954481687487,0.575930933042795
0.810849786278848,-0.265584526137831,0.265301010521051,0.247832190584439,0.871337061156552,1.28823164377953,0.229538410747116,0.664853025585996,0.615468161309756,0.302034349309538,0.865210102514248,1.41337141037294,0.168554248127918,-0.496581222982152,0.335851021043926,0.326973735183287,0.119719929676485,-0.664730492356146,-0.935610857806372,-0.125181500576063,-0.502476270299376,-0.339713504383528,-0.36206921155806,0.0489946265377203,-0.740422787825935,-0.27185250986609,0.560581885312514,0.704242150371192,0.739590860010849,0.778664188255432,-0.826453662243171,-0.992245049311365,0.306452520343007,0.997448927393789,0.749255977103938,-0.557113880550214,-3.21893770586297,-0.166435812108969,0.230543045197997,0.302944315393067,0.101909365120004,-1.62135154980591,0.311883111924462,-0.289032156764677,-0.58342559743878,-0.0190151598891225,-0.225224796060018,-0.0483438903613928,-0.562464873651999,0.619746194045787,0.0130400352935277,0.172233317702021,-0.382110242856299,-2.03083954355871,-0.440427133814197,-0.335307126039504,0.107156311616164,-0.14473814664595,-0.147864651257785,1.2834179461149,0.466930248014232,0.851252802765327,1.01762237096639,0.495100434812749,-0.102658532372362,-1.0403269846305,0.870325243218058,0.613950065080757,0.529151226004561,-0.158215778867027,-0.662299053374349,0.416211199837632,-0.912270045296996,0.627761806403861,0.41702714314694,0.165908247596638,0.0397437080453976,-1.38563063849554,1.07745813547242,0.309120643843684,0.622575830980279,1.13396913642081,-0.15818396619987,0.17248993300883,-0.366386111479755,-0.031193095846009,0.720116262131365,-0.167647072577024,0.169445404941116,-0.0527925390317787,0.0213958695093279,-0.43776372302328,0.68946399820642,0.579853698814177,-2.77367217232011,-0.457294635120321,0.193846645485947,0.445137279901721,-2.50228194143611,0.177319392927648,0.0610013259466042,-2.46844996677722,1.42453668573715,0.812971679291589,-0.593070382852148,0.866864338650882,-1.17032105747382,0.834200968825634,0.539695620959447,0.343030611555894
0.858113653071349,1.44127075074539,1.47510505398627,0.654412862587069,-0.147628340611428,1.37176634042789,0.428981751774131,-0.333063912224422,0.86847440199958,0.0830908085475128,0.713126873744509,0.440225145389144,-0.149174634176713,-1.02655842879704,-2.66325347921654,-0.0699970319666152,0.551821441481417,0.0819814468133097,-0.935610857806372,-0.314507346967011,-1.31500241238547,-0.724329802545397,-0.590533333416579,-1.06528028558015,1.06517534337741,0.572968012939976,0.610389240565852,0.279869863340919,0.638737524835939,-1.87400036033041,0.417444805737501,0.535307650165125,-0.16286844177355,0.367330750596192,0.191831133263851,-0.68921158902845,-3.21893770586297,0.541507189096918,-1.27233621452324,0.0443337393289163,-0.32455990422816,-0.360511817197468,-0.161141387163702,0.961832467191339,-1.66931512563128,-0.0916490886489508,-0.309993580650438,-0.122755631928192,-1.6570768737094,0.926394770611402,-0.125308903046619,-0.113102708215453,-0.882665190056652,0.00473111827410036,-1.41060148270405,-0.48108353677271,0.870105599392954,-0.539815808938292,-0.401552482098335,0.549713515613749,0.251023131911627,-0.208966865115042,0.152068796312673,0.0343243262657254,0.297906118775866,1.13474094564428,0.683997143456642,0.318657103059116,-0.0210885434879448,-0.257114108792099,-1.26480981566059,-0.171185160223252,-1.42513348309551,0.224610761877935,0.814894224426917,-0.566210579850271,0.452703832044404,1.35621624064211,1.54497812707597,-2.17205308316943,0.622575830980279,-0.621202439644069,0.723485494309337,-0.479622824584716,1.90553673446497,0.616512591022488,0.345689401180456,-1.12747756745314,0.56915748566789,-0.482655394558485,0.120114585322708,0.767754248281037,0.405357977294746,-0.409943918091961,-0.0718699345430363,-1.39564604092521,0.106934425427136,0.237287368956469,1.10137383118728,0.39922734352154,0.341876379205735,0.157120303469809,-0.74431371053514,-0.730530783867577,0.29138128135699,0.491511118742293,0.237511705895664,0.416338069900617,0.167586159011131,0.221847656137568
-0.193362677216746,-1.24164928555463,0.413397553221738,-1.02758368556612,-0.608687575989985,-0.554136749958911,-0.615999637196983,0.314178609999633,-0.17207034250768,-0.470533229504553,-0.104554322604509,0.440225145389144,-0.502329271642542,0.475649883827644,0.805547397940246,-0.0699970319666152,-0.196695291242704,1.76960684809815,0.440977221613979,0.664960055253147,-0.326111518989493,0.303084420538872,-1.84150529429944,-0.107873742432016,1.64701983977674,-0.501429863480447,0.0605541199229528,-0.736319599665777,0.638737524835939,0.332833056829226,0.517884504912243,0.895857302678651,0.703051358312176,0.367330750596192,0.693560454294474,-0.161509701463328,-3.33749596985715,1.17084588239532,-0.698070511396257,-0.179636962777546,-0.642072992727885,0.334162432174459,-1.1282619495365,1.14356974881307,-1.60669960308562,0.327997136646998,-0.225224796060018,0.129939351494564,-2.41821153917503,-0.476128811269176,-0.0580657936491774,-1.30239843505997,-1.08754507718076,0.77170836223385,-2.01868403137863,-0.335307126039504,-0.50059922934949,-0.408895446161704,-1.64590334577661,0.377258368894166,0.147218186593889,0.546536610650611,0.439268207530437,0.0343243262657254,-1.87416013699686,1.1815667453289,0.483951452431886,-0.137947748393997,-1.1821556646257,1.78230973119824,-1.61561520938777,-0.0472905492791751,-2.94920430411009,0.78300862703197,-0.0566522466721415,1.89914245902617,-0.0778040097581363,0.619691151039453,-1.50066905487057,-2.27451059411647,-1.36478777003756,0.302555899083472,1.1378312731922,-0.736196121578849,-0.952980767192717,0.460612899527485,0.527222905997698,-0.419397066354193,-0.200767267514317,-2.30746835689615,-2.38947929578369,0.182249071388069,0.486024573779661,-0.223846917231696,1.26698347040496,-1.58504872208725,-0.757775706986254,0.445137279901721,1.75751364001133,-0.160237589249932,1.97441939564598,-0.0591770036034214,1.11334343880024,-1.37329263389167,0.104922940500587,0.570789462434828,0.726948151923331,-2.33873986964972,0.363635120085996,0.374991971630074
-0.328387798832631,1.13006035313188,0.220935312122258,0.509595948980984,-1.01707034033396,0.064264531319323,0.0436531861561622,-0.540171470443433,0.615468161309756,1.26428312843648,0.625609739174059,-0.461981378275993,0.231446983536555,-0.372670340101991,-0.226482566856319,-0.905920896104469,0.685606925815162,0.289781930692547,-0.606708917330074,0.468520231011971,-1.03871014480325,1.62790464907407,-0.902781180348402,-2.12097661511467,-2.32699629297651,-0.0450930585037289,-0.0348514052125741,0.560503926552002,0.638737524835939,0.437188092238014,0.67913619669643,0.535307650165125,0.187637689066802,0.997448927393789,0.635145194880408,-1.04552977778325,0.0584488484984884,0.119332250657473,-0.152743279646356,-0.198434580751129,-0.739126215334261,1.1740482356714,-0.916862242740308,1.2444400519778,-1.60669960308562,-0.494503042045552,2.63492494098955,0.0839115537054142,-1.32018701359083,0.352872903950517,0.701756143305907,-0.751433184825727,-0.382110242856299,0.386016387386301,1.0419627741784,-2.80915676606788,0.469070971835906,-0.100473915217253,-3.20862257151965,-1.20624761059134,0.737887121127277,-0.171814670647523,0.958109642389573,0.0343243262657254,-0.449313301718551,-0.38487646801795,0.658839419634558,-0.321298368954176,0.0187782917005832,-1.80044540190152,0.198578500577778,-0.340057653335626,-1.48035208559986,-0.105115394709426,0.552394667178999,-1.80191332824201,-0.15576305600032,1.04562482453674,0.599626143485276,1.22334574602313,0.622575830980279,-0.889034579394214,0.834626298009365,-0.353459696161215,0.514185349975881,1.67740305671349,1.13889902408832,-0.167647072577024,0.345681412509395,-0.988347781522153,-1.89831214308592,0.154451075744438,0.433554851407883,-0.474779499115176,-2.84224723400809,-1.85562724871971,-2.20167785003989,1.34468162080624,-2.50228194143611,-0.240657179110568,0.915184564066514,1.36814741486376,0.0228060124883409,-1.37329263389167,1.17311373580097,1.00908627666668,0.0792901582792093,-0.34419972237834,1.49947949094931,0.728599211375745
1.04396686309869,0.154011574996388,0.321299790974471,-0.924556363463942,-0.462013772726153,-0.0863525328205543,1.10744873479367,0.380072665293981,0.86847440199958,0.721335584188348,0.625609739174059,0.440225145389144,0.671898651116107,-0.677229957361976,-2.49529514860027,-0.0699970319666152,-2.38530297830152,-0.444653280883618,-0.37434277436055,0.185571398110621,0.430006727828618,0.234023304415173,1.18476470080403,0.0130992639910192,-0.769303240546512,-0.27185250986609,1.06316729078845,1.23768368695431,0.739590860010849,1.20189584507238,-0.3921152075027,0.535307650165125,-0.736324164541109,0.367330750596192,0.954005669619446,0.137381971262793,-3.02382118392751,0.906909825368797,0.552723744712966,0.260693421154715,0.444746926165228,-0.360511817197468,0.150898825309346,-0.246972062008515,0.00159311463675554,0.667801233941684,-7.12111407676869e-05,-0.161634802317339,-0.100075649335956,1.30734557632398,0.915115881079253,-0.190021249634241,0.301760847288986,0.386016387386301,-0.705177078969831,-0.241353955228654,-0.17289547659163,-0.14473814664595,-0.849443287233921,0.881962376272587,0.298347192851576,0.261432684908198,0.958109642389573,0.335632901958204,1.09347595863194,-0.224540036745522,0.816136248313106,0.738183297224182,0.675362711711693,-1.53632959982002,0.442914078177514,0.416211199837632,-0.585216297021903,-0.598962448061066,0.681270209919537,0.700868155072254,0.316340443395806,-1.51222781410982,1.77147602845305,-2.00343427492563,0.350485704685501,-0.775066813474949,-0.265304691150601,-0.222675864570437,-1.3471483069425,0.0471421079510039,-0.157335395104188,-0.419397066354193,0.56915748566789,0.0962157703474718,-0.766474146456713,-0.163409263606414,-2.44428489003326,0.420823992234116,-2.6608151931666,-0.199078072019048,-0.841653454564107,0.576500718807058,-0.963233197263327,0.302200203474822,-0.998172997808999,-0.286309190832816,1.49787845873916,0.759444847084825,-1.25693880421473,1.18913242995926,-0.934842647386115,0.0224717394674205,0.61763081683156,0.190878008083418
0.476435920929465,0.714652306300569,-0.013779072725401,1.35496993663225,-0.147628340611428,0.786847716528577,0.375490132736605,0.448167964703673,1.2576733120405,-0.0598766832619812,0.535561476945813,1.10115885728815,0.200365175082794,-0.100715297318538,-0.0989475626628818,0.326973735183287,-1.37073344982735,-0.816283097066947,1.21792745753167,0.0394251624786782,-0.158203563842703,0.377065177435482,1.06025593674349,-1.80011016375268,-1.19896607117084,0.338729326818741,0.514006673362506,0.633131281980551,0.544877543404702,0.437188092238014,-1.42916015367717,0.794068029042226,0.306452520343007,0.367330750596192,0.876355076657441,-0.557113880550214,-0.270662917753755,-0.287067666665371,-1.67347563279036,0.17736925658682,-0.430142049966225,1.0824110766578,-0.495346690351002,0.0783642770583618,-0.869412742363751,-0.381804383894813,-2.41524987669977,-0.230642787915468,-1.52408809144666,0.619746194045787,0.369783921839443,-0.570511396085325,0.301760847288986,-0.1589517094467,-2.01868403137863,-0.619352194503971,0.398493394369671,-0.735254212370134,0.0244440158239985,1.02859653250238,0.576409518224325,0.851252802765327,0.958109642389573,0.828716541835027,0.535739907287848,-2.9383410949339,0.709315598736466,0.404604315500442,0.750366074565912,-1.83267554503648,0.198578500577778,0.683740469126125,-1.29081975090351,1.80088473344878,0.814894224426917,0.631503039751444,0.452703832044404,-0.647462190380257,-1.17535497877588,-0.897923426941867,0.997902635851577,-0.0500283802805251,-1.96180957559279,0.583427934754856,2.27801793323744,0.0471421079510039,-0.033796325879134,-0.167647072577024,0.06783980967857,0.0962157703474718,-0.269954191798191,-0.163409263606414,0.405357977294746,0.366160167422847,-0.342461377732227,-1.00804276073319,-1.6371881419334,0.471205500674912,-3.19639712178974,0.4496714836222,-1.20393920280392,0.600717790807564,0.273449453008352,0.0546265433636661,-1.25693880421473,0.866864338650882,1.45693126820885,0.317609460069425,0.412360191157889,0.15863960269551
0.0632891134657229,-0.0782813954360333,0.746931986081814,-0.488499423578853,0.385050844995055,-1.5571732554499,-0.189351802849387,0.703223042560317,-2.199510613937,0.580862193623004,-2.66743116063734,-1.19409689098948,-0.328436223922829,-0.796126955489822,1.16979929605279,-0.905920896104469,-0.479648505193722,0.998208312060762,-0.135857399113845,0.468520231011971,0.00199532093468337,0.455296882186489,1.69282234615357,0.931211249512129,0.372243793746075,-0.0450930585037289,0.0275673989029006,0.421742147358689,0.638737524835939,-1.53468929981613,-0.264986268806409,-0.56605498766281,0.306452520343007,-1.66386059202818,-0.366198769517768,0.858938062520851,-2.75526174555706,0.179958938737556,0.552723744712966,-1.93596049854733,0.662530461888945,0.23942216530052,0.425863298828526,-0.930370731292327,1.2446913407695,0.405654032534241,0.275867292936225,0.338712418991133,0.986107266118893,0.119946639097128,1.04825462125393,0.473627012280113,1.24410024527357,0.386016387386301,1.22822722040859,0.881959567078719,-0.0637204900964393,0.152319701390736,-0.147864651257785,-0.698064267683953,1.3597623772162,0.952195567257326,-0.55576451212431,-0.763894234544096,0.615678132834126,0.475001395465364,-2.219299075333,0.478529053128051,0.066539251563574,0.93626779094497,1.26134810642108,-0.306818288917188,0.948236093996266,-0.809845688857859,-1.14923095517627,0.412209456162727,0.452703832044404,-0.0289766419760774,-1.33801201682322,0.607347182951548,-0.272753107733375,0.357684499976128,0.402508315313132,-0.222675864570437,-0.195786075201843,1.15092301397104,-0.240922011522503,-0.538167041861984,0.0282862428382931,0.333550576000958,1.17258592545003,0.590609782382824,-2.20097223120645,0.770541337591597,0.862043541017154,0.696806839980222,0.82711815241073,0.0841961767223965,-0.347001861916867,0.138721451766128,-0.523868340007858,-0.461002141123188,-0.121372294466173,0.134766696291365,0.505629716605009,0.244773344844097,-0.553620197619085,-2.59121174758495,0.274366514242218,0.666517892520405
0.0632891134657229,1.77961475719292,0.579036681696208,0.555210326841794,0.871337061156552,-0.914194227002184,-0.00926917798454472,-3.18903781969388,-1.08980866993187,0.673360693108657,0.0126663425562319,-0.58984275884098,-0.149174634176713,-0.372670340101991,0.926811538530652,-0.0699970319666152,0.551821441481417,0.131116556418747,0.889692918897993,0.239784761629477,1.12374664214004,0.455296882186489,0.382332784233331,0.818112794663147,-0.0381520266074411,1.0584968534826,0.377230035452364,1.23768368695431,0.739590860010849,0.026872173925356,-0.826453662243171,0.229099819113219,-0.0491089794764972,-0.719819997200803,-0.00329349900265976,0.643809294378102,-2.60153840828859,0.367280295832797,1.34759283884647,-1.84311391183914,-0.218523844069128,-0.29304725448824,0.839536757197065,-0.246972062008515,0.946028346472672,0.489656228582991,-7.12111407676869e-05,1.22419033015924,0.504722088396298,-0.0839473902948469,0.531744269660493,0.543620305054206,0.139286051944608,-1.46847525065701,0.0996816413553434,-0.335307126039504,-0.340276197990561,0.108435860919208,-0.849443287233921,0.229532118521524,1.01818236244181,-2.46760655806125,-0.284574058590939,0.335632901958204,-0.102658532372362,-0.0252859843251474,0.361629033555867,-0.321298368954176,-0.121434822608725,0.280365841584729,0.780983283387331,0.136195509299007,0.46554148422261,-0.395119052445024,-1.6570115474837,-0.868111680826448,0.316340443395806,0.136060795888528,0.726148967506187,-1.63849942643716,0.622575830980279,-0.0990116008590359,0.460173121770026,-0.222675864570437,0.578185497042061,0.616512591022488,-0.280356294065404,-1.23544000501992,-0.0506953415503668,0.253847525066968,1.17258592545003,-1.95821448619579,0.587735050870366,0.499135601859275,-2.41656341000426,0.696806839980222,0.023092887467298,0.576500718807058,0.321780682318775,0.177319392927648,0.748851589133125,0.157120303469809,0.449355677708779,0.20317024854613,-0.0578173804619865,0.491511118742293,0.0792901582792093,-2.33873986964972,0.231000715474393,0.190878008083418
-1.58944160249892,0.0957265044797504,-0.247846612033967,-0.606227614108938,0.871337061156552,-0.554136749958911,-1.01608866056578,0.551630035649727,0.738515501471028,0.580862193623004,-0.491667734036899,-1.75269653283867,-0.601281251683508,0.915852858004059,0.866594794310822,-0.905920896104469,0.755161626818578,0.935928343225142,0.202687809845561,-0.81281892821655,0.855944678028041,-0.141262771234695,0.382332784233331,1.05362132897554,-0.00233729479072215,-0.159503158251437,-1.03221992524092,-0.227623732090386,0.739590860010849,-1.96075950622631,0.00237405766111505,-0.426933439200751,0.306452520343007,-1.32601623921311,-0.33533786487926,0.137381971262793,0.52345263493607,-0.166435812108969,0.597887438555126,0.881085443773277,1.14995449688661,1.05440063578185,-0.422518127188868,0.162316185100393,1.14444231925555,0.134625512881872,-0.049428581139011,-0.0483438903613928,0.617989716850761,0.619746194045787,0.450005077522234,1.6201581084598,0.601988549176789,-2.13882951789248,-0.705177078969831,0.178254443083605,0.107156311616164,-0.0579517230604305,0.745123870035281,-0.309500978379363,-0.277532807202318,-0.131601602921117,-1.06854728194925,-3.09608090014019,0.458853486472883,1.09380076340555,0.0426402450883353,-0.321298368954176,0.569202716043635,-0.459205322802417,0.780983283387331,-0.578735826713594,0.84939690149008,-1.06447307253637,-0.79850329866216,0.0457222076487454,0.0397437080453976,0.776793143678704,-1.74368876024601,0.0727669467690085,-1.79452619486023,0.42477624612266,0.0896697994839037,-1.39623925467937,0.052334229024484,1.15092301397104,-0.39774530783236,-1.71965684388902,0.231946623021987,-1.05346499930284,0.840278661989853,0.118082675438347,0.405357977294746,0.579853698814177,1.13326842684163,0.521402542894057,0.54490402101857,0.288091969287367,0.237816043226664,-0.0111788907452004,0.0140958471014687,0.51456596576815,-0.38878489190784,-1.37329263389167,0.104922940500587,0.2652306852261,0.0399325607180781,-0.53710645642896,0.231000715474393,0.15863960269551
0.405429402334619,-1.52388121784009,0.614187412000111,-0.40577670137996,-0.878125033552698,-0.00948830865904268,0.140600437331627,0.345860834730018,0.283762020943859,-2.57045845295806,0.36076909233594,0.273121481292308,0.861643159558294,-0.162770958708004,0.0554348701944573,-0.0699970319666152,1.03026658614235,-1.54507295099417,0.311266908669025,1.15109499644414,-1.85343054089518,0.738046877406375,-1.00596270420979,-1.45782338244703,-1.56351511999975,0.283435903785448,0.294633209678715,0.920635034200052,0.739590860010849,-1.73121703824898,1.44387592625984,0.149483785295026,-0.393438697494904,0.367330750596192,0.585675693837015,-1.3456856614693,-3.02382118392751,-0.883439778601221,0.313787607106734,0.581188515687897,-0.531993889371421,1.72450495246939,0.537808924224057,0.879027505064124,-1.78855888454201,-0.572975403720075,-2.04893595271831,-0.230642787915468,-1.98469423838696,-0.275364440039861,-0.273716431147498,-0.751433184825727,-0.281397141574207,0.00473111827410036,2.2278370385528,2.43311347116595,2.21021482415537,-0.595684165710436,0.257125522607431,0.676060591631102,-0.36456908185157,0.136884109105956,0.0489104884378151,1.59569110323803,-0.367658207605621,2.10815850475558,0.534012320993813,-0.847009602501171,-0.173810874633794,-1.53632959982002,-0.341708187587228,0.416211199837632,-1.66712554425922,0.882853169869438,0.172884808728555,0.0457222076487454,0.316340443395806,1.48815451824417,-0.0146381613693576,-2.00343427492563,-0.184095202320053,-0.94677289018921,0.685172185700639,-0.0913297725067967,-0.416691784400162,-0.736870439935725,-0.554490057548792,-0.419397066354193,0.00767537854667647,-0.200220542613056,-0.867042628595401,0.692364155890095,0.267534903699709,0.139729810053568,-2.6608151931666,-1.76593885660031,-0.841653454564107,0.745212495255674,-1.07194897639237,0.302200203474822,0.748851589133125,2.44044838715979,0.449355677708779,-0.730530783867577,-0.713931688173017,0.78571885797969,0.278647499705768,-0.34419972237834,0.0827453468123518,0.852217244912562
0.269870842267703,-0.137646439925263,-0.725540603686035,0.247832190584439,-0.317855409709165,0.146058706504724,0.7750621700599,0.703223042560317,0.86847440199958,0.368744580281366,0.713126873744509,0.849841538742818,1.44304351430364,-0.614796520720155,-2.59414725832551,0.326973735183287,-1.82811730524668,-1.9547320310438,-0.37434277436055,-0.565755632861501,-0.244185611758759,0.837110677311699,1.84660690570598,-1.23668594108138,-1.32049615582083,0.0540471939263062,0.514006673362506,0.352967521176934,0.544877543404702,0.799964795001091,-1.00796086434622,0.457787073164242,0.563099003252063,0.367330750596192,0.749255977103938,-1.04552977778325,-3.1386572850295,0.59393909336655,-0.152743279646356,1.01452182577365,-0.531993889371421,0.104344379592441,0.311883111924462,-0.39489895026081,-1.01537680453861,0.134625512881872,-0.762841725547597,-0.407154699035788,-0.70741388028564,0.352872903950517,0.33129126061614,0.0934995063807598,-0.0711281876390477,0.821677648380697,-0.705177078969831,-0.935608449649961,-0.284517745935006,-0.353322396618914,0.181975057766068,0.609731692384585,0.523049646248494,0.782504382587901,0.903392791564835,0.128979421108261,-0.0158445299433329,-1.44872740508172,0.737322546518985,0.613950065080757,0.638857366644511,-1.63302219454221,-0.114140707394262,0.683740469126125,-0.912270045296996,1.30633511605542,0.957791239433314,0.489646446060335,0.452703832044404,-1.67961942170893,0.109643553634606,0.274300162291465,0.997902635851577,-0.669481971499106,-2.19918092877457,1.00002575135815,2.27801793323744,-0.031193095846009,-0.672637276489567,-0.299868275325809,0.470679813705533,-0.200220542613056,-0.46247024483875,-0.385368853141989,0.741953644205589,0.741530089391808,-0.0284303732947688,-0.809742643247872,-0.841653454564107,0.340355948763682,-2.21168054421957,0.649189746375325,-0.523868340007858,0.0789250098368569,0.835089616392682,0.946662450428907,-0.0578173804619865,0.894123395603348,-3.9937755580062,0.416338069900617,0.462007293750681,0.852217244912562
1.20391804914562,0.655876838274059,-2.13979282307603,-0.488499423578853,-0.147628340611428,0.86713744312684,1.25268311388743,0.180281771516588,1.70353013230986,0.673360693108657,1.21601136012611,1.10115885728815,0.904836055645528,-0.372670340101991,-2.0060710797651,0.326973735183287,-0.306075043156793,0.625832959523953,0.202687809845561,-0.274367209748218,-1.38479759441334,0.429445075347753,-0.0485288446683878,-1.35911003651458,-1.51422837323171,0.834573481685238,-1.56812971899174,-0.306644032049066,-1.97497605586497,1.30870501916661,-1.05311076663472,0.457787073164242,0.429388167953716,0.997448927393789,0.808581855231521,-0.557113880550214,0.52345263493607,1.46526366176485,0.502898796744546,0.91359716585808,0.555253305759488,0.581656912831339,0.482117585162224,0.601966472172981,-0.513072932804586,0.489656228582991,-0.820427587684347,-0.00718717304396505,-0.70741388028564,1.30734557632398,-0.0230632059251611,0.92551859161809,0.0323505369840331,0.682561185136163,0.0996816413553434,-0.335307126039504,-0.683803534498019,-0.818896405187095,-0.306692720155911,0.81281007804898,0.251023131911627,0.633772021638897,1.51779415038326,1.05031879322165,0.14570198004061,-1.73829847645636,0.897520795013042,1.30916158763428,1.43241944707997,-1.0577930794797,-0.426703286669783,0.844739916611451,-0.974689473451487,1.65802078466423,2.00349815445786,-0.723306337123436,0.452703832044404,-2.26209925899644,0.796154997777596,0.632644948015162,1.33121243896864,0.681604016904519,-1.49311386218972,-0.222675864570437,0.052334229024484,-0.113353582366815,-4.46159193801412,0.323769132408869,-1.92633993837554,0.960847856306351,0.0213958695093279,-0.329384134120232,0.715284731640261,-2.09558744175043,-2.33208871478746,-0.457294635120321,-0.757775706986254,0.661147276879872,-2.35698124282784,0.507298306596989,-0.870690911480393,0.436195371629604,1.49787845873916,1.21981523739833,-0.593070382852148,0.92155660932737,-0.621749852603271,1.7005518168694,0.642118355980869,1.34783977412052
-0.738718349757932,-3.73616388542718,-1.43268081793369,-2.53126745182964,-0.147628340611428,-1.04334953190373,0.534582884444985,-2.31924527046901,-0.765162591612956,-1.18075036342643,0.0848768458785273,-1.29698142833451,0.635237690916221,-0.911180497171632,-1.49476630622383,0.326973735183287,0.685606925815162,-1.17543400161711,1.24611195514735,-0.314507346967011,-2.14219145890914,0.303084420538872,0.382332784233331,-1.39039687166252,-1.51422837323171,1.19266277028445,0.659342404932985,0.704242150371192,-0.0922473101932433,0.675573109740071,0.256920726716121,2.64898520480125,-0.736324164541109,0.367330750596192,0.808581855231521,-1.61478346500689,0.773954065954963,1.05073138757872,0.917266199889014,0.137308231722285,-1.48060366698479,-0.0934131456655044,-0.227552694384818,-0.39489895026081,-0.0715861152144981,-0.458589671727566,0.855726228787788,0.0358907084326195,0.398804723872355,0.352872903950517,-0.19667943037847,0.855893274487495,0.922808756937136,0.433370010041899,1.0419627741784,1.65199141950974,1.20998357650201,-1.09341078754891,1.33814236720858,-0.264018744083322,0.198309414871569,-1.7259504239705,-0.0920786492220667,0.335632901958204,0.0701007083610008,1.54717523879784,-1.59124657493784,1.01677623040827,-0.283401681127349,-0.557658227679768,-0.962854360995834,0.0877092835192803,-0.585216297021903,1.41703014507322,0.957791239433314,-0.723306337123436,0.452703832044404,0.461968957319528,1.88794376309506,1.46040163826364,-0.0881330012720329,-1.05837675173297,-0.879221521797924,1.00002575135815,-0.00428273760841776,-0.784104604196858,1.40166144410318,-0.167647072577024,0.619276597823018,-0.803469172462657,-0.569730536734575,-0.269416892318106,-1.39124119166224,-1.5349425391609,-1.98852545146548,-0.700063959380093,-2.06208978907649,1.02360914653231,1.56588255264881,1.06651444847261,-1.35768938055295,1.11206735981707,1.29839356031246,1.49423505051199,0.29138128135699,1.00908627666668,-0.694868063256686,0.416338069900617,0.146954481687487,1.46039887031699
1.27046953319619,0.543729297091933,0.814933702020974,0.415572942349488,-0.878125033552698,0.706692252638666,-0.122157775612171,0.664853025585996,0.283762020943859,0.673360693108657,0.742780477034273,1.10115885728815,0.264408472661912,-0.796126955489822,0.212237201334013,0.326973735183287,0.217579302984032,-1.04638935207453,-0.019148686966424,0.664960055253147,0.00199532093468337,-0.284757314237393,1.06025593674349,-0.261137914666573,-0.886930738094611,0.715390954283278,0.659342404932985,-0.528870734210269,-2.34305934922117,1.07486743957055,-0.966093988627573,-1.27984198543218,0.187637689066802,0.997448927393789,0.954005669619446,0.456045504273392,0.463593927067464,0.179958938737556,-0.410776212084889,0.410859569009365,-0.642072992727885,-1.90625609126458,-0.580370711481135,-0.450156451908745,0.00159311463675554,0.0575519844126968,-0.225224796060018,-0.230642787915468,-0.100075649335956,0.352872903950517,0.115543140409763,-0.190021249634241,-0.124023113313551,0.33519546135434,-1.75866774052824,-1.25579476904787,0.107156311616164,-0.891252757336178,0.327148779410203,0.955913582075044,-0.00354280027215397,0.885009208530776,0.640192717709487,0.495100434812749,-0.278557594784309,-0.881968391010917,0.683997143456642,0.404604315500442,0.447891585159421,-1.1807653052194,0.953941476821771,0.844739916611451,-0.647581503252193,0.574940251047235,0.172884808728555,1.59375899186871,0.452703832044404,-0.188800735617395,0.345874592149019,-0.13886157815521,1.33121243896864,0.681604016904519,-2.36512414649421,0.305588499742104,1.74901674508157,-0.319922918395546,0.589038736479255,0.204433545604692,-2.51992938440807,-0.127658703074121,-0.569730536734575,-0.492249292382271,0.769516232323389,0.741530089391808,-0.421608067071472,-0.199078072019048,-0.669745183369127,0.445137279901721,-0.714396779649259,0.743438390497619,0.202226859822925,-1.31787936243917,0.67389524183058,-0.4574183345436,-0.334012303946926,0.312416362608885,-0.336454020290061,0.20194111201723,0.0827453468123518,0.512698550171701
-2.20690442041202,0.0328709607226925,0.171990719104071,-0.150585228493439,0.187553873101637,1.02907165892861,0.375490132736605,-0.0626177455307243,0.0926704700716293,-2.70776141788424,0.476462683931473,-0.58984275884098,-0.455037767725067,1.13537850172239,0.288880987840072,0.326973735183287,1.16022095247355,0.289781930692547,1.09020437035035,1.01798608122996,-0.414235577582633,-0.488969136903077,-1.11448030017813,-0.413306590040853,-0.682152707333972,-1.04173318871537,0.220655422714582,0.279869863340919,-0.365443984920175,-1.81525236159102,1.38979824939564,1.43595597966007,-0.16286844177355,0.997448927393789,-0.45273223629416,-0.0244558501771044,0.350372984980579,0.485236142043523,0.654893455978745,0.494818731665679,-0.112310170458325,-0.29304725448824,0.150898825309346,0.291478855308912,1.35548123152127,-1.10692055746249,1.70643535245617,-0.161634802317339,1.44687156800743,-0.0839473902948469,0.659650648340873,-0.631486642242936,-0.931788968699335,-0.1589517094467,-0.705177078969831,-0.00164369548604901,0.279962134498468,1.27282833259747,0.827460096541564,-1.4503103000363,-0.722748680391574,0.0256491862818563,-0.758953417910999,-0.943889197620687,1.09347595863194,0.59982669295464,0.408577566746867,-1.14626026789946,0.107619309036348,-0.158215778867027,0.365257438582955,0.240122473106936,0.647281982439031,-0.0602780400183178,0.172884808728555,0.665989175913325,0.452703832044404,0.862314833829607,0.236204884038985,-2.10267510967968,0.552566187642237,0.181631758436135,0.0896697994839037,-0.879145897940965,-0.0673477134256938,-0.631723947955222,-0.435363582615363,-0.0503553573269618,0.543269446856288,2.21440658432596,0.0213958695093279,1.23140996444565,0.376919287768136,-0.0712501947483027,-2.727237325642,2.58143837361891,1.10739408003689,0.00888445410629617,0.606743108799546,0.177319392927648,-0.120772110644232,-0.103944073457703,-0.050635436931094,0.0546265433636661,0.104922940500587,0.0920014149046004,-0.195098339476327,-0.931296693054711,0.189036756630502,0.124135069763147
-2.29919344062271,0.0957265044797504,0.890661814804039,0.464187215797509,-1.14862616573562,-1.5571732554499,0.229538410747116,0.551630035649727,-1.16419896963416,0.0830908085475128,0.0625061582607485,-1.66516368913953,-0.285311789507995,-1.31256890287048,0.77386927017236,0.326973735183287,0.925659059773143,0.289781930692547,-1.22584690338684,0.136516050110297,0.855944678028041,0.619549812907084,1.55486740196851,0.576885968352401,0.334493076279273,-0.27185250986609,-0.331550056954222,0.560503926552002,-0.534013693107146,0.026872173925356,-1.09312200387205,-0.500868665105633,-0.845664552335221,-2.09869023451808,0.0300411515968678,-0.68921158902845,0.550320319657687,0.541507189096918,0.917266199889014,0.282351354706569,0.326209902598418,-0.765555625532439,-0.28298727206571,-1.10581325318986,0.773972518065725,0.288096447500778,-1.71993166608762,0.0358907084326195,1.27212834462184,1.88174841942471,0.614359638075443,1.54451631067225,0.479563997273928,0.925305551144248,0.999771408831722,-1.25579476904787,-0.447393183767905,-0.539815808938292,-0.688338413248065,-0.48474528004027,0.627609437849223,0.851252802765327,-0.376179634050679,-2.17731549133135,-0.0158445299433329,0.396473374586321,0.167612494749091,-0.321298368954176,-0.539692940995993,0.748058725015786,0.953941476821771,0.0877092835192803,1.39521450590972,-0.764786666558605,-1.23388902991241,0.805883658038209,0.189432740202247,1.24106087915176,-1.82863471378826,-2.17205308316943,-0.36911614566181,0.0629533856884657,0.281630858816782,-0.879145897940965,1.24755375804838,1.67740305671349,0.65514435146561,-0.891724641770572,-2.46344946412959,0.960847856306351,2.00232199026662,-0.655127578360473,0.561192903652398,0.277263781152872,0.670333759305393,0.86404454682653,1.00639136616946,0.185778416196311,0.407124933439379,0.302200203474822,0.294810937948259,-0.339925082899645,0.482145961178755,-0.32376400794577,0.771791441353561,-0.262002492325188,0.115785910477016,-1.31537250812814,0.0827453468123518,-0.0337507276704891
-2.29919344062271,-0.0782813954360333,0.265301010521051,0.555210326841794,0.611331323524278,-0.244217572175121,0.68368630240466,0.413570139713662,0.738515501471028,-0.346609319195851,0.446253438924356,0.273121481292308,-0.149174634176713,-0.231894032895758,0.335851021043926,0.753522145096841,0.755161626818578,0.289781930692547,1.12067847111557,-0.161409781137888,0.941788452602195,0.377065177435482,0.611981481536697,1.18171915046054,0.296982015133604,-0.725116553355388,0.18742294034335,-0.528870734210269,-2.30803629548672,0.067701706142336,0.156137272035816,0.895857302678651,0.429388167953716,0.997448927393789,0.693560454294474,-0.814283989637709,0.379030689818338,-1.5118632307737,0.00545560298302403,0.0979912085367112,-0.642072992727885,0.0791483438242048,0.482117585162224,-0.769974601814146,-0.58342559743878,0.0575519844126968,1.2719738248147,0.234531525863372,0.398804723872355,0.926394770611402,0.115543140409763,0.694376365389426,-1.03304575617935,-0.469292730067165,0.999771408831722,0.38642981163221,0.940499634167929,-1.09341078754891,0.116964644778349,-0.951988603973688,0.147218186593889,0.6911883395138,-0.334860104762787,-1.31169521245885,-1.00854907968617,-0.191411435136922,0.583949242923897,-0.847009602501171,-0.0732467292672677,-0.934820853740003,1.14973133102117,0.683740469126125,-0.122092157292625,0.426829482452768,-0.6196825510524,-0.723306337123436,0.316340443395806,0.0222829535743083,-1.82863471378826,-0.301630280537638,0.622575830980279,-0.889034579394214,-0.388924437179682,-0.222675864570437,0.647082675358382,-1.22676943019806,1.03691482609439,0.865981802259227,0.209971670360783,-0.988347781522153,-0.269954191798191,-0.749070769812779,0.769516232323389,0.445819472853367,-0.258038627522778,0.221725106356369,1.10739408003689,0.576500718807058,-3.11652686425544,0.302200203474822,-0.707177668035441,0.266090826731365,1.11334343880024,0.812971679291589,1.17311373580097,0.463527974431721,-0.336454020290061,0.317609460069425,-0.00372147205528611,0.546339154446886
-0.328387798832631,1.0094928754092,-1.00775871187457,1.50415341298025,0.611331323524278,-1.10971048560376,-0.00926917798454472,-1.89971699877284,0.504127899419789,0.940616555383431,-1.62607669183592,-1.84659050343595,0.0218484643870112,-1.08668041224752,1.23088062605005,-0.0699970319666152,-0.655781955259912,1.70479631861445,-0.135857399113845,-0.0837449920961149,1.67037885847856,0.643354124516182,0.839261020670655,0.931211249512129,0.694820337898614,0.834573481685238,-0.211255276175524,0.997325711446085,-0.71393220124084,-0.619453642907787,-0.563378926052105,-0.56605498766281,-0.515798442221809,-1.15037190034653,-0.655350507456444,1.87624850240135,0.773954065954963,0.869853946437141,0.953049178159835,0.137308231722285,1.58271454772217,-0.405258787263056,0.789715407982875,-1.98123218582769,1.58389540441879,-0.0190151598891225,-0.049428581139011,1.66731049348079,1.27212834462184,-0.0839473902948469,0.828279856895281,-1.23581197095626,-3.54778618085356,0.744813452433694,-0.168705147081962,0.38642981163221,-1.39205823438465,0.247681780098836,1.01516042167432,-0.569764876716682,0.795475763881185,-1.36822637079802,-0.913664794892288,0.694884862462961,1.26633988154512,0.236141652990412,-1.34042037160239,0.738183297224182,0.182872913344856,1.47311614563402,0.365257438582955,-0.521038766464531,1.05071705673358,-1.385337988028,-2.15686220638575,0.598983529652327,-0.401695077852551,0.619691151039453,-0.0146381613693576,0.583280307981819,-0.36911614566181,0.302555899083472,-0.510317551456847,-1.78087643297775,0.91352160323555,0.616512591022488,-0.033796325879134,-1.94130154341175,1.34176072051628,2.31573052027259,0.840278661989853,0.981161751720932,-1.06785777667075,-1.19803634745835,1.26698347040496,0.521402542894057,-0.332744859038946,0.835262952555738,-1.41092034897916,-0.472189005399976,-0.120772110644232,-0.103944073457703,-0.050635436931094,-0.4574183345436,0.505629716605009,-0.513523411388172,0.805392548175357,0.913472167935795,0.908689539755944,0.478717895060612
0.405429402334619,0.348412187188624,1.06555040035783,1.82012191550226,0.187553873101637,0.549887413975724,0.326468436381702,0.180281771516588,1.55172559812558,0.629037477205874,-0.0577430650294643,-1.19409689098948,-0.557539942480626,-0.496581222982152,0.130458587111392,-1.51690746270215,0.493822530003669,0.0297435793967939,-1.22584690338684,1.15109499644414,1.76639461608164,-0.0639284990063872,0.273989702492249,1.11552239012294,0.492692960764228,-1.91168614499881,-0.153530130123229,-0.736319599665777,-2.30803629548672,-1.87400036033041,0.00237405766111505,-0.923949685998441,-0.845664552335221,0.367330750596192,-0.570878182767092,-0.431351338931425,-0.239993763156361,-1.2172743962714,0.313787607106734,-0.0768517931535072,1.91279886109022,0.810995453211419,1.04418390810851,1.57919699916045,1.14444231925555,-0.175600415014518,1.00675644356984,0.579741566193409,1.64765884310922,-1.30077700996686,0.293413411970845,0.323962429432162,-0.662841751764619,-2.03083954355871,-0.440427133814197,-0.778917361378842,0.599279939865255,-0.293170827187909,0.0244440158239985,-1.55430469575618,-0.231978372177946,-0.249347903984703,-1.58663770518061,1.05031879322165,-0.685007987014173,-0.0908471574561021,0.434073459728528,-0.442908654417291,-0.33684566333803,0.231692421442624,-0.114140707394262,-0.891663758279527,1.26802305937737,-1.83114896073709,-1.56487441069767,-0.868111680826448,0.316340443395806,0.0222829535743083,0.236204884038985,1.96161503698697,1.06272183817681,-1.16390221560997,-0.15818396619987,-1.27538476966188,0.052334229024484,1.67740305671349,0.236064749642229,-1.12747756745314,0.543269446856288,1.43329693017814,1.06159263646821,0.954746007992061,0.561192903652398,0.395242166473757,-0.0718699345430363,1.47884924434096,0.729541845305609,0.745212495255674,-0.714396779649259,-0.319984204460858,-0.936953800354029,0.357926525755951,-1.37653143068189,0.0546265433636661,1.68417041100758,0.155333170278112,0.765524011313776,-0.53710645642896,1.33411353315904,0.312624365990979
0.0632891134657229,-0.406669746858407,-0.247846612033967,-1.02758368556612,-0.608687575989985,-0.41003358953983,0.586701735236387,0.380072665293981,0.86847440199958,-1.71631926574207,0.504923237471322,0.63112250730534,-0.149174634176713,3.06884263910996,1.4223266343104,0.326973735183287,1.60569308400303,1.2514902655029,-1.95712382264272,0.351555795106691,-0.820231342618385,0.785634594888348,-0.80377633770428,-1.39039687166252,-2.56091844714917,-2.02509010486709,-1.49565109593023,0.0728546278356824,-0.0709983240227516,-1.81525236159102,3.15027341826989,1.10124518109643,-1.16836251720162,0.367330750596192,0.309207629545625,-1.25264489984212,0.49303007812935,0.672990155111691,-2.40004396498948,0.137308231722285,0.662530461888945,-0.25255940284648,-0.161141387163702,0.333733763635663,-2.13841882166947,-1.76979584951833,2.44595297257727,-0.301613213127134,-1.05214598943858,-0.476128811269176,-0.680530942931863,0.0288047397308117,-2.13345985161216,1.19519599703185,0.623891985164413,1.3877611590664,1.5615752468544,-1.27266536877705,1.56571658683102,-0.987900647546564,-0.722748680391574,-0.171814670647523,0.099192217513,0.637774143763433,2.11777979270297,2.02764943559709,0.38558822171197,0.613950065080757,-0.539692940995993,-0.65611113255712,0.442914078177514,-0.369119103347289,-1.54185943999735,1.47258408919751,0.05188900763362,0.302838354790688,0.452703832044404,1.82809366369273,-0.268598391875418,-0.69050629399114,-0.669072460048411,-3.36415867421642,0.867288161355249,-0.615977004682094,-0.687100016776663,-1.10002873022943,0.94790330192008,-0.538167041861984,0.421465186294082,-0.542374639865607,-1.98489155419099,1.16794032310302,0.240325546741115,0.659671017508959,-0.177634871733325,-1.67578179385926,-0.147412553291948,-0.20543409024413,1.84068207605711,0.260136832141723,-0.327188776563862,0.789367144277436,0.134063557275968,0.547606763055135,0.29138128135699,0.463527974431721,0.154148222413288,-2.33873986964972,-0.0967427008762374,0.44444582303101
-2.07489077193474,0.835411547096844,-2.81636818512865,0.654412862587069,0.187553873101637,0.706692252638666,0.482017064198627,0.448167964703673,0.615468161309756,0.524619750391201,0.772589036526949,1.88412977458794,-0.0826872931585809,-0.231894032895758,0.0554348701944573,0.753522145096841,0.326409417947665,0.746736759449524,-0.019148686966424,-0.198728594091703,-0.244185611758759,0.234023304415173,0.166209829200152,0.127377783953806,-0.465991258948153,0.972893292607063,0.421903641683467,-0.670212442318928,-2.22291496252312,0.026872173925356,-0.43519803782012,0.702756303053476,0.703051358312176,0.997448927393789,0.749255977103938,0.137381971262793,0.265110015168015,-0.405526707199126,0.313787607106734,1.08639591066935,0.326209902598418,0.186114431642273,0.736762391151303,0.162316185100393,-0.795609205108475,0.529161089627152,0.193068390556636,-0.0861839628256727,-0.416925281988632,0.352872903950517,0.186536054827511,-0.384961568656177,-0.0213750468788175,-0.1589517094467,-0.705177078969831,-1.25579476904787,-0.116637205035684,-0.247194291213612,-0.688338413248065,0.955913582075044,0.413458241647584,0.57570841031577,0.537420967008086,0.495100434812749,-0.0158445299433329,-0.416838992097413,0.816136248313106,-0.225124395358408,1.08606164955043,0.12177660549128,-0.426703286669783,0.683740469126125,-0.714984370226052,0.525873113702837,0.814894224426917,0.165908247596638,0.316340443395806,-0.188800735617395,1.24852375203894,0.375832540328103,1.06272183817681,0.181631758436135,-2.08049525218368,0.0402363280403081,0.052334229024484,0.460612899527485,0.00582575223731775,0.721494679446484,-2.32617856433214,0.482050642961986,-0.671727168514854,-0.43776372302328,0.769516232323389,0.247114072005178,-2.6608151931666,-0.457294635120321,-0.147412553291948,0.419990071373139,-0.775848390185777,0.177319392927648,-1.06471266867985,0.0407916297150105,0.366821337524321,0.33923469570339,0.29138128135699,0.570789462434828,-1.17032105747382,1.65205740554512,0.512186572064328,-0.460058463257404
-2.20690442041202,1.3758985496942,0.78008504450844,0.509595948980984,-0.147628340611428,0.064264531319323,0.0930998090853591,0.213665397289101,1.1204857621327,0.244325329476602,0.683522858032867,1.10115885728815,0.398118159059124,-0.855862120615401,-0.0673196454111219,0.326973735183287,-1.31482439929999,-1.54507295099417,-0.606708917330074,-0.198728594091703,0.430006727828618,0.403371564311077,-0.151882565262631,0.324158250641276,-0.859183905841005,0.796032817794011,0.256800699233287,0.0728546278356824,-2.27301324175227,0.524341591109057,0.623816786954569,0.794068029042226,1.87111553451406,0.997448927393789,1.15407252432472,-0.0244558501771044,0.183442200208398,0.367280295832797,-0.0673941049281382,0.605260532271952,-0.739126215334261,0.480554435335515,0.150898825309346,0.118509939392049,-0.795609205108475,0.708789472179607,-0.266164171003006,0.285679685067136,-1.05214598943858,0.119946639097128,0.531744269660493,-0.0432580028872695,-0.174898667362867,-0.253358935859238,-1.07991657238261,-0.16116031453447,0.730884639927369,-0.408895446161704,0.181975057766068,1.3829935955414,0.684391728490584,0.292623833331227,0.903392791564835,0.637774143763433,-0.920396670734372,-0.959753798890575,0.762167146901057,-1.14626026789946,0.488694881684167,-1.63302219454221,-0.734156730875096,0.844739916611451,-1.29081975090351,1.53006479278384,0.172884808728555,-1.5071790189943,0.452703832044404,-0.499822152932525,1.29098038763262,0.120984252286329,0.414136940431049,0.554069758990982,-2.19918092877457,1.00002575135815,0.647082675358382,0.0471421079510039,-5.21409475259056,1.3473860123927,0.769435920953469,-0.542374639865607,-1.81752871498927,-0.857483343325859,0.908980182566072,0.741530089391808,-0.136469742529089,-1.20223841404709,-1.85410413765142,0.981747087371295,-0.963233197263327,0.57332374969032,-1.1423946952979,1.08503601747686,0.406455816485889,-0.730530783867577,-0.935951995131237,1.09601480355268,-0.934842647386115,0.0224717394674205,0.274366514242218,0.635506533753881
1.12535036321767,0.543729297091933,0.265301010521051,0.415572942349488,-1.26766539107909,-0.41003358953983,1.20768975728988,0.448167964703673,-0.17207034250768,0.673360693108657,-2.53943737206842,-1.29698142833451,0.0958619313764391,-0.432480187648114,0.239027908935885,0.326973735183287,0.551821441481417,1.70479631861445,-0.019148686966424,0.817590459595713,1.30382767001185,-1.83243366049528,0.382332784233331,0.0489946265377203,-1.11043328289666,-1.32112819647604,0.514006673362506,0.633131281980551,-0.608229367403618,-1.42219688472533,-0.605598060272227,0.993421934817605,0.187637689066802,-0.455657840732264,0.158248129129352,-0.161509701463328,0.405986221081054,0.238259282675603,1.23449646140085,1.12846455449351,-1.06621081035575,-0.920228281636136,-0.104019831706868,-0.0738498339034697,-0.725434765908934,0.134625512881872,-0.820427587684347,1.0358737043495,-0.774140952839553,-0.819133818088062,1.09374161766071,0.543620305054206,-0.721799406385154,1.32343103299892,0.623891985164413,-0.335307126039504,-0.920818637499378,-0.293170827187909,-0.306692720155911,-0.221935832049519,-0.498008021542292,0.0522020566042885,-0.1386681588523,-0.0542612996788911,0.615678132834126,-0.0252859843251474,-2.11127532515646,0.738183297224182,1.1645486761978,0.83860455158851,0.0417165412178066,0.844739916611451,-1.29081975090351,0.627761806403861,0.05188900763362,-0.290231229123829,0.452703832044404,0.255185836135501,0.919908784704779,-1.63849942643716,-0.793406281589464,0.302555899083472,-1.64405656732384,1.00002575135815,2.38446516043383,1.15092301397104,0.94790330192008,-0.538167041861984,0.543269446856288,0.0962157703474718,-1.15162541048846,-0.207156830037988,-2.06170014253412,0.420823992234116,0.223409610934146,-1.39564604092521,-1.57122935650673,0.576500718807058,1.2104885876899,0.57332374969032,-0.998172997808999,-0.65848690122509,-2.04272697247135,0.812971679291589,-0.200273534157182,0.0920014149046004,0.504058498094532,0.72138486964129,0.436795746170511,0.40986764962848
1.04396686309869,0.479244354739696,0.171990719104071,-1.02758368556612,0.0146731830798018,0.706692252638666,1.15674331507885,-0.167299820711156,0.504127899419789,0.00923931179234422,0.41901412013635,1.10115885728815,-0.557539942480626,-0.372670340101991,-0.379197940482652,-0.0699970319666152,-0.157613161678313,0.236125095118006,-0.135857399113845,0.351555795106691,0.00199532093468337,0.480889985109822,0.951396899091362,-1.30053001735744,-1.28738391763947,1.25350955796089,1.33823972676585,0.920635034200052,-0.503464570857627,-1.64718171490693,-0.3921152075027,0.794068029042226,-0.845664552335221,2.10569245068189,0.350057226884903,-0.68921158902845,0.210545115169891,0.179958938737556,0.150364089542062,0.36526271694089,0.101909365120004,-1.42006915749962,-0.422518127188868,1.10210029454323,-0.144452082693546,0.447317005235111,-0.309993580650438,0.234531525863372,0.504722088396298,1.30734557632398,0.0470081129621076,-0.871717913018574,0.195438451106719,0.291231802623415,-1.75866774052824,-0.48108353677271,-0.622182316946924,-0.293170827187909,0.0244440158239985,0.430924875959751,0.413458241647584,-0.0640420740672725,0.196537390595155,0.637774143763433,0.219570441922896,-0.38487646801795,0.683997143456642,0.613950065080757,0.365201921953463,-0.158215778867027,0.865988279718127,0.491013148974912,0.158971777327471,1.19608927633556,1.78304430232803,-0.136214333460174,0.316340443395806,-0.347954465678273,1.32343189392224,1.19513359587922,0.698969131270815,-0.260100741547911,-1.96180957559279,-0.479622824584716,0.254021510704055,-0.182931947924634,-2.44130081914914,-0.167647072577024,0.300711054551148,0.0144190162980731,-0.46247024483875,1.13462920102025,-2.34024431987878,-2.52362969817813,0.0138080183742826,0.521402542894057,-0.242409635648556,0.80319381144937,0.377978379569275,0.351870054523001,0.246741794539259,-2.18096723444532,-2.37143716166007,0.0546265433636661,-0.0578173804619865,0.62332449596147,0.115785910477016,-0.147754630639532,0.363635120085996,0.250775219701398
0.0632891134657229,-0.0782813954360333,0.413397553221738,1.02000564863033,-0.317855409709165,0.86713744312684,-0.460088933528503,0.778352401719668,0.0926704700716293,0.758004940058081,-0.662968512387658,0.63112250730534,-0.248219690661486,-0.0251932885339507,-0.125347889793019,-0.0699970319666152,1.03026658614235,-0.0205000009330872,-1.91908942407949,-0.0837449920961149,0.941788452602195,0.303084420538872,0.166209829200152,-0.486467036585806,-0.00233729479072215,-1.98847638564246,0.610389240565852,-2.29465599502633,-0.623913703411918,-0.152330989414443,-0.43519803782012,0.794068029042226,0.859062521292833,0.367330750596192,0.488276525254725,-0.814283989637709,0.0901187695954947,-0.883439778601221,-0.698070511396257,-2.26450198225666,-0.854529961634602,0.928772431732698,0.634663267472269,-0.769974601814146,-0.869412742363751,-0.13341366644997,0.80746171548574,-0.268203024909328,0.189351884654359,0.119946639097128,1.09374161766071,-0.0432580028872695,0.245029449214964,0.547610994100587,0.623891985164413,0.178254443083605,1.14288099436368,0.680793467326688,0.327148779410203,0.229532118521524,-0.625820443031083,-0.296490922507083,-0.0920786492220667,-1.31169521245885,-0.278557594784309,0.636865115333835,0.790097820990198,-1.4220990060584,0.217313199091627,-0.934820853740003,-0.341708187587228,0.491013148974912,-0.259434294254487,-0.273730405962525,-0.160352836571611,0.337036753298293,0.316340443395806,1.14025863310564,-1.17535497877588,-0.485635062005131,0.0730872551553316,0.0629533856884657,-0.0452467680330441,0.867142322794583,1.32217681825372,1.67740305671349,0.589038736479255,0.865981802259227,0.169445404941116,-0.609995357900479,-1.24633096844436,0.344804716053644,0.405357977294746,0.632770550246621,-0.48164135848467,-0.0559069300933451,0.106934425427136,0.471205500674912,0.112335882647209,0.351870054523001,0.0140958471014687,0.789367144277436,-0.74431371053514,-2.05551712460408,0.771791441353561,0.544829050471456,-1.09154315689464,1.00510775657275,0.209213259180389,0.190878008083418
-2.20690442041202,-1.02386040656152,-2.95307630352983,0.654412862587069,0.385050844995055,-0.167191819834608,0.965836834549366,0.345860834730018,0.283762020943859,-0.131750596698168,0.504923237471322,-0.187636379705822,0.46392011203028,-0.372670340101991,0.157954940216351,0.326973735183287,0.217579302984032,-0.664730492356146,0.0997007341144494,0.527927024399203,0.088993004237144,0.403371564311077,-0.479174672002457,0.244928651791614,-0.498718618246941,-0.501429863480447,-1.52909061167339,1.23768368695431,-2.27301324175227,1.17795548991803,-0.174997116893404,-0.426933439200751,0.0613261975951968,0.367330750596192,1.04322944991149,-0.431351338931425,0.210545115169891,0.0483033070707128,0.230543045197997,0.767136498874304,-0.32455990422816,0.359378293068392,-0.422518127188868,-0.289032156764677,0.304765374001644,0.405654032534241,-0.570615131609357,0.0358907084326195,0.986107266118893,0.619746194045787,-0.0230632059251611,-0.570511396085325,-0.489005168033605,0.33519546135434,-0.705177078969831,0.178254443083605,0.107156311616164,-1.63217463852945,0.90135121531742,-0.743350536356766,0.251023131911627,0.851252802765327,0.152068796312673,0.128979421108261,-0.61076896225424,-0.548314863166274,0.408577566746867,-0.137947748393997,0.107619309036348,-0.934820853740003,0.780983283387331,1.04976177430626,0.745578779894836,0.832033141195085,0.172884808728555,0.565701175380366,0.452703832044404,-0.0817792378698717,0.109643553634606,0.40233668383558,0.21928407832838,0.619444197408649,-2.19918092877457,0.17248993300883,1.04637960024318,-0.031193095846009,0.467603766933231,0.204433545604692,-2.40696954385112,0.0144190162980731,1.06159263646821,-0.0284523180886817,0.510016783127786,0.247114072005178,-0.0949225768223174,1.04218317115801,-0.0675211002283921,-0.268215839041916,-0.775848390185777,0.743438390497619,0.587439050666362,0.0407916297150105,0.521429124873582,-0.4574183345436,-0.713931688173017,0.97882265500118,-0.0296665460619889,0.416338069900617,0.539695620959447,0.728599211375745
-2.29919344062271,0.479244354739696,0.497675090419582,-1.51321005213036,-0.147628340611428,-0.77448571664879,-0.460088933528503,-0.333063912224422,0.387966498143473,1.07664401234348,1.09518986482449,0.440225145389144,-0.649537013551015,1.75895260726111,1.23088062605005,0.753522145096841,1.16022095247355,1.12572111736077,1.09020437035035,-0.238759414274519,2.8924190691007,0.429445075347753,-2.024229972739,0.089707641702829,-0.00233729479072215,0.225936121028047,-0.445476644382568,-0.528870734210269,-0.287614182873479,-1.87400036033041,2.62331417368616,-0.145050596587472,-0.0491089794764972,-0.719819997200803,-0.655350507456444,0.643809294378102,-0.0606483074321218,-0.883439778601221,1.58462173394462,-2.21601381392561,-1.17441468891517,0.334162432174459,-1.35949257716687,0.562664906909989,-1.15335571731229,-1.43076605244182,0.31926141632176,-0.230642787915468,-0.774140952839553,0.926394770611402,0.872991971049168,-0.631486642242936,-1.14587530765147,-2.03083954355871,0.217021552854959,1.3162769235993,1.63107502477007,2.97414726078895,1.33814236720858,-0.743350536356766,-0.407706949411741,-0.208966865115042,-0.758953417910999,0.409598264686943,-0.190217048672266,1.67348337179797,0.192876442452835,0.153055447444775,-0.870420634957966,0.12177660549128,-1.12440954861636,-0.751030289576095,-0.714984370226052,-0.855307156290184,0.41702714314694,-1.5071790189943,0.316340443395806,2.11207008464286,-1.17535497877588,0.0310556020494127,0.287121429728431,1.93920780395558,0.460173121770026,-0.736196121578849,-1.56016410903261,-0.383769005259302,0.589038736479255,0.721494679446484,1.38325880289602,0.253847525066968,-2.14456153157016,0.397267563108683,0.486024573779661,0.0879492107166166,-0.421608067071472,-2.03432078209329,-1.34754541524549,0.549971118167624,0.633473522962636,0.0250590851510921,-1.1423946952979,0.157120303469809,-0.74431371053514,-1.37329263389167,1.68417041100758,0.221609287116966,2.21657951659574,-0.931296693054711,0.209213259180389,-0.460058463257404
-1.25365555336221,0.479244354739696,-1.96592944041698,0.606682984164304,-1.14862616573562,0.306073861730281,0.0436531861561622,0.622596912885525,1.2576733120405,-1.71631926574207,1.05892688693066,0.440225145389144,1.78930066710515,-0.0251932885339507,-1.88035241447429,0.326973735183287,-1.47896373976246,0.0819814468133097,-0.935610857806372,-0.314507346967011,-0.158203563842703,0.403371564311077,0.382332784233331,-1.20439723692832,1.12397639787717,0.937748621902962,0.898034664619412,0.421742147358689,-1.91126179811608,1.35953023969751,-0.605598060272227,-0.145050596587472,0.563099003252063,0.997448927393789,0.0300411515968678,-1.04552977778325,0.550320319657687,0.59393909336655,0.372280112073803,1.12846455449351,0.326209902598418,-0.826173870411025,-0.28298727206571,0.162316185100393,-1.28987129641845,0.667801233941684,-1.4288979201923,-0.122755631928192,-1.32018701359083,-0.0839473902948469,-0.524963463647844,-1.30239843505997,-0.0213750468788175,0.547610994100587,0.217021552854959,-0.16116031453447,-0.00657874260524387,-0.100473915217253,0.257125522607431,0.81281007804898,0.0453410764691355,0.405350384097304,1.14935138513714,1.05031879322165,0.458853486472883,-1.22432970250331,0.897520795013042,0.873580247636732,1.25371851760471,0.181076797907332,-0.507527361180707,0.844739916611451,-1.22842761028783,-1.385337988028,0.41702714314694,0.265958259857929,0.452703832044404,-0.85545345253281,0.796154997777596,1.01037395635209,0.350485704685501,-0.51822071314966,-1.34217115705561,-0.0913297725067967,0.052334229024484,-0.383769005259302,1.40166144410318,-0.167647072577024,-1.82359115394501,0.177904407694378,-0.957724039016489,0.0844825062138238,-1.7970655959924,0.420823992234116,0.608798921657954,-1.94516566142152,-1.6371881419334,0.368849121691556,1.10137383118728,0.649189746375325,0.535856672787946,-1.62489025843312,1.26586692973952,-1.37329263389167,-0.474281836162509,1.06468847024126,-0.758120434104101,0.612723393067075,0.828918840272454,-0.129102292410126
-2.3914824608334,-0.137646439925263,0.852959948565648,0.195268675425012,0.871337061156552,-1.5571732554499,-0.318905962409986,0.011499317354409,-0.84643814416696,0.430903445759752,-0.735683150619683,-1.66516368913953,-1.06346568319914,0.551165408988306,0.482174971869706,-0.0699970319666152,0.685606925815162,-0.71947468145047,-0.935610857806372,0.351555795106691,0.855944678028041,-0.187608016965326,0.491368064584563,0.818112794663147,1.24866123458519,-0.27185250986609,-0.124022202310617,-2.12326438222608,-0.650254705385194,-1.9327483590698,1.68958303121553,-0.56605498766281,0.0613261975951968,-1.15037190034653,-0.481327005016285,0.137381971262793,0.379030689818338,0.761068021627823,-0.2851698517576,0.344617455311044,1.02006727675576,0.555201599397962,-0.816013635143946,0.333733763635663,1.35548123152127,-0.0190151598891225,0.408418365147648,-0.507864505637202,1.897097712461,0.619746194045787,0.115543140409763,2.0322554303262,0.601988549176789,0.744813452433694,0.340732822023507,-0.00164369548604901,-0.17289547659163,1.17700387886654,0.382525796454391,-0.569764876716682,-0.187375131229499,-0.100864955940016,-0.718730227926245,-1.6700637914148,-0.526995378997536,0.316856645166893,-0.0768781543949232,-1.28148178174041,-0.948561780155449,-1.43963700509784,1.61144014473468,-0.459730819224975,1.16030981013297,-0.720110783084991,-0.6196825510524,0.0908413802528142,0.452703832044404,0.776793143678704,-1.17535497877588,-0.0283065781095995,-2.47217915851034,-0.669481971499106,0.723485494309337,-1.27538476966188,-0.128471596481755,-1.14252867717574,0.345689401180456,-1.12747756745314,0.252450481682783,0.0144190162980731,1.41966460573101,1.16794032310302,-2.69379227202835,0.307156300260098,1.13326842684163,1.24568674855745,0.729541845305609,0.313261041449811,0.695128297017108,-0.130898196504425,1.55758396263292,0.436195371629604,0.767077759325572,-0.32376400794577,1.17311373580097,-0.155895684473867,1.18189942430616,-0.931296693054711,0.2971381223772,0.221847656137568
-2.43548602489553,0.655876838274059,-0.013779072725401,-1.14828831386157,0.187553873101637,0.393310607470023,-0.318905962409986,0.011499317354409,0.184204798900662,0.0830908085475128,-0.573157876865543,-0.58984275884098,-0.0500008206810116,0.263905598812806,0.65979621079456,0.326973735183287,-0.157613161678313,-0.560607164914073,1.0134999465635,0.351555795106691,0.941788452602195,-0.284757314237393,0.718976080454128,0.619573285371021,-0.0761673099996124,0.225936121028047,0.772262158729379,-0.227623732090386,-0.775698117195119,0.254139876289663,-0.264986268806409,0.895857302678651,1.17385798676142,0.997448927393789,-0.156482001367067,1.10613001832032,0.322809346449832,-0.647588745355904,0.372280112073803,0.195632841006647,-0.531993889371421,0.581656912831339,0.0966146890195229,0.921863805474344,0.609639806209828,0.854802352110852,-0.404450694906226,0.0358907084326195,0.72931481743086,0.352872903950517,0.0823244643446123,-0.693762226485626,-0.489005168033605,-0.1589517094467,-2.01868403137863,-1.56776551355635,0.107156311616164,-0.0182333699703618,0.257125522607431,-2.27863085625864,0.3559407800603,0.198234426451586,0.099192217513,-3.09608090014019,0.297906118775866,-0.287835521955887,0.608827381529933,-0.225124395358408,1.04610759700194,-0.934820853740003,1.04960368449264,0.683740469126125,0.647281982439031,0.12837801363877,0.957791239433314,0.598983529652327,0.452703832044404,0.0809116997572129,0.660792152405269,-0.188817739318486,-0.0881330012720329,0.80739432430923,-0.265304691150601,0.0402363280403081,-0.0673477134256938,0.851580281365738,-0.033796325879134,-0.299868275325809,0.169445404941116,0.333550576000958,0.429691070835187,0.296667523618845,0.267534903699709,0.0600793999598105,-2.84224723400809,0.221725106356369,-0.332744859038946,0.445137279901721,0.268469832400318,0.351870054523001,0.694940008894936,0.0407916297150105,-0.74431371053514,-1.70566973336197,0.29138128135699,0.491511118742293,0.689599160663861,-0.53710645642896,0.775727575845271,0.190878008083418
0.269870842267703,-0.199443537740796,0.0436799305843863,-0.086712708393912,-1.14862616573562,0.22311814647297,0.0930998090853591,0.0480793808812596,-0.84643814416696,0.244325329476602,-0.0352992342454769,0.440225145389144,-3.59583867354672,-1.02655842879704,0.0812873077159988,0.326973735183287,0.925659059773143,0.345236807415506,-0.37434277436055,0.598076574596381,-0.244185611758759,-2.18319974017168,-0.151882565262631,-0.72228428467537,0.492692960764228,-1.72505228686226,1.33823972676585,0.279869863340919,-0.254802943327987,-1.73121703824898,-1.09312200387205,0.375375310293003,-0.0491089794764972,0.997448927393789,-0.302884345758881,-1.15144920765883,0.237026821049342,-0.883439778601221,0.703722790152478,0.282351354706569,-0.430142049966225,1.6388429520365,-0.28298727206571,0.0783642770583618,0.773972518065725,1.42843538254772,1.38006598209834,-0.407154699035788,1.27212834462184,-0.646147970160618,-0.235033469309822,0.172233317702021,-1.34435965699398,0.168400753434026,0.553964171623195,0.44127758095832,-0.340276197990561,1.38309121120195,0.0244440158239985,1.19625353636629,-0.231978372177946,0.0788751781662283,-0.0473750346873127,0.495100434812749,1.17921210887636,0.555785160022249,0.434073459728528,-0.0279126066016991,0.406723853561258,-0.158215778867027,-1.41548233920859,-0.459730819224975,1.26802305937737,-0.67588197961823,-0.893400452507742,-1.5071790189943,0.452703832044404,0.392560272748124,1.03395486472995,-2.00343427492563,0.287121429728431,-0.362311251252345,0.0896697994839037,-0.615977004682094,-0.473653417230772,-0.253724396504562,-0.93768522141948,-0.419397066354193,-2.32617856433214,0.0144190162980731,1.17258592545003,0.590609782382824,0.376919287768136,0.247114072005178,0.223409610934146,1.7467627077489,2.03557676000999,-0.0582067139742115,0.79237051740895,0.177319392927648,0.587439050666362,2.03956931617946,-0.616431144368254,0.0546265433636661,0.771791441353561,0.112988661905318,-0.195098339476327,0.0224717394674205,0.412360191157889,0.124135069763147
0.900955861576334,-0.915054819448116,0.0436799305843863,-0.924556363463942,-0.745843292043968,0.549887413975724,0.68368630240466,0.0842933808010649,0.86847440199958,-2.80374813025239,-0.272162440049907,1.10115885728815,0.231446983536555,-0.559658423602394,-0.226482566856319,0.753522145096841,1.35616792613689,-0.444653280883618,0.797183303382558,0.408076839845084,-0.414235577582633,-0.284757314237393,0.951396899091362,-1.32988620061981,0.612314901208096,0.0540471939263062,0.83096882449212,-0.306644032049066,-2.30803629548672,1.02580943758461,-0.520678859693284,0.149483785295026,0.306452520343007,0.997448927393789,0.693560454294474,-1.04552977778325,0.881672937047303,-2.13453641006837,-0.988934969517549,0.494818731665679,0.101909365120004,0.608541634481806,-0.161141387163702,-0.246972062008515,-1.60669960308562,-0.344055240087978,-1.71993166608762,-0.0483438903613928,-1.05214598943858,0.352872903950517,-0.422503594866748,0.250863060834346,-0.980691281127149,0.168400753434026,-1.41060148270405,-0.935608449649961,-0.116637205035684,1.48806691829519,-0.147864651257785,1.19625353636629,0.298347192851576,-0.00277813172917147,1.21590770972657,0.335632901958204,0.535739907287848,-0.319206720564339,0.841413779289517,0.0663395961000464,0.675362711711693,-0.934820853740003,-0.582606671852007,0.683740469126125,-1.60147364405529,1.59258362307791,0.957791239433314,0.909727234439789,0.316340443395806,-0.296937823693273,-0.516042324943845,0.461399688503051,-0.0881330012720329,0.241148796426806,-2.28215253763439,-0.615977004682094,-0.582130020735302,-0.113353582366815,-0.708672664030729,-0.538167041861984,0.596381508178012,-0.280131408208002,-0.867042628595401,0.538117415020518,0.240325546741115,-0.0712501947483027,0.164101974482437,-1.29555163039495,-1.711873955666,0.445137279901721,-1.17506569314219,0.57332374969032,0.246741794539259,1.86402068459617,0.233604362099709,-0.32376400794577,-1.05044490914932,0.677368615906136,0.880882080851717,0.317609460069425,0.694861194374961,0.374991971630074
0.0632891134657229,0.0957265044797504,0.679495565620176,-0.310151235543215,1.19434327351285,1.28823164377953,0.326468436381702,0.778352401719668,0.615468161309756,0.721335584188348,0.476462683931473,1.10115885728815,-0.411527664979208,-0.614796520720155,0.409246271897368,-0.538228419296984,-1.57072660046789,0.560299091662518,-1.95712382264272,-0.637503905789049,0.00199532093468337,-0.488969136903077,1.84660690570598,-0.0701708487845272,1.55000944069872,-0.501429863480447,-3.62118606436492,0.138929700634319,-0.788089223956475,0.026872173925356,-1.61618179939753,-0.00116888540624903,1.34839995154814,1.53166876571905,0.0912856290709291,-0.431351338931425,0.581056569691259,0.997168607834846,0.150364089542062,0.452808603894749,-0.00554147264357505,-1.90625609126458,0.311883111924462,-0.565776357118815,-0.144452082693546,0.75867233570823,-0.883956770986043,-0.474409216336751,0.617989716850761,0.619746194045787,0.151414097287678,0.0288047397308117,0.922808756937136,1.16851123245545,-2.01868403137863,-1.56776551355635,-0.808681624251153,-0.14473814664595,-0.688338413248065,1.02859653250238,-0.583403620781754,0.604271091614942,0.903392791564835,0.0343243262657254,1.09347595863194,-1.08251842511504,0.762167146901057,0.738183297224182,0.488694881684167,0.807667575197906,0.0417165412178066,0.293774782837607,0.0181540980253594,0.033165860631043,0.41702714314694,0.565701175380366,0.189432740202247,-1.71803150533075,0.461499178926393,0.486916737953888,0.924214698244551,0.241148796426806,0.643529121910537,1.15201268612649,-0.636629864504592,0.130583370715689,-0.280356294065404,-0.167647072577024,1.07409120515293,0.253847525066968,-0.372265573674104,0.21555141274345,-2.72847168545764,0.526787649936783,1.26698347040496,0.696806839980222,1.30070550532252,0.368849121691556,1.03272936528817,0.217339490923321,0.587439050666362,-1.8958087828856,0.0228060124883409,-0.4574183345436,-1.4510796554704,0.221609287116966,-1.09154315689464,-0.34419972237834,0.539695620959447,-0.460058463257404
-2.3914824608334,0.282130038976662,0.0436799305843863,-0.310151235543215,-0.317855409709165,1.02907165892861,0.586701735236387,-0.333063912224422,1.1204857621327,-1.04094776753897,0.865210102514248,1.10115885728815,0.748302425295669,0.988819282696655,-0.226482566856319,0.753522145096841,-0.691457205692071,-0.560607164914073,1.0134999465635,0.598076574596381,-1.10313406523461,0.403371564311077,-1.32909967634977,-0.37995317494016,1.46533903437551,-1.61520866936936,0.220655422714582,0.279869863340919,-0.688657051960118,0.459165548787412,-0.264986268806409,-0.643566538836654,1.17385798676142,0.367330750596192,0.876355076657441,-0.557113880550214,0.121508334462706,0.179958938737556,-1.27233621452324,0.240057184893967,0.22077009217355,0.0293285176145222,0.685423714779528,0.333733763635663,-1.15335571731229,-3.86668901503969,2.78388518394761,0.0358907084326195,-0.984929181321343,0.619746194045787,0.0470081129621076,-0.751433184825727,-1.21369185825286,0.291231802623415,-1.07991657238261,0.0866180497627849,1.00743222435315,-1.46836042522175,-0.147864651257785,0.430924875959751,0.0453410764691355,0.0256491862818563,0.152068796312673,-0.943889197620687,-0.685007987014173,-0.416838992097413,0.683997143456642,-1.00177401427893,0.066539251563574,0.611931670561384,-0.582606671852007,0.683740469126125,-0.647581503252193,1.80088473344878,-0.531455420315175,1.01622716358092,0.316340443395806,-0.499822152932525,0.109643553634606,-2.24143105665917,1.53013785614837,-0.464809940364325,0.723485494309337,-0.222675864570437,0.321160932684757,0.0471421079510039,-0.0746110954221139,0.588651159512149,0.300711054551148,-0.414337425422163,-0.372265573674104,-0.655127578360473,0.486024573779661,-2.89196180372559,1.00882542766699,-1.00804276073319,-0.332744859038946,0.714918009140764,-0.424982919934224,0.177319392927648,1.03230090299404,0.113490912566576,0.449355677708779,1.09293039301962,-0.593070382852148,-0.903137956050351,0.115785910477016,-0.147754630639532,0.385449815611198,0.821100127674311
0.552493551377685,0.953077499039462,-2.67966006672747,1.45370312855316,-0.462013772726153,0.064264531319323,-4.54036393004055,0.742811564617638,0.992200709024405,0.524619750391201,0.772589036526949,0.63112250730534,0.861643159558294,-0.855862120615401,0.157954940216351,0.326973735183287,0.217579302984032,-0.560607164914073,-1.53133823703337,-0.458529139661602,-0.0764494607450776,0.234023304415173,0.491368064584563,-1.03129513862612,-0.886930738094611,0.283435903785448,0.772262158729379,0.209000681116338,-0.904952867512575,0.842361567405358,-1.05311076663472,0.702756303053476,0.703051358312176,0.997448927393789,1.04322944991149,-0.68921158902845,0.15263099249513,-0.287067666665371,0.0755099496990596,0.719576563619802,-0.112310170458325,0.555201599397962,0.150898825309346,-0.622160540746581,-0.939734651332224,0.249464761422564,-0.627896608180107,-0.230642787915468,-0.343884076661901,0.619746194045787,0.450005077522234,-0.0432580028872695,0.359413078471313,0.618077837520946,-0.440427133814197,-0.48108353677271,0.16687918446827,-0.595684165710436,0.496080432693062,1.11442301780427,-0.00354280027215397,0.463176691993171,0.640192717709487,0.495100434812749,-0.102658532372362,-2.12920402961805,0.737322546518985,0.675926343700556,0.78619604930525,-0.257114108792099,-0.270228287357283,0.844739916611451,-1.35793220459758,1.35797100688233,1.0982375857129,0.00806051443300711,0.452703832044404,-0.647462190380257,1.32343189392224,0.486916737953888,1.26114770958484,0.554069758990982,-1.96180957559279,0.867142322794583,2.59088357732609,0.130583370715689,-0.746228263334069,0.721494679446484,-2.24538758481316,0.638671492146844,-0.569730536734575,0.481457408487914,0.510016783127786,-2.52362969817813,-0.217866002524903,-0.457294635120321,0.281132514988678,0.288091969287367,-2.80815783020686,0.743438390497619,-1.52953717018362,0.357926525755951,0.521429124873582,0.0546265433636661,-0.935951995131237,0.78571885797969,-0.934842647386115,0.913472167935795,0.385449815611198,-0.728482699864805
-2.20690442041202,-1.24164928555463,1.167671314658,1.45370312855316,0.611331323524278,0.947846727208384,0.0930998090853591,-0.496600467050036,1.1204857621327,1.6708141787417,0.217857764336227,0.116243467363289,0.0958619313764391,0.915852858004059,-0.226482566856319,-0.0699970319666152,0.755161626818578,-0.613966968074639,0.741743706681475,1.15109499644414,-0.734025108426817,0.503402821951111,2.15690958585578,0.871837528702124,0.569206880033212,-1.83489590435516,-0.211255276175524,-0.306644032049066,-0.254802943327987,-1.81525236159102,1.2211875610309,-1.06407233354937,-1.28168212511884,-0.94971776683984,-0.481327005016285,1.10613001832032,-0.0872628594124073,-0.287067666665371,-0.2851698517576,-2.16752564559455,-2.63965518209248,0.721660829964859,0.369126577688234,0.445734113199329,-0.725434765908934,-1.592848204797,1.65614990357445,-0.122755631928192,-0.562464873651999,-1.59632670169737,-0.459514390173338,0.172233317702021,-0.827232417693137,-1.95771532350657,0.999771408831722,1.10691773976279,0.658641438675234,2.06871994941713,-0.0646694017506266,-1.24211481207799,-0.231978372177946,-0.375044933165552,-1.76228270864462,0.230367890308571,0.615678132834126,-0.0602680496720947,0.312421249018563,-2.08490796128066,-1.04011029071742,-0.257114108792099,1.73032586125079,-0.54996247479447,1.16030981013297,0.473791162037374,-1.31818470415086,-2.49556156854212,0.452703832044404,0.320146126026177,-0.268598391875418,0.912528934651441,0.0730872551553316,-1.68752271073889,0.594912746935094,-1.01508059889107,-0.250354056059955,0.851580281365738,0.869986290982538,-0.299868275325809,1.38325880289602,2.11760143870822,1.06159263646821,1.32485090655848,0.510016783127786,-0.00442942054399545,-0.280420799894584,-0.700063959380093,2.03557676000999,0.00888445410629617,0.377978379569275,-0.212313093222233,-0.171654391038555,0.687275776864492,-0.313486674771081,0.268949045794122,2.11744884108152,0.288633592306412,-0.0296665460619889,-1.31537250812814,-0.223153059936388,-0.271443462127501
0.0632891134657229,-1.52388121784009,0.369266361657037,1.11352380998415,-0.608687575989985,0.626879914671431,1.05972192125529,0.821605754463511,0.387966498143473,-2.24935727664398,0.446253438924356,0.63112250730534,1.15116118267554,-0.496581222982152,0.157954940216351,0.326973735183287,0.217579302984032,-0.176866193337322,-1.3785925702101,0.351555795106691,-0.0764494607450776,0.278138001390515,0.0586101884023861,-1.91899534860286,-1.60256313005396,0.283435903785448,-1.4061319652959,-0.14930295497882,0.544877543404702,0.615809836945963,-1.13295285724013,1.10124518109643,-0.393438697494904,0.367330750596192,0.954005669619446,-0.0244558501771044,0.0265064449031231,0.119332250657473,-0.555728800582011,0.559427262726268,-0.739126215334261,-0.553949278026434,-0.104019831706868,0.205748744613248,-0.939734651332224,0.210009228687487,-0.225224796060018,0.395425423785261,-1.05214598943858,0.119946639097128,0.222811725197329,-0.190021249634241,0.0849543100491295,-1.60849568185139,-1.58463461161614,-0.619352194503971,-0.447393183767905,0.89729831861293,0.496080432693062,0.746115180442601,-0.0516458938374494,0.915314227665431,0.640192717709487,0.574769142498748,0.458853486472883,-1.88687150592002,0.897520795013042,0.153055447444775,0.71228390125322,-0.257114108792099,0.119943132657722,0.683740469126125,-1.22842761028783,1.41703014507322,0.172884808728555,0.302838354790688,0.452703832044404,-0.702604865426715,-1.33801201682322,0.434088974386795,0.924214698244551,0.619444197408649,0.352624220909551,0.730258878746979,0.780467263983922,-0.031193095846009,0.185852459574788,0.323769132408869,-2.13723815380962,-0.200220542613056,-0.671727168514854,0.27095806797404,0.850003712524765,0.579853698814177,0.0831510932410992,-1.20223841404709,0.023092887467298,0.576500718807058,-2.65521988582149,0.649189746375325,-0.870690911480393,-2.03838800866546,0.273449453008352,0.611095956171917,-0.200273534157182,0.38683785080283,0.115785910477016,0.511278303186669,0.462007293750681,0.728599211375745
0.269870842267703,1.64583466095722,-0.602153576957751,0.555210326841794,0.187553873101637,1.45285998160478,0.586701735236387,0.664853025585996,0.0926704700716293,-2.43315548803189,-0.468050431472649,0.273121481292308,0.364482361707307,0.630578004581146,-0.0673196454111219,0.753522145096841,0.074896587760337,-1.31645287625454,-1.53133823703337,-0.198728594091703,0.600402662667928,-0.227699898916099,-0.263584866939357,-0.81555859159527,-0.530923249537262,0.676064459143769,0.974874781465142,0.0728546278356824,0.544877543404702,0.417711965307506,0.156137272035816,0.0786645656118312,-0.515798442221809,0.367330750596192,0.693560454294474,-1.43560768660517,0.265110015168015,0.179958938737556,0.150364089542062,0.537804158710618,-0.854529961634602,0.480554435335515,0.150898825309346,-0.693457341847863,1.2446913407695,1.08948307575908,-0.570615131609357,-0.195627181128661,0.72931481743086,-0.646147970160618,-0.235033469309822,-0.693762226485626,0.195438451106719,0.584311699342752,-0.440427133814197,1.06786600777961,0.279962134498468,-1.78755211886001,0.432722148797015,0.487096494624163,0.0453410764691355,-2.77572981821653,0.488188313197089,-0.763894234544096,0.458853486472883,1.54717523879784,0.434073459728528,0.318657103059116,0.569202716043635,-1.43963700509784,-0.809045842030182,0.683740469126125,0.55833742534962,0.426829482452768,0.681270209919537,0.631503039751444,0.316340443395806,0.619691151039453,1.29098038763262,-1.90419344017159,-1.20655731542097,-0.260100741547911,0.897804916743104,-0.0913297725067967,-0.473653417230772,-0.253724396504562,-0.904377730148276,-0.774274592083467,0.421465186294082,0.177904407694378,-0.867042628595401,-0.9639431958033,-2.34024431987878,0.247114072005178,-2.59439306069119,1.24568674855745,1.30070550532252,0.133558929797258,1.27958751088978,0.649189746375325,-0.274888398716937,0.357926525755951,0.0744102764361118,0.717037579021132,-2.00733155360916,-0.1092854747616,-1.26261557715351,0.511278303186669,0.385449815611198,0.666517892520405
0.900955861576334,1.0094928754092,0.614187412000111,1.16220355837633,0.871337061156552,0.064264531319323,-0.905293562483947,0.778352401719668,0.184204798900662,0.940616555383431,0.567780839995834,1.41337141037294,-0.248219690661486,-0.969992089197093,0.385519205283983,-0.0699970319666152,-0.0453545566722365,-0.125675556148866,-1.6454439879876,-0.458529139661602,1.30382767001185,-2.18319974017168,0.611981481536697,1.05362132897554,-0.258047274649962,0.715390954283278,-2.35815417955335,-0.603805902362413,0.739590860010849,-0.00844822970919663,-0.77926386443599,-1.72779855143116,0.563099003252063,0.367330750596192,-0.215992682011943,0.858938062520851,0.379030689818338,-0.647588745355904,1.34759283884647,0.0443337393289163,-0.112310170458325,-0.15143531452436,0.369126577688234,-0.622160540746581,1.03985241962743,0.854802352110852,-0.049428581139011,0.180806827421941,0.72931481743086,0.119946639097128,0.369783921839443,0.250863060834346,1.37558988646501,0.386016387386301,-0.705177078969831,-0.935608449649961,-0.866148179546054,-0.408895446161704,-0.0646694017506266,0.229532118521524,0.147218186593889,0.57570841031577,0.0489104884378151,-0.146381735850421,-0.0158445299433329,0.0434339106525742,0.559950069954933,-0.0279126066016991,0.638857366644511,-1.53632959982002,0.277716265988363,0.416211199837632,0.229643220815713,-0.636976347928498,0.172884808728555,0.0908413802528142,0.316340443395806,-0.296937823693273,0.599626143485276,0.40233668383558,0.698969131270815,0.302555899083472,-0.15818396619987,2.13985104731953,-0.0673477134256938,-0.182931947924634,-0.63267291983184,1.71457327435829,0.446692750100032,0.409334435552831,0.0213958695093279,-2.3409643504059,-2.44428489003326,0.659671017508959,-0.0514202343605303,0.696806839980222,0.918083861755433,0.340355948763682,-0.223234966399371,0.217339490923321,-0.611573859253962,-0.461002141123188,-0.187411401394768,-2.1861905509843,-0.200273534157182,0.221609287116966,-0.694868063256686,-0.147754630639532,0.340255281714331,0.312624365990979
-1.58944160249892,0.835411547096844,0.220935312122258,0.0629643894486045,0.0146731830798018,0.549887413975724,0.638299022840733,0.213665397289101,0.504127899419789,-0.131750596698168,0.217857764336227,0.849841538742818,0.0590197261540533,-0.29888955058801,0.105259913056809,0.326973735183287,-0.898326511517319,0.131116556418747,-0.935610857806372,-0.386850851556099,-0.414235577582633,0.278138001390515,-0.263584866939357,-0.298824325959062,1.24866123458519,0.461095902704907,0.0605541199229528,-1.12781786476953,0.544877543404702,0.799964795001091,-1.89605287768359,0.993421934817605,0.0613261975951968,0.367330750596192,0.395202030875255,-0.161509701463328,0.265110015168015,0.0483033070707128,-0.555728800582011,0.32270369435981,-0.00554147264357505,0.480554435335515,0.150898825309346,-0.344059806333888,-0.357692967199753,0.903408393496725,-1.12508255075639,-0.0483438903613928,-0.343884076661901,0.352872903950517,0.33129126061614,-0.751433184825727,0.195438451106719,1.0401873501725,-2.20045802973553,-2.80915676606788,-0.447393183767905,-0.46929827043242,0.432722148797015,0.0470065707521384,0.0453410764691355,0.166221728484292,0.390602407135464,-0.580597745657265,-1.11103782787166,-2.01124038054823,0.608827381529933,0.675926343700556,0.066539251563574,0.332374134699257,-0.507527361180707,0.683740469126125,0.0181540980253594,0.326412715269747,0.814894224426917,0.200740314039534,0.452703832044404,-1.34409975837264,1.39574826464025,-0.897923426941867,0.698969131270815,-0.0500283802805251,0.14941416582505,0.305588499742104,1.99088893130748,-0.031193095846009,0.185852459574788,-1.36381564696491,0.324407649702181,0.409334435552831,0.95431985465536,-0.0657172672035367,-2.76315109888694,0.445819472853367,0.508504686431176,0.0803979831596145,0.729541845305609,0.445137279901721,-0.476705126803407,0.649189746375325,1.26176675160699,-0.339925082899645,-0.869892863279087,-0.996635514108259,-0.935951995131237,0.112988661905318,-0.0668385342518672,-3.22089227340875,0.274366514242218,0.478717895060612
-0.328387798832631,-0.915054819448116,0.579036681696208,0.310803929522712,0.871337061156552,-0.914194227002184,-0.189351802849387,0.0480793808812596,-2.04789137516343,1.114835719293,0.0126663425562319,-1.84659050343595,-0.364432877347436,-0.855862120615401,0.65979621079456,-1.91906101714455,0.755161626818578,0.0297435793967939,0.693784574492233,0.527927024399203,0.770547151966998,0.0395691355683085,0.382332784233331,0.619573285371021,-0.00233729479072215,0.338729326818741,-0.0944648478698775,-1.53833334058517,0.739590860010849,-1.73121703824898,0.786234294060422,-1.78161670715906,1.68686509527675,-0.127488091919065,-3.78684264613135,2.96578757574006,0.917531334668247,-0.0619041969963403,-0.152743279646356,-2.09816636542504,0.662530461888945,0.0791483438242048,0.369126577688234,1.38723211964895,1.58389540441879,0.0575519844126968,0.408418365147648,0.810445858483529,1.27212834462184,-2.44897496551929,0.450005077522234,2.41735744118992,0.657801178691339,0.228664205065035,0.999771408831722,1.10691773976279,0.107156311616164,1.6426137025885,0.937198797022713,-0.743350536356766,-0.231978372177946,0.261432684908198,-0.0473750346873127,1.7250234479446,1.17921210887636,0.59982669295464,-2.4080199175524,-0.573423427641639,-3.59991907489133,0.89007583904122,0.277716265988363,-0.751030289576095,0.745578779894836,-1.1025054310865,0.957791239433314,-0.647456288810697,0.189432740202247,0.619691151039453,-0.268598391875418,0.583280307981819,-1.79452619486023,0.0629533856884657,0.643529121910537,-1.6546588170198,-0.687100016776663,0.851580281365738,0.137879510178711,0.865981802259227,0.397427714494834,1.94257680245052,1.41966460573101,0.590609782382824,-2.44428489003326,0.472326561842096,-0.217866002524903,0.86404454682653,0.193846645485947,0.445137279901721,-1.29406472289883,-0.212313093222233,-0.820043220607521,-0.339925082899645,0.134063557275968,-0.187658150475239,-1.15884878514351,-0.0141142098047919,1.04990514865572,-1.31537250812814,0.992287338615604,0.250775219701398
-0.0558608811627211,2.2199357610378,0.265301010521051,0.759329587492539,0.0146731830798018,-0.167191819834608,0.586701735236387,-3.68536852329489,0.86847440199958,0.302034349309538,-0.0816041669223339,0.849841538742818,0.398118159059124,0.193935226842421,0.0554348701944573,-0.905920896104469,0.755161626818578,0.236125095118006,-0.37434277436055,-1.12023985155693,-0.502476270299376,-0.39101996390004,1.18476470080403,1.05362132897554,1.7584888473298,1.36870038482111,0.659342404932985,-1.12781786476953,0.739590860010849,0.696358068410875,-1.00796086434622,-0.500868665105633,-0.626412413761127,1.53166876571905,0.693560454294474,-0.300955025337722,0.405986221081054,1.23444402830234,1.72277479758918,-2.09816636542504,0.22077009217355,0.692669806661128,-0.161141387163702,0.118509939392049,-0.214743634033979,1.67602453198856,-0.690156336442924,-0.407154699035788,-0.632398299927558,0.352872903950517,-0.158709207561205,-0.190021249634241,-1.21369185825286,1.14263998706442,-0.705177078969831,-0.778917361378842,-0.00657874260524387,-0.657318583368604,0.827460096541564,0.430924875959751,0.147218186593889,-2.89081863454007,0.745137591199751,0.495100434812749,0.219570441922896,-1.80671553237996,0.633812475206839,0.0663395961000464,0.750366074565912,-0.257114108792099,-0.426703286669783,0.136195509299007,-0.974689473451487,0.426829482452768,0.05188900763362,0.451100089705768,0.0397437080453976,-0.755041485005894,1.24852375203894,0.534326034177841,0.552566187642237,-0.0500283802805251,0.556395846889437,0.305588499742104,0.97980811361901,-0.571781554987692,0.345689401180456,-1.23544000501992,-2.32617856433214,-0.542374639865607,-1.34820152954656,0.244195353333871,-2.44428489003326,-2.63202088538305,1.00882542766699,-1.11165200160787,-0.841653454564107,0.445137279901721,-0.0272113597818916,-0.103300113715676,2.81747619094384,-0.562354435876247,-0.050635436931094,0.33923469570339,-1.53878889598346,0.288633592306412,-0.758120434104101,0.20194111201723,0.462007293750681,-0.662849302939154
0.269870842267703,0.282130038976662,-1.57187773798309,0.704583865360497,0.871337061156552,-0.327070751857572,-0.318905962409986,-2.45667526636954,0.738515501471028,-1.32055295931388,0.13647573552169,-0.0482952498937076,-0.285311789507995,-0.372670340101991,0.43391512216232,-0.905920896104469,-1.17455284175781,0.184174763626992,1.51080615881061,0.468520231011971,1.20852196957692,0.210462211883492,0.839261020670655,0.993919988007772,0.149534477004913,-0.725116553355388,-0.241888310170262,-0.603805902362413,0.638737524835939,-0.966221086691303,0.105500695577213,-0.923949685998441,0.563099003252063,-0.719819997200803,-0.862033169672223,0.291684839483377,0.293513114250599,0.238259282675603,0.797273980187458,-0.0266142102348051,-0.112310170458325,-0.405258787263056,1.25649794390801,2.38631555796726,1.69940124957012,-0.344055240087978,-0.570615131609357,-0.301613213127134,0.86077126013844,0.352872903950517,0.531744269660493,-0.113102708215453,-0.604387031401376,-0.900917626408385,1.80299247941518,0.919799583668037,0.870105599392954,1.80702909969035,-1.64590334577661,-0.61177767477762,-0.407706949411741,-1.8431344577479,-0.334860104762787,0.230367890308571,-0.102658532372362,-0.38487646801795,-1.67341277545817,-0.137947748393997,-2.24102483924215,0.807667575197906,0.953941476821771,-0.636063333650998,0.948236093996266,-0.636976347928498,3.04599008717202,-2.08908512890203,0.452703832044404,-0.702604865426715,0.726148967506187,1.08532250923109,-1.04227699064721,-1.21242394287289,0.513903694954595,-1.14135341680331,0.446252865089153,-0.92071795121067,0.345689401180456,-1.4858914202971,0.694178702353305,2.42868085310565,1.41966460573101,1.16794032310302,-1.49717584349608,0.193197839313078,1.00882542766699,1.04218317115801,1.10739408003689,0.549971118167624,-0.53221451134672,-0.37091167375896,-0.120772110644232,0.0789250098368569,-0.24921595226258,0.858820866714434,-2.15879549108571,0.244773344844097,2.21657951659574,-1.31537250812814,0.167586159011131,0.15863960269551
-1.58944160249892,0.543729297091933,0.265301010521051,0.704583865360497,0.187553873101637,-1.17396089295377,-1.43493685363366,0.703223042560317,0.387966498143473,0.430903445759752,-0.696516918623996,-0.187636379705822,-0.0500008206810116,-0.162770958708004,0.634708636684236,0.753522145096841,0.326409417947665,-0.225137604063531,-1.75954973894182,-0.0837449920961149,1.02818067882177,-1.12061087590421,0.382332784233331,1.11552239012294,0.222412287258807,-1.04173318871537,-2.84890436703062,-2.45973585378727,0.434168662657934,0.547517160760628,0.417444805737501,-0.717274310874747,-0.284894953842486,-0.127488091919065,-0.33533786487926,0.858938062520851,0.463593927067464,-0.287067666665371,0.87896793614714,0.115593828109807,0.90064711542394,0.900613953326278,-0.0506498045044974,-0.39489895026081,0.459339697033364,0.577893864530658,-0.184100017033714,0.0839115537054142,0.189351884654359,0.926394770611402,0.26030299367898,1.22936984976087,1.1130909449495,0.0594858205912099,-1.75866774052824,0.317075779190974,0.219623446847465,0.20020498180641,0.90135121531742,-0.221935832049519,-0.00354280027215397,0.377205388414875,-0.334860104762787,0.637774143763433,-0.526995378997536,0.236141652990412,0.408577566746867,-0.847009602501171,0.750366074565912,-0.0575034237978286,0.953941476821771,0.416211199837632,0.382297373656274,-0.720110783084991,1.42220370820001,-0.868111680826448,0.316340443395806,0.0222829535743083,-1.9135806673305,0.461399688503051,-0.184095202320053,-0.313167875210336,0.352624220909551,-0.615977004682094,-0.473653417230772,1.15092301397104,0.345689401180456,-0.538167041861984,0.397427714494834,-1.11659703539639,0.740571508200812,0.154451075744438,0.612707482368402,0.499135601859275,-0.258038627522778,0.0803979831596145,0.642746791629204,0.419990071373139,-0.0272113597818916,0.302200203474822,-0.820043220607521,1.33488855735163,-0.187411401394768,-0.4574183345436,-0.334012303946926,0.134808942607112,-0.694868063256686,0.0224717394674205,-2.62147444744971,0.478717895060612
0.476435920929465,0.600453133597597,-0.602153576957751,-0.00609224350436449,0.187553873101637,1.19862637083863,0.0436531861561622,0.413570139713662,0.615468161309756,-1.04094776753897,0.772589036526949,0.63112250730534,0.168554248127918,2.68169019254228,-0.379197940482652,0.326973735183287,-0.928059333255047,-4.21526125235474,0.889692918897993,0.239784761629477,0.259187859388538,-0.439036553380334,-2.55404208418207,-0.183978273847252,-0.258047274649962,-0.0450930585037289,0.469086561207207,-0.807093461846556,0.544877543404702,0.500966622883039,-0.43519803782012,0.615516848245836,-0.0491089794764972,-0.127488091919065,0.693560454294474,0.858938062520851,-0.0606483074321218,-2.13453641006837,-0.0673941049281382,0.410859569009365,-0.218523844069128,0.633626581937883,-0.355512893615681,-0.836167388267261,-0.144452082693546,-0.175600415014518,0.408418365147648,0.0358907084326195,-0.494575045781638,0.926394770611402,-0.31274489026696,0.0934995063807598,-0.827232417693137,-2.03083954355871,1.14083285334959,-0.0840438336219801,1.99004020184363,0.851691460653658,0.432722148797015,0.139548811103671,0.627609437849223,0.377205388414875,-0.55576451212431,-2.17731549133135,-1.87416013699686,-0.0908471574561021,0.897520795013042,-0.847009602501171,0.0187782917005832,-1.70061872665438,-0.809045842030182,0.844739916611451,-0.647581503252193,0.0800278461485664,-1.06443107572905,0.0908413802528142,0.452703832044404,0.862314833829607,-1.17535497877588,0.534326034177841,1.94883526798899,-1.05837675173297,0.402508315313132,0.305588499742104,0.190049342210392,-0.829755474113212,0.185852459574788,1.89413692379907,0.107282169989699,-1.05346499930284,-0.372265573674104,-0.9639431958033,0.793858135351648,0.861466142726615,-0.177634871733325,-0.457294635120321,-0.757775706986254,0.288091969287367,1.13538093890025,0.39922734352154,-0.611573859253962,0.76302311643558,-0.74431371053514,1.35720041548307,-0.474281836162509,0.134808942607112,-0.235290040928244,0.20194111201723,-2.50408094905846,0.512698550171701
-0.328387798832631,-1.89994897670471,-0.0955527899038466,-0.310151235543215,1.19434327351285,-0.0863525328205543,0.728033288320677,0.0480793808812596,-0.84643814416696,0.0830908085475128,0.301720610973908,-0.58984275884098,-0.0156426124576376,1.29110991730428,0.409246271897368,-0.0699970319666152,0.551821441481417,-0.613966968074639,1.09020437035035,0.351555795106691,-0.574982744056197,0.303084420538872,-1.92970364222788,0.576885968352401,0.334493076279273,-1.91168614499881,0.256800699233287,-0.880766771141594,0.638737524835939,-0.00844822970919663,1.38979824939564,2.08855602683163,-0.515798442221809,-1.49091229453417,0.53534299227364,0.858938062520851,-0.0606483074321218,0.485236142043523,-0.410776212084889,-2.21601381392561,-2.19706392133322,0.960001053117375,0.891335634141648,0.800028687328962,-0.869412742363751,-0.81182666973796,1.38006598209834,0.722952075830593,-0.494575045781638,-0.0839473902948469,-0.524963463647844,-0.113102708215453,-0.546449778226149,-2.03083954355871,0.340732822023507,0.490994198090362,1.07165545261205,1.38309121120195,0.827460096541564,0.139548811103671,1.18497141286755,0.323502846038822,-1.31256613148918,-0.763894234544096,-1.00854907968617,0.59982669295464,0.534012320993813,-1.28148178174041,-0.173810874633794,-1.1807653052194,-1.80610745702007,-0.0472905492791751,-0.455639716668236,0.0800278461485664,-0.71432126344013,-2.49556156854212,0.452703832044404,0.862314833829607,-0.268598391875418,0.341156899925561,-0.0147847972203031,0.00600772892464806,0.14941416582505,-0.353459696161215,-1.56016410903261,-0.514326999016553,1.25608313470448,0.588651159512149,0.188347706092378,-0.988347781522153,-0.569730536734575,-0.0284523180886817,0.663092620286752,0.687455131822518,-0.217866002524903,-0.457294635120321,1.30070550532252,0.106461696164542,0.295434274980843,-0.0111788907452004,-0.274888398716937,0.76302311643558,0.189646939390699,-0.996635514108259,1.17311373580097,0.177496115131635,1.50172619587608,0.0224717394674205,-2.50408094905846,0.666517892520405
-0.604301363499689,-0.0228307782727667,0.497675090419582,0.12649929416024,-0.147628340611428,-0.708783085672398,-0.615999637196983,0.864801936113896,-1.65056489997733,0.580862193623004,0.271079740956598,-0.58984275884098,-0.213563660926315,-1.63463382982376,0.385519205283983,0.326973735183287,0.270507863715218,-0.225137604063531,0.202687809845561,0.136516050110297,0.170954742204751,-0.54746909410828,0.382332784233331,0.663741112788527,-0.0761673099996124,-0.27185250986609,0.256800699233287,-0.227623732090386,0.544877543404702,0.459165548787412,-0.732475323531231,-0.426933439200751,-0.845664552335221,-0.94971776683984,0.0300411515968678,0.291684839483377,0.881672937047303,-1.2172743962714,-0.0673941049281382,0.387487670118385,0.662530461888945,-0.15143531452436,-5.82629608813591,-1.10581325318986,1.2446913407695,0.0575519844126968,0.275867292936225,-0.301613213127134,0.72931481743086,0.119946639097128,0.33129126061614,1.07755639833175,1.37558988646501,0.33519546135434,-0.705177078969831,-0.619352194503971,-1.19768338586908,0.0216648575036164,-3.4764416956519,-0.00210403490878362,-0.277532807202318,0.851252802765327,-0.376179634050679,-0.763894234544096,0.615678132834126,-0.0908471574561021,0.38558822171197,-0.225124395358408,0.78619604930525,0.643311185874824,0.780983283387331,0.683740469126125,1.05071705673358,-0.558649647441477,-0.71432126344013,0.489646446060335,0.452703832044404,0.696821203292766,-1.74368876024601,0.511429552138214,0.0730872551553316,0.0629533856884657,0.352624220909551,-0.222675864570437,0.514185349975881,0.851580281365738,0.0937724967968621,1.01721347371191,0.12733283236997,0.806471814100092,0.740571508200812,-1.95821448619579,0.68946399820642,0.861466142726615,-0.442865555913815,1.7467627077489,0.368564590834327,-0.0582067139742115,-0.424982919934224,0.57332374969032,-0.428281518065061,-0.167655058652397,-0.121372294466173,-2.05551712460408,-0.593070382852148,0.221609287116966,-0.336454020290061,0.416338069900617,0.0426366867939387,0.40986764962848
-0.0558608811627211,0.215277610678241,-0.247846612033967,-0.086712708393912,-0.462013772726153,1.11892162790124,1.20768975728988,0.703223042560317,0.0926704700716293,-0.131750596698168,0.332320980730954,0.273121481292308,0.46392011203028,1.0619079282501,-2.76530966545695,0.753522145096841,0.925659059773143,-0.38743572151944,0.440977221613979,-0.0837449920961149,0.088993004237144,0.713595955170397,0.166209829200152,-1.30053001735744,-1.95043865846913,-0.27185250986609,0.294633209678715,-1.32042971798651,0.544877543404702,0.459165548787412,0.893067225261172,0.702756303053476,-0.515798442221809,0.367330750596192,0.442882615302953,-0.927456641893257,0.293513114250599,-0.287067666665371,-2.40004396498948,0.410859569009365,-1.37366299089054,0.779362509020037,-0.161141387163702,-0.565776357118815,0.609639806209828,-0.218148955670141,-1.23122333460069,-0.195627181128661,0.72931481743086,-0.275364440039861,0.115543140409763,-0.190021249634241,-0.174898667362867,0.547610994100587,-2.01868403137863,-1.25579476904787,0.658641438675234,-0.818896405187095,0.90135121531742,0.139548811103671,-0.541959008172977,0.519521759426751,0.488188313197089,-0.254308087614388,0.535739907287848,0.67887460472272,0.534012320993813,0.478529053128051,0.569202716043635,-1.1807653052194,-0.507527361180707,0.3509242668138,0.948236093996266,0.326412715269747,0.41702714314694,-0.290231229123829,0.316340443395806,0.776793143678704,-0.516042324943845,0.120984252286329,0.21928407832838,-1.05837675173297,0.796652593971896,-0.222675864570437,1.82399102893212,-0.514326999016553,-0.672637276489567,-1.36381564696491,-0.157700074797526,-0.34491055627617,-0.957724039016489,-0.207156830037988,0.433554851407883,0.472326561842096,-2.84224723400809,1.24568674855745,0.729541845305609,-0.0355746671098377,0.576475984863502,0.649189746375325,0.485098179092005,0.411621519652979,0.449355677708779,-1.37329263389167,0.771791441353561,0.361981169467387,-0.28787325254268,0.0224717394674205,0.462007293750681,0.575930933042795
-1.94287712345745,-1.89994897670471,0.110101148503241,0.704583865360497,-0.317855409709165,0.466675706742454,-0.397679591226105,0.14727414653071,-0.17207034250768,0.00923931179234422,0.36076909233594,0.273121481292308,-0.117936903099282,0.263905598812806,0.747839676920634,0.753522145096841,-0.993278037510866,-0.0205000009330872,-0.135857399113845,0.185571398110621,0.170954742204751,-0.724329802545397,0.166209829200152,0.993919988007772,1.06517534337741,-0.725116553355388,-4.00858421084519,-1.73390475263091,0.544877543404702,0.799964795001091,0.312171760126572,0.615516848245836,0.187637689066802,-0.455657840732264,-0.00329349900265976,0.643809294378102,0.0584488484984884,0.436557747093942,-1.67347563279036,0.15702566387474,0.662530461888945,0.581656912831339,-0.161141387163702,-0.450156451908745,-0.437337168083324,0.0575519844126968,0.234947787571688,0.0839115537054142,-0.774140952839553,0.619746194045787,-0.524963463647844,0.0934995063807598,-0.281397141574207,0.0594858205912099,1.18280120488445,-2.39900941163553,0.049369863281352,0.0666872361231444,0.0244440158239985,-0.0465003283873321,-0.277532807202318,0.490800988722441,-0.1386681588523,-0.254308087614388,-0.0158445299433329,0.0434339106525742,0.608827381529933,0.246915593609955,-0.47695183393253,0.0297672658213689,0.865988279718127,0.683740469126125,-0.774411320966541,-0.149236598093955,-1.06443107572905,0.129649189162354,0.316340443395806,1.04562482453674,-1.9135806673305,-0.589001594011328,0.552566187642237,0.0629533856884657,0.796652593971896,-0.353459696161215,0.514185349975881,-0.253724396504562,0.404981371182565,0.0815057562198552,0.371571674020336,-1.5055529588123,-0.269954191798191,0.320681742671519,0.769516232323389,-0.106240305814189,0.862043541017154,-0.700063959380093,0.54490402101857,0.261376442953965,0.268469832400318,0.4496714836222,2.56422692973345,0.62983178179852,-0.121372294466173,-2.31686397736452,-0.593070382852148,0.221609287116966,-0.499740711894786,-0.931296693054711,0.189036756630502,0.190878008083418
-1.25365555336221,-0.829007281427248,-0.725540603686035,0.247832190584439,0.611331323524278,0.22311814647297,0.184968957132473,0.622596912885525,-0.17207034250768,0.00923931179234422,0.683522858032867,1.41337141037294,0.231446983536555,-0.496581222982152,0.105259913056809,0.753522145096841,-0.306075043156793,-0.816283097066947,-1.75954973894182,0.468520231011971,0.088993004237144,0.103690910988054,-0.902781180348402,0.089707641702829,-0.39778535938293,0.0540471939263062,0.421903641683467,-0.880766771141594,0.638737524835939,0.57048756996008,-0.43519803782012,-0.358524099683644,0.859062521292833,0.367330750596192,0.693560454294474,1.10613001832032,0.0265064449031231,-2.25410740968393,0.313787607106734,0.17736925658682,-0.854529961634602,-0.0934131456655044,0.789715407982875,-0.112749837861043,0.377533110854386,0.210009228687487,0.718452173277117,-0.00718717304396505,0.0877589892563166,-0.0839473902948469,-0.158709207561205,-0.507533188568746,0.0323505369840331,-0.0594183311705819,0.894369153059493,0.65695257083694,0.870105599392954,-1.36278185673641,1.0976127326491,0.229532118521524,0.627609437849223,0.851252802765327,0.196537390595155,-1.31169521245885,-0.61076896225424,-0.255219125933828,0.709315598736466,-0.573423427641639,0.447891585159421,-1.1807653052194,0.780983283387331,0.3509242668138,0.229643220815713,-0.720110783084991,-0.160352836571611,-0.647456288810697,0.189432740202247,-0.0817792378698717,-1.95408304453618,0.165911888778055,1.26114770958484,0.49177931224219,-1.00006789748243,0.45282041287535,0.71953537627626,-0.319922918395546,0.589038736479255,1.01721347371191,0.12733283236997,-0.34491055627617,0.120114585322708,-0.857483343325859,1.02980930468626,0.741530089391808,-0.381104922526659,0.521402542894057,0.281132514988678,0.106461696164542,0.0555056480031606,0.138721451766128,-1.1423946952979,0.157120303469809,-0.24921595226258,-0.4574183345436,0.104922940500587,0.00652223737912349,-0.336454020290061,0.72138486964129,0.103765917033058,-2.83006606298096
-0.328387798832631,0.0957265044797504,0.46116459957454,-1.14828831386157,-0.608687575989985,-1.04334953190373,-0.189351802849387,0.622596912885525,-1.49784312010162,0.0830908085475128,-0.491667734036899,0.63112250730534,-0.0500008206810116,-0.162770958708004,0.607821099924491,0.753522145096841,0.217579302984032,-0.33070468555018,0.498416130692618,0.297043285931027,-0.158203563842703,-2.41195618382194,-0.151882565262631,0.762061728469928,0.652864436352302,0.225936121028047,0.220655422714582,-2.12326438222608,0.544877543404702,0.197526813948945,0.201596567351613,-0.717274310874747,-0.626412413761127,-0.455657840732264,-0.00329349900265976,0.137381971262793,0.0584488484984884,0.761068021627823,0.372280112073803,0.387487670118385,-0.430142049966225,-0.29304725448824,0.634663267472269,-0.246972062008515,0.694319043018871,0.577893864530658,0.495291528532268,-0.407154699035788,0.617989716850761,-0.0839473902948469,-0.0580657936491774,0.172233317702021,0.0849543100491295,0.433370010041899,-1.41060148270405,0.0866180497627849,0.341280206814523,0.937576020733043,1.4908101962788,0.139548811103671,-0.0936945741623155,0.350665405302878,-0.422204973631621,-2.17731549133135,-0.758912317736647,0.59982669295464,0.434073459728528,-0.225124395358408,0.107619309036348,-0.459205322802417,0.277716265988363,0.183850201423576,0.382297373656274,-0.809845688857859,-1.14923095517627,0.0908413802528142,0.316340443395806,0.53867574672015,-1.50066905487057,-1.1000184993114,0.414136940431049,1.79861964545838,0.460173121770026,-1.39623925467937,0.254021510704055,0.616512591022488,0.527222905997698,-0.774274592083467,-2.51992938440807,-1.29812143267153,0.840278661989853,-2.59057941530927,0.68946399820642,0.60529641244924,0.862043541017154,1.04218317115801,0.642746791629204,0.160620347050938,0.377978379569275,0.0250590851510921,1.49662877370491,-0.65848690122509,-0.74431371053514,0.20317024854613,0.29138128135699,-0.0612713126910512,0.00505438616418639,0.0224717394674205,0.146954481687487,0.374991971630074
0.686945108710445,-0.0782813954360333,0.220935312122258,1.30877115825841,-0.462013772726153,0.466675706742454,0.7750621700599,0.947106163209833,1.1204857621327,-2.57045845295806,0.835772552686681,0.440225145389144,0.988073735193738,-0.100715297318538,-2.49529514860027,0.326973735183287,1.03026658614235,-1.17543400161711,0.926723501950471,-2.30650823000096,-0.414235577582633,0.480889985109822,0.166209829200152,-1.20439723692832,-1.47201109272272,0.225936121028047,-2.65482430113663,0.633131281980551,0.544877543404702,0.842361567405358,-1.05311076663472,0.303322027417139,-0.515798442221809,0.367330750596192,0.876355076657441,-0.0244558501771044,0.350372984980579,-0.405526707199126,0.0755099496990596,0.980626188624367,0.662530461888945,1.02109406722287,-0.495346690351002,0.370903068965829,-0.513072932804586,-0.175600415014518,-1.23122333460069,0.0358907084326195,-0.984929181321343,-0.0839473902948469,-0.19667943037847,-0.934396766208933,0.413205831423587,0.433370010041899,-1.88867588595343,-1.56776551355635,-0.74597512260382,0.0666872361231444,0.90135121531742,1.11442301780427,0.198309414871569,0.6911883395138,1.14935138513714,0.335632901958204,0.690868290245467,-1.73829847645636,0.897520795013042,0.404604315500442,0.638857366644511,-0.158215778867027,-0.189154798873194,0.683740469126125,-0.32522784001544,1.59258362307791,0.41702714314694,0.0457222076487454,0.452703832044404,-0.85545345253281,0.345874592149019,0.461399688503051,0.552566187642237,0.0629533856884657,-2.08049525218368,0.730258878746979,0.71953537627626,-0.383769005259302,-2.05501682837842,-0.0503553573269618,-2.32617856433214,-0.0527925390317787,-0.0771577661286472,1.88754123073208,0.587735050870366,0.71617029211136,-0.36138400905356,-0.809742643247872,-1.25928536423631,0.445137279901721,-2.922407218464,0.57332374969032,0.341876379205735,0.38531292489796,-0.38878489190784,-0.187658150475239,-1.15884878514351,0.491511118742293,0.237511705895664,0.612723393067075,0.669275792462305,0.980466494808826
-0.873135336016176,-2.49296886184305,0.413397553221738,-0.719620286873719,0.0146731830798018,-0.478203303851904,0.279831943631821,0.28049573296494,-0.519553823289806,0.244325329476602,0.160741850709955,-0.187636379705822,0.297745437025038,0.193935226842421,0.43391512216232,-0.0699970319666152,0.119719929676485,-1.24300709806384,-1.53133823703337,1.35179844212411,-0.965010094090368,0.159685511326528,-1.63391008661259,0.576885968352401,0.185318097615854,-1.98847638564246,0.336806804760655,-0.459384396190428,0.739590860010849,0.305945798071931,-0.476636093256654,0.615516848245836,0.306452520343007,-0.719819997200803,0.228357654431017,1.10613001832032,0.0584488484984884,0.63540420922908,-1.67347563279036,0.387487670118385,-1.06621081035575,-0.0407978171159152,1.31295554906603,0.407220439731868,0.00159311463675554,-1.03645109215133,0.718452173277117,0.234531525863372,-1.11925039574443,0.119946639097128,0.151414097287678,-1.1698918501795,-0.604387031401376,-2.10396376361085,-0.440427133814197,0.990649475842395,0.730884639927369,1.4343111193551,0.90135121531742,0.139548811103671,-0.277532807202318,0.350665405302878,-0.640445663330079,-0.421765088244575,-0.758912317736647,-0.512893012554317,0.737322546518985,-0.847009602501171,-0.0210885434879448,-1.1807653052194,-0.962854360995834,0.240122473106936,-0.122092157292625,0.033165860631043,-0.531455420315175,-1.36294350089439,0.316340443395806,0.0222829535743083,0.461499178926393,-0.240767288771276,0.148667582104305,-0.570003190199351,0.594912746935094,0.17248993300883,0.71953537627626,-0.514326999016553,1.03691482609439,2.47510195489067,0.470679813705533,-0.609995357900479,0.120114585322708,0.509908371642548,0.996468483902992,0.659671017508959,-0.217866002524903,0.0803979831596145,1.89600741503732,0.261376442953965,1.24286534561025,0.217339490923321,-1.94970079560488,-0.286309190832816,0.767077759325572,0.611095956171917,0.771791441353561,0.64935084084513,-0.694868063256686,-0.53710645642896,-2.56417170000177,-0.0777431493744725
0.269870842267703,0.543729297091933,0.541415108396477,0.509595948980984,0.0146731830798018,0.22311814647297,1.25268311388743,0.947106163209833,0.283762020943859,0.673360693108657,0.190676271386193,1.10115885728815,-0.0500008206810116,-0.614796520720155,0.43391512216232,-0.538228419296984,0.217579302984032,0.131116556418747,-1.6454439879876,-0.386850851556099,0.685292430018278,-2.18319974017168,0.951396899091362,0.993919988007772,-0.829759076492645,-0.27185250986609,0.898034664619412,-1.32042971798651,0.739590860010849,0.437188092238014,-1.13295285724013,0.794068029042226,-0.393438697494904,0.997448927393789,0.693560454294474,-0.0244558501771044,0.463593927067464,0.838922813093669,0.372280112073803,0.0979912085367112,-0.430142049966225,-1.62135154980591,0.254147133327512,-0.153243488127353,0.148579770774678,0.447317005235111,-0.690156336442924,-0.440810097431731,-0.00416806552563033,0.119946639097128,0.0130400352935277,0.473627012280113,0.0323505369840331,-1.85311571827617,-1.88867588595343,-0.619352194503971,-0.447393183767905,-0.100473915217253,0.977650303225158,0.881962376272587,0.466930248014232,0.633772021638897,0.85051005555572,0.994013495373379,0.219570441922896,-0.620085201328403,0.709315598736466,-0.137947748393997,0.78619604930525,0.332374134699257,-0.270228287357283,0.491013148974912,0.0838412962623624,0.224610761877935,0.957791239433314,-1.36294350089439,0.316340443395806,-0.647462190380257,1.07745813547242,-0.897923426941867,0.774710763716165,1.65860197957296,-0.15818396619987,1.2949791082651,0.514185349975881,-0.450831277231902,-0.93768522141948,0.0815057562198552,-2.32617856433214,0.0144190162980731,-0.269954191798191,-0.269416892318106,-2.44428489003326,0.827531967209643,-0.280420799894584,0.0803979831596145,-1.17914217455434,0.261376442953965,-0.476705126803407,0.743438390497619,-0.223051007080338,-0.286309190832816,0.0228060124883409,0.670253541999253,-1.53878889598346,0.0696949526909914,-1.09154315689464,0.20194111201723,0.539695620959447,0.512698550171701
0.338975959904114,0.0957265044797504,0.321299790974471,1.25965504395893,0.0146731830798018,0.947846727208384,1.01097730135721,0.448167964703673,1.55172559812558,-2.06555906525606,0.959106830725882,0.440225145389144,1.10857672669472,-0.0251932885339507,-0.0673196454111219,0.326973735183287,0.493822530003669,-1.47012963794731,0.498416130692618,0.0853365588185812,-0.965010094090368,0.234023304415173,0.166209829200152,-1.57643687462958,-1.80914456549122,0.158570593484607,1.17285344339286,0.279869863340919,0.739590860010849,0.820820636907952,-0.732475323531231,-0.287609279716521,0.187637689066802,0.367330750596192,0.488276525254725,-0.0244558501771044,0.435093964497735,0.761068021627823,-0.0673941049281382,0.430515067019773,0.90064711542394,0.960001053117375,0.20123574903108,0.407220439731868,-0.437337168083324,0.529161089627152,-4.11028085243721,0.129939351494564,-0.849361387378975,0.352872903950517,-0.596306530300511,0.0288047397308117,0.359413078471313,-1.46847525065701,-1.41060148270405,-0.48108353677271,-0.808681624251153,-0.735254212370134,0.827460096541564,0.0905719525153285,-0.0516458938374494,0.350665405302878,1.14935138513714,1.49989427892891,-0.685007987014173,-2.26533675599178,0.790097820990198,1.16428543852141,0.750366074565912,-1.1807653052194,-1.33651494784813,0.57696371832223,-1.22842761028783,1.53006479278384,0.41702714314694,-0.193978796250972,0.189432740202247,-1.15525907838351,0.726148967506187,0.165911888778055,0.414136940431049,-0.0990116008590359,-1.64405656732384,-0.353459696161215,0.190049342210392,-0.253724396504562,-0.511866479372229,0.204433545604692,-2.02908872280608,-0.127658703074121,-0.269954191798191,0.452752335255685,-2.06170014253412,0.579853698814177,-0.136469742529089,-0.700063959380093,-0.586043333064761,0.212182057972785,-0.53221451134672,0.57332374969032,-0.870690911480393,0.294536633305175,0.934867448040111,-0.187658150475239,-0.935951995131237,0.951902875550319,0.466836445722295,0.72138486964129,0.694861194374961,-2.49438652681774
0.338975959904114,1.3758985496942,-2.13979282307603,-0.086712708393912,0.611331323524278,-1.04334953190373,0.638299022840733,-3.01738140691114,0.00420438194199789,0.430903445759752,0.567780839995834,-0.851304755113667,-0.455037767725067,-1.20260207623248,0.866594794310822,-0.0699970319666152,-1.34192711408898,1.18535473904985,-1.0807288805966,-0.198728594091703,1.02818067882177,0.210462211883492,0.718976080454128,1.24678064334438,1.7584888473298,1.16466221954382,-0.564634550687005,-0.528870734210269,0.638737524835939,-1.31532199133956,-0.520678859693284,-1.20612788498051,0.306452520343007,-1.32601623921311,-0.186301165962166,0.643809294378102,0.641435848426451,1.52135195125529,1.38043819697605,0.15702566387474,-0.00554147264357505,-2.03196159388511,-0.355512893615681,-0.196583550154414,0.946028346472672,0.134625512881872,-0.266164171003006,0.395425423785261,0.504722088396298,1.30734557632398,-3.41080185286207,1.00448858637787,0.479563997273928,0.547610994100587,0.698794175915616,-0.48108353677271,-0.74597512260382,0.764838665147474,1.64330936196892,-0.61177767477762,0.684391728490584,-2.32123828713299,-0.55576451212431,0.0343243262657254,-0.190217048672266,-0.0908471574561021,-2.00864594544291,0.318657103059116,-0.714986722959776,1.47311614563402,-8.21780214937357,0.0423694691312168,0.55833742534962,-0.395119052445024,-1.31818470415086,0.00806051443300711,0.0397437080453976,0.320146126026177,0.236204884038985,0.0727669467690085,-0.570744612001571,1.32559807426609,1.31868863580687,1.00002575135815,0.190049342210392,0.130583370715689,0.137879510178711,0.204433545604692,0.470679813705533,0.720461223880495,0.429691070835187,-0.556083431353878,0.240325546741115,0.366160167422847,1.26698347040496,-0.0559069300933451,-0.0675211002283921,0.523609937810427,0.112335882647209,0.351870054523001,1.31821521154285,-1.76034952065936,0.868650134884526,0.492684166455212,-1.05044490914932,-0.584412061965476,0.00505438616418639,0.317609460069425,0.462007293750681,0.15863960269551
0.269870842267703,0.835411547096844,0.46116459957454,0.704583865360497,-0.147628340611428,0.393310607470023,0.0930998090853591,0.664853025585996,1.1204857621327,-2.70776141788424,0.742780477034273,1.10115885728815,0.635237690916221,-0.796126955489822,0.0554348701944573,0.753522145096841,0.326409417947665,-0.502381879482944,-0.135857399113845,0.239784761629477,0.170954742204751,0.0703615687927388,-0.479174672002457,-1.97223346138044,-1.64564120679456,0.572968012939976,0.83096882449212,0.0728546278356824,0.544877543404702,0.758938537839042,0.417444805737501,-0.00116888540624903,-0.284894953842486,0.367330750596192,0.749255977103938,-0.161509701463328,0.463593927067464,-2.05357022647878,0.439896032908539,0.742951184049879,-0.531993889371421,-1.90625609126458,0.150898825309346,0.248796819788487,-0.58342559743878,0.327997136646998,1.21917931393274,-0.00718717304396505,-1.32018701359083,0.619746194045787,1.17945769500103,-0.0432580028872695,-0.22897215417887,0.470819030390797,-0.440427133814197,-0.0840438336219801,-0.340276197990561,-2.85331839043773,0.745123870035281,1.02859653250238,-0.541959008172977,0.490800988722441,1.07991310830113,0.230367890308571,-0.0158445299433329,-2.12920402961805,0.683997143456642,0.675926343700556,0.182872913344856,-1.63302219454221,-0.662299053374349,0.683740469126125,-1.35793220459758,1.25314489776215,0.681270209919537,-0.193978796250972,0.316340443395806,-1.38563063849554,0.726148967506187,-0.39606443757154,-0.272753107733375,-0.718894046846681,-2.19918092877457,-0.0913297725067967,0.254021510704055,-0.514326999016553,-1.05034572099476,0.204433545604692,1.10984217948902,-0.0527925390317787,-0.957724039016489,-0.43776372302328,0.663092620286752,0.71617029211136,-0.0718699345430363,-1.11165200160787,-1.57122935650673,0.445137279901721,-1.29406472289883,0.507298306596989,-0.274888398716937,-2.39398944275329,0.735779978004747,0.981561262535623,-1.53878889598346,0.435507793816143,-0.38925687349541,0.20194111201723,1.13395769666358,0.15863960269551
-0.193362677216746,-0.265584526137831,-2.95307630352983,0.920747292633182,0.871337061156552,-0.77448571664879,0.140600437331627,0.515504137352934,0.0926704700716293,0.480061007264485,0.332320980730954,-0.187636379705822,0.168554248127918,-0.677229957361976,0.288880987840072,-0.0699970319666152,-0.306075043156793,0.0297435793967939,-1.75954973894182,-0.0837449920961149,-0.502476270299376,0.129166018536167,1.06025593674349,0.127377783953806,-0.363580196120014,0.158570593484607,-0.211255276175524,-0.670212442318928,0.739590860010849,0.778664188255432,-0.874064936227355,-0.717274310874747,-0.284894953842486,0.367330750596192,0.395202030875255,0.137381971262793,0.322809346449832,0.367280295832797,0.150364089542062,0.344617455311044,-0.739126215334261,-0.453282197687154,0.254147133327512,-0.836167388267261,0.856388588804946,0.0190515967464967,-0.883956770986043,-0.195627181128661,0.72931481743086,1.30734557632398,0.33129126061614,1.15330030649806,0.0323505369840331,0.584311699342752,-1.07991657238261,-1.56776551355635,-0.622182316946924,-0.293170827187909,1.33814236720858,-0.39728346699894,0.523049646248494,1.02327015137548,0.196537390595155,-0.0542612996788911,-0.526995378997536,-0.352549848242359,0.286595255937932,0.547598692891188,0.447891585159421,0.0297672658213689,1.04960368449264,0.416211199837632,0.948236093996266,0.12837801363877,-0.79850329866216,-1.5071790189943,0.316340443395806,0.392560272748124,-1.74368876024601,0.341156899925561,0.414136940431049,0.181631758436135,-0.758375146113422,-0.0913297725067967,1.46279380068251,-0.253724396504562,-0.201235785291738,-0.538167041861984,-2.40696954385112,0.482050642961986,1.69553004514252,-0.749070769812779,0.769516232323389,0.659671017508959,0.134709386750298,1.04218317115801,2.03557676000999,0.237287368956469,-0.347001861916867,0.57332374969032,-0.428281518065061,-2.39398944275329,0.134063557275968,0.268949045794122,-0.200273534157182,0.33460701613894,-0.105533375802682,0.317609460069425,0.189036756630502,-0.0777431493744725
-0.604301363499689,-0.265584526137831,-0.316663171387817,0.654412862587069,0.187553873101637,1.63285866125569,0.229538410747116,-0.167299820711156,0.184204798900662,-0.346609319195851,-0.152596188855148,-0.724145033255058,0.297745437025038,1.93050809741722,-2.66325347921654,-0.0699970319666152,0.834620141401044,-0.867987227313157,1.18858830397719,1.15109499644414,-1.44943215519694,-0.187608016965326,-1.63391008661259,0.762061728469928,1.12397639787717,-0.725116553355388,0.469086561207207,0.00522956292150947,0.638737524835939,-1.87400036033041,-0.0414400515033642,1.94686289267991,-0.626412413761127,-0.719819997200803,0.488276525254725,-1.53120337099119,-0.0872628594124073,-2.13453641006837,-1.67347563279036,0.410859569009365,-1.37366299089054,-0.405258787263056,0.482117585162224,3.16614415334972,-1.15335571731229,-0.665616341093975,-0.627896608180107,-0.122755631928192,-1.58860057404464,-0.646147970160618,-0.524963463647844,-0.570511396085325,-0.124023113313551,-0.0594183311705819,0.776560218190415,1.14953030777506,1.99004020184363,-0.46929827043242,1.93127179880394,-2.12533937964851,0.090952464805129,0.261432684908198,-1.06854728194925,-0.580597745657265,2.2128853183909,-0.125472196915095,0.816136248313106,-1.00177401427893,0.447891585159421,-1.1807653052194,-0.507527361180707,0.57696371832223,-2.04392730576473,0.933891681922094,3.04599008717202,-1.36294350089439,0.452703832044404,-0.138419067867312,1.11689156151816,1.08532250923109,0.622575830980279,-1.91468346146762,0.14941416582505,0.730258878746979,0.647082675358382,-0.571781554987692,-0.823360586292905,-0.891724641770572,0.371571674020336,0.482050642961986,-1.45020691856981,-0.492249292382271,0.769516232323389,0.526787649936783,-0.177634871733325,-1.58504872208725,0.368564590834327,0.185778416196311,1.27958751088978,0.351870054523001,0.535856672787946,0.71241387691002,0.449355677708779,0.414520177830943,-1.15884878514351,0.731610886664414,-0.553620197619085,-0.53710645642896,-2.50408094905846,0.789319417007701
2.03388212730639,1.07041262817242,-0.316663171387817,-0.924556363463942,0.385050844995055,0.86713744312684,1.46547367987338,-1.21739401876532,-0.347629761849042,-0.0598766832619812,-0.128947077905068,0.273121481292308,1.48477480893318,-0.231894032895758,-0.687786441809921,0.326973735183287,-2.56793188360349,-0.125675556148866,0.440977221613979,-2.66755607140945,-1.85343054089518,-0.439036553380334,1.06025593674349,-1.30053001735744,-2.0757248686687,0.972893292607063,1.06316729078845,2.714594790782,0.739590860010849,1.30870501916661,-0.0883976993642085,-1.06407233354937,0.859062521292833,0.367330750596192,0.693560454294474,-0.814283989637709,0.773954065954963,0.179958938737556,1.31025349165135,0.650620965410333,-0.854529961634602,-0.713814979555816,0.839536757197065,-1.18508994709958,0.148579770774678,0.529161089627152,0.536943188403792,0.338712418991133,-0.416925281988632,-0.646147970160618,-1.52352283514757,1.45924643922202,0.922808756937136,1.19519599703185,0.488520265578915,-0.16116031453447,-1.19768338586908,-0.100473915217253,-0.225725259452943,1.2834179461149,0.627609437849223,0.753296111597919,1.44110866851251,1.35755190518131,2.50069358595699,-1.73829847645636,-0.932475319813931,1.30916158763428,0.638857366644511,0.231692421442624,-0.270228287357283,0.683740469126125,-0.647581503252193,0.224610761877935,1.0982375857129,-0.794292732719904,0.189432740202247,-2.08500517585492,1.97843123097085,1.86469038508067,0.287121429728431,-0.208141669990503,0.0896697994839037,1.2949791082651,-1.45410075364051,-0.685496247984705,0.467603766933231,0.204433545604692,-0.848917236105988,0.177904407694378,-0.175289517773688,0.452752335255685,-0.541905295542579,-0.650090351408882,0.223409610934146,-0.809742643247872,-0.416659291001562,0.237287368956469,0.112335882647209,0.57332374969032,-0.274888398716937,-0.339925082899645,1.26586692973952,1.85029640539611,-1.35927621453798,0.412483898287734,-1.09154315689464,1.79065180731339,-0.786329692934998,-0.662849302939154
-1.58944160249892,-0.199443537740796,0.647954769078093,0.195268675425012,-0.317855409709165,0.22311814647297,-0.397679591226105,0.248098768430758,0.738515501471028,0.430903445759752,-0.0110634192885928,1.10115885728815,-0.913315197488228,0.120346310231377,0.457118723717181,-1.7965292261388,0.493822530003669,1.12572111736077,0.797183303382558,1.15109499644414,-1.78993212895008,-0.724329802545397,-1.53197802697318,0.993919988007772,1.64701983977674,0.283435903785448,0.336806804760655,-0.807093461846556,0.638737524835939,-1.96075950622631,1.44387592625984,0.702756303053476,-0.393438697494904,0.997448927393789,-0.655350507456444,0.137381971262793,-0.203251737991056,1.08102060287105,-2.40004396498948,-2.28762122457325,-0.430142049966225,-0.826173870411025,-0.495346690351002,2.01901583059713,-1.09111907179316,-1.24797458107037,0.45100967175982,-0.407154699035788,-1.32018701359083,0.352872903950517,-0.31274489026696,-0.190021249634241,-0.721799406385154,0.33519546135434,-1.07991657238261,-0.778917361378842,0.16687918446827,0.983653140364623,0.937198797022713,0.139548811103671,0.0453410764691355,0.0522020566042885,-0.466813687703153,-0.146381735850421,-0.102658532372362,0.555785160022249,0.559950069954933,-0.225124395358408,-1.62504735660484,1.32888938593708,-0.809045842030182,-0.837687266203446,-0.32522784001544,-0.809845688857859,0.814894224426917,-1.80191332824201,-0.320797297256335,0.696821203292766,0.660792152405269,0.607347182951548,0.997902635851577,-0.0500283802805251,0.685172185700639,-0.222675864570437,-1.11099918191972,-0.784104604196858,0.137879510178711,-0.0503553573269618,0.148042134190016,0.806471814100092,-0.766474146456713,0.665810553557727,0.715284731640261,0.420823992234116,1.26698347040496,-1.00804276073319,0.918083861755433,0.133558929797258,0.349720395680479,-0.37091167375896,0.9758771203035,-2.39398944275329,-0.121372294466173,-0.0697177842261916,1.17311373580097,-0.336522847627039,2.49050436364703,-1.31537250812814,1.33411353315904,0.00672408555853474
1.73866088750711,0.215277610678241,0.614187412000111,-0.40577670137996,0.0146731830798018,-0.41003358953983,1.30415487531982,-2.04076613667066,-1.16419896963416,-0.897463548561963,0.2459024517786,-0.851304755113667,2.256845026343,-0.231894032895758,0.581363016345332,0.326973735183287,-0.515942024722534,1.38087217451196,-0.255100086737197,-0.494185002812022,-0.820231342618385,0.185935873996467,0.166209829200152,-0.81555859159527,1.55000944069872,0.715390954283278,-1.49565109593023,0.209000681116338,0.739590860010849,1.41042948003338,-0.476636093256654,0.375375310293003,1.34839995154814,-0.127488091919065,-0.00329349900265976,-0.0244558501771044,0.463593927067464,1.05073138757872,-0.843502740456903,0.767136498874304,-0.964270418325627,-0.15143531452436,-2.7301926877539,0.407220439731868,0.535604052199237,-2.54241988849939,0.193068390556636,-0.0861839628256727,0.86077126013844,-0.819133818088062,-0.273716431147498,-0.113102708215453,0.793559822220161,1.37795393261476,-0.304566140448079,0.0866180497627849,-2.1752556013527,-0.192113834515116,0.327148779410203,-0.0906147768287268,0.466930248014232,0.261432684908198,0.85051005555572,0.694884862462961,0.535739907287848,-1.12837666370881,-1.42475037300995,0.675926343700556,-1.78104305313227,1.69240301379345,-1.74145172293556,0.57696371832223,-0.259434294254487,1.73096652163914,0.957791239433314,0.527865041070942,0.189432740202247,-2.60015172102477,2.03775264803493,1.79911110112467,-1.36478777003756,-0.94677289018921,1.01304956916691,1.77219492618747,-2.45570218782647,-0.964426454259457,0.185852459574788,-0.167647072577024,-1.34176502942348,-0.803469172462657,-0.766474146456713,0.296667523618845,-1.17658215824958,-1.31130720689282,0.862043541017154,1.04218317115801,-0.505729646967839,0.237287368956469,0.695128297017108,0.57332374969032,1.09151821960232,-0.989672900770449,0.963844844910566,0.901003979754426,-0.826949953913933,0.75971512141753,-2.00958604125224,-0.734201574741836,-1.310685850932,0.343030611555894
-0.193362677216746,1.44127075074539,-0.174315066899905,0.555210326841794,0.611331323524278,1.11892162790124,-0.460088933528503,0.0480793808812596,-0.17207034250768,0.721335584188348,0.567780839995834,0.440225145389144,0.264408472661912,-0.677229957361976,0.482174971869706,0.753522145096841,0.620308517118873,0.0297435793967939,0.693784574492233,0.0394251624786782,-0.655746855699943,-2.18319974017168,-0.0485288446683878,0.663741112788527,-0.21953980026769,0.870032456488136,0.0605541199229528,-0.306644032049066,0.544877543404702,0.820820636907952,0.156137272035816,-1.06407233354937,-0.626412413761127,0.367330750596192,0.635145194880408,-0.300955025337722,0.0265064449031231,-0.647588745355904,0.0755099496990596,0.36526271694089,-0.531993889371421,0.334162432174459,0.0485088162440583,0.370903068965829,1.03985241962743,0.447317005235111,-0.461224435340458,0.285679685067136,0.0877589892563166,-0.0839473902948469,-0.0926741461691392,0.400680937970726,-0.827232417693137,-1.85311571827617,0.953225557412626,-0.619352194503971,0.16687918446827,0.680793467326688,0.550350893196282,0.0905719525153285,0.627609437849223,0.463176691993171,-0.0920786492220667,-0.254308087614388,-0.102658532372362,-0.224540036745522,0.483951452431886,-0.847009602501171,-0.47695183393253,-0.65611113255712,0.690614869328644,0.683740469126125,0.158971777327471,-0.149236598093955,0.172884808728555,0.0908413802528142,0.316340443395806,0.53867574672015,0.599626143485276,-0.240767288771276,0.148667582104305,0.116086865229151,0.594912746935094,-0.0913297725067967,1.24755375804838,0.22590573855739,0.0937724967968621,-0.538167041861984,-2.32617856433214,0.0144190162980731,-0.0771577661286472,0.0479621940511359,-2.44428489003326,0.395242166473757,-0.321475595737664,0.372859796619264,-0.0675211002283921,0.133558929797258,-1.07194897639237,0.649189746375325,-0.428281518065061,0.411621519652979,0.134063557275968,1.09293039301962,-0.935951995131237,-2.45615859970389,1.00712337321065,-0.53710645642896,-2.35803415205837,0.44444582303101
-0.328387798832631,-1.24164928555463,1.13279523699803,1.02000564863033,0.871337061156552,-0.77448571664879,0.871687041711536,-0.370207928503798,-1.08980866993187,0.480061007264485,0.217857764336227,-1.75269653283867,-0.649537013551015,0.988819282696655,0.0097179903266744,-0.538228419296984,0.551821441481417,-0.125675556148866,1.87926939967964,0.910839282308588,1.47892918505577,0.377065177435482,-0.0485288446683878,1.32360745389463,0.788217054755614,-1.72505228686226,-0.0348514052125741,-0.603805902362413,0.638737524835939,-1.73121703824898,1.8345098554086,2.2504246827788,-1.82969487640901,-1.15037190034653,-0.33533786487926,-0.300955025337722,-0.738310744167151,0.119332250657473,-0.2851698517576,-2.09816636542504,-2.72744276059632,1.26611985036143,1.25649794390801,2.9259824988436,-0.0715861152144981,-4.43909312205584,1.38006598209834,0.395425423785261,-0.984929181321343,-2.6703456003679,0.450005077522234,-0.812745918220348,-0.827232417693137,0.168400753434026,0.0996816413553434,0.242643540324078,0.730884639927369,2.57327619579181,0.90135121531742,-1.51633844810589,-0.231978372177946,-0.131601602921117,-1.35621400398735,-0.254308087614388,-2.01917572935366,0.159842276972051,0.312421249018563,-6.19329224258927,-0.795277891968136,0.748058725015786,-2.48912939034213,-0.275551700033683,-0.186654324853185,-0.395119052445024,-2.07148189580515,0.165908247596638,0.189432740202247,0.461968957319528,-0.268598391875418,0.607347182951548,-0.481615591171273,-1.76098084536619,0.796652593971896,-1.6546588170198,-0.473653417230772,1.67740305671349,0.869986290982538,-1.4858914202971,0.519221462139256,2.65658924068319,-0.46247024483875,1.10127399093709,0.663092620286752,-2.63202088538305,-0.217866002524903,-0.0559069300933451,0.918083861755433,-0.0582067139742115,0.321780682318775,-0.0747448555546666,-0.998172997808999,1.11206735981707,-1.37653143068189,0.20317024854613,0.771791441353561,-0.0851716606214723,0.278647499705768,-0.34419972237834,1.22549770765685,0.15863960269551
1.09009361943011,-0.137646439925263,0.497675090419582,0.704583865360497,0.611331323524278,1.45285998160478,0.184968957132473,1.15170086782337,1.2576733120405,0.801935280292361,-0.423830489439149,2.48360856699514,0.231446983536555,0.263905598812806,0.409246271897368,-0.538228419296984,0.620308517118873,-0.816283097066947,0.0997007341144494,0.185571398110621,-0.158203563842703,-2.08781197795968,0.611981481536697,-0.558268768638381,-0.530923249537262,0.283435903785448,-2.17286883045407,0.352967521176934,0.739590860010849,0.105745606810173,-1.00796086434622,-0.717274310874747,-0.16286844177355,1.53166876571905,0.488276525254725,0.643809294378102,0.405986221081054,-0.405526707199126,0.0755099496990596,0.260693421154715,1.4374545976278,1.114180904938,0.736762391151303,0.0783642770583618,0.535604052199237,0.708789472179607,0.145458943300853,-0.268203024909328,0.504722088396298,0.926394770611402,0.0823244643446123,-0.442444580627769,0.413205831423587,-1.74851611304576,0.698794175915616,0.317075779190974,0.599279939865255,-0.46929827043242,0.600281919214839,0.280228806896855,-0.00354280027215397,0.851252802765327,-0.0473750346873127,0.694884862462961,0.14570198004061,-0.477825635093936,1.09606141520208,0.478529053128051,0.675362711711693,-1.43963700509784,-0.0363792375456085,0.183850201423576,-0.714984370226052,-0.231475465739152,-0.0566522466721415,0.451100089705768,-0.0778040097581363,-0.398705903800294,0.726148967506187,0.0727669467690085,1.66791217138829,-0.260100741547911,0.0275414685334742,0.305588499742104,-1.16927164832741,-0.631723947955222,0.137879510178711,1.71457327435829,-2.24538758481316,0.177904407694378,0.120114585322708,-0.556083431353878,1.02980930468626,1.18543854855892,-0.115762309061689,1.04218317115801,0.106934425427136,0.368849121691556,-0.384079059386505,-0.103300113715676,-0.327188776563862,1.14541293519152,-1.12650430911077,-2.05551712460408,-0.200273534157182,-2.3687211731922,-0.758120434104101,1.36265550420036,-2.27207810600158,-1.168444174405
-0.604301363499689,-2.04734674942833,0.579036681696208,0.973554271011851,-0.745843292043968,-0.244217572175121,-0.709434535662434,0.28049573296494,-0.347629761849042,1.07664401234348,0.271079740956598,-0.58984275884098,-0.0826872931585809,0.915852858004059,-0.334446284945062,0.326973735183287,1.35616792613689,-0.38743572151944,0.625530753752904,0.817590459595713,0.259187859388538,0.891182213944476,1.06025593674349,0.205645274905309,-0.435454804114819,-1.61520866936936,-0.0348514052125741,-2.45973585378727,0.544877543404702,-1.20844709795379,1.62410777653457,0.895857302678651,-0.626412413761127,-0.719819997200803,0.0300411515968678,-1.15144920765883,-0.0872628594124073,-2.25410740968393,-0.698070511396257,0.260693421154715,1.58271454772217,0.407769142922709,-0.355512893615681,-1.18508994709958,0.694319043018871,-0.422513658831088,1.43061719379699,-0.677111104691677,0.504722088396298,-0.646147970160618,-0.863112253908641,0.855893274487495,0.725725390634462,0.00473111827410036,1.40586292928106,1.72928073730083,0.341280206814523,1.48806691829519,1.14026947490672,-1.38070664747963,-0.917242680380801,0.405350384097304,-0.951329279863928,0.828716541835027,-1.11103782787166,1.22561340667445,0.38558822171197,-0.442908654417291,-0.0210885434879448,-0.0575034237978286,1.14973133102117,0.293774782837607,1.26802305937737,-0.105115394709426,-1.06443107572905,-2.85425241205592,0.452703832044404,1.82809366369273,0.109643553634606,-1.1000184993114,-0.570744612001571,0.241148796426806,0.594912746935094,-1.14135341680331,-0.00428273760841776,-1.35075599532765,-0.033796325879134,-0.891724641770572,0.107282169989699,-1.2378793372363,1.84473558539914,0.452752335255685,0.663092620286752,0.659671017508959,-0.59350275257662,0.696806839980222,0.642746791629204,0.392811552232883,0.321780682318775,0.4496714836222,0.440728316012508,0.32861506013834,0.0228060124883409,0.268949045794122,0.505629716605009,-0.0375741904581963,-1.40581844825551,-3.22089227340875,-2.59282307372574,0.190878008083418
0.751085464208873,-0.829007281427248,-0.013779072725401,-1.3355719075917,1.19434327351285,1.11892162790124,0.375490132736605,0.448167964703673,-1.57262657878014,-2.57045845295806,-0.0110634192885928,0.63112250730534,-0.117936903099282,-0.100715297318538,0.837183654429067,0.753522145096841,1.03026658614235,-0.816283097066947,-1.6454439879876,0.185571398110621,0.941788452602195,1.0906557219148,-3.32076625916567,1.18171915046054,0.652864436352302,0.283435903785448,-0.724724389365099,-0.670212442318928,0.638737524835939,-1.73121703824898,0.99974250795859,-1.78161670715906,-1.50039339439424,-1.49091229453417,0.0300411515968678,0.858938062520851,-0.142122320720255,-0.647588745355904,0.0755099496990596,0.851666980548705,-1.17441468891517,1.14357627017319,0.789715407982875,2.33324094070059,-0.869412742363751,-0.261077519065549,1.76346980196874,0.234531525863372,-1.52408809144666,-0.980894114144585,-0.680530942931863,-1.05524835062946,-0.827232417693137,-1.85311571827617,0.953225557412626,1.19177937217812,-0.622182316946924,2.01541887317104,0.745123870035281,-1.38070664747963,-0.625820443031083,0.136884109105956,-1.03017284739633,0.828716541835027,-1.52430888918031,1.73735562397302,0.534012320993813,0.246915593609955,-0.23495752315655,-0.0575034237978286,-2.05479428801838,0.3509242668138,0.0181540980253594,0.033165860631043,0.05188900763362,-2.08908512890203,0.189432740202247,1.14025863310564,-0.0146381613693576,0.461399688503051,-0.184095202320053,1.39052808516731,0.402508315313132,-2.2887229462658,-0.195786075201843,-0.878286700427091,0.720116262131365,-0.0503553573269618,1.01137950229579,-0.0527925390317787,-1.34820152954656,0.954746007992061,0.663092620286752,0.659671017508959,-0.258038627522778,-1.58504872208725,-0.416659291001562,0.835262952555738,0.295434274980843,0.0981791765084469,-1.6429744276217,1.02755721464838,-2.49421551525841,0.134766696291365,1.17311373580097,0.134808942607112,-1.26261557715351,-0.34419972237834,-2.35803415205837,-0.532295090864304
-0.193362677216746,-0.652560491752821,1.00175989702212,-2.33086808036637,0.611331323524278,-0.627733021419256,0.428981751774131,0.551630035649727,-0.256772349058994,0.673360693108657,0.535561476945813,-1.48299766342662,-3.59583867354672,-0.372670340101991,0.718845617955989,-0.538228419296984,0.270507863715218,1.18535473904985,0.0997007341144494,0.0394251624786782,0.685292430018278,0.185935873996467,-0.590533333416579,1.47488175221413,1.89696726035524,0.937748621902962,-2.02373070195387,-1.73390475263091,0.638737524835939,-1.73121703824898,-0.826453662243171,-0.785743127241946,0.0613261975951968,-1.81032345240321,-0.511400563177376,0.137381971262793,0.435093964497735,1.02388949164173,0.703722790152478,-2.09816636542504,1.02006727675576,0.285543534628511,-0.28298727206571,0.040171945303671,1.2446913407695,0.489656228582991,0.0973682433242856,0.234531525863372,0.986107266118893,0.352872903950517,0.569008684164955,1.00448858637787,0.139286051944608,1.16851123245545,0.217021552854959,-0.335307126039504,-1.08403524668537,0.5965113066399,-3.05394792135007,-0.349601208806157,-0.0516458938374494,0.136884109105956,-0.913664794892288,0.335632901958204,-0.838033779421528,0.277970139491092,-0.0167836405560803,-0.225124395358408,-0.404424631846122,1.35158608353388,-0.114140707394262,-0.578735826713594,1.05071705673358,-0.636976347928498,-0.893400452507742,0.909727234439789,0.189432740202247,-0.296937823693273,-0.516042324943845,-0.0283065781095995,-0.926844012294149,0.302555899083472,1.31868863580687,0.867142322794583,-1.77733572797332,-0.319922918395546,0.292038639942103,0.588651159512149,-2.32617856433214,0.409334435552831,-0.372265573674104,-0.385368853141989,-2.44428489003326,0.71617029211136,1.26698347040496,0.521402542894057,0.642746791629204,0.133558929797258,1.88603480545881,-0.240657179110568,1.78997957266547,0.658698215258292,-0.121372294466173,0.20317024854613,0.505629716605009,-0.485147463136143,0.0399325607180781,-0.53710645642896,0.592110230791911,0.374991971630074
1.33152287970663,0.154011574996388,-0.0955527899038466,-0.40577670137996,0.0146731830798018,0.86713744312684,1.20768975728988,0.98717995400485,0.615468161309756,0.801935280292361,0.772589036526949,1.41337141037294,1.48477480893318,-0.100715297318538,-1.73788522751432,0.326973735183287,-1.77119354269159,-0.664730492356146,1.0134999465635,-3.89616925114086,-2.69906421063362,0.665744538172794,0.0586101884023861,-1.75476099977734,-0.0381520266074411,0.870032456488136,0.659342404932985,1.31913834210301,0.739590860010849,0.977271719637174,-0.43519803782012,0.375375310293003,0.429388167953716,0.367330750596192,0.585675693837015,-1.15144920765883,0.463593927067464,0.541507189096918,0.150364089542062,0.91359716585808,-0.531993889371421,-0.66405970590423,0.992670150728692,0.445734113199329,-0.658100915326119,0.0972630136053224,-0.461224435340458,0.285679685067136,-1.38160667472595,0.619746194045787,-0.0926741461691392,-1.1698918501795,0.922808756937136,-1.0516681926403,-0.892546825676221,-0.335307126039504,-0.284517745935006,0.20020498180641,0.496080432693062,1.2834179461149,0.466930248014232,0.753296111597919,1.07991310830113,-0.146381735850421,0.615678132834126,-1.27112297524646,0.816136248313106,1.16428543852141,0.97163600993331,-0.795465993148561,-0.426703286669783,0.57696371832223,-1.29081975090351,2.11802003547307,1.26408137994246,0.233275614871001,0.189432740202247,-1.95812627175881,0.868837677082137,1.1640641335748,0.774710763716165,-0.0500283802805251,-1.17111952726902,0.583427934754856,-1.3471483069425,-0.383769005259302,-0.201235785291738,0.0815057562198552,-1.70715394672908,-0.414337425422163,-0.671727168514854,0.538117415020518,0.969072672823937,-1.80152206471577,0.0376051718838479,-1.48468097155978,-0.0675211002283921,0.773708986069034,-2.04702256168247,0.507298306596989,0.915184564066514,-1.47138481043614,0.449355677708779,0.20317024854613,-1.25693880421473,0.78571885797969,-0.105533375802682,1.21922353400023,-1.69943453044496,-1.99476801146558
0.269870842267703,0.77409730514677,-0.013779072725401,0.509595948980984,-0.462013772726153,1.28823164377953,0.375490132736605,1.0682756602643,0.0926704700716293,-2.24935727664398,-0.0816041669223339,0.116243467363289,0.0218484643870112,-0.100715297318538,-2.26411639196547,0.326973735183287,-0.0858090611194005,-1.74154073217985,-0.135857399113845,-4.51185851107691,-0.326111518989493,0.0703615687927388,-1.63391008661259,-1.6617692119597,1.46533903437551,0.338729326818741,0.155304414410734,0.493246601868399,0.544877543404702,0.398323643188248,3.15027341826989,1.10124518109643,-0.0491089794764972,-0.127488091919065,0.442882615302953,-0.814283989637709,-0.347858299154734,0.367280295832797,0.00545560298302403,0.494818731665679,-0.00554147264357505,1.91466100380644,0.369126577688234,0.0783642770583618,-1.55140069677987,-1.10692055746249,0.536943188403792,-0.00718717304396505,-2.35926028950365,-0.0839473902948469,-0.596306530300511,-0.631486642242936,-0.546449778226149,-1.60849568185139,0.340732822023507,0.990649475842395,1.28222057561843,-0.192113834515116,0.654326633388818,-0.264018744083322,0.090952464805129,-0.00277813172917147,-0.284574058590939,1.7250234479446,0.14570198004061,0.396473374586321,0.762167146901057,-0.225124395358408,1.47683287652699,-1.31020115515862,-0.507527361180707,0.416211199837632,-1.93812993076975,-0.187804562005594,0.05188900763362,0.665989175913325,0.452703832044404,0.696821203292766,0.236204884038985,-1.77134643330437,0.924214698244551,0.302555899083472,0.796652593971896,0.0402363280403081,0.91352160323555,-1.10002873022943,1.13889902408832,0.721494679446484,-2.13723815380962,-1.29812143267153,-1.98489155419099,0.692364155890095,0.715284731640261,1.08813222486806,-0.239215478125515,-1.85562724871971,-0.147412553291948,0.605847419922423,-0.347001861916867,0.302200203474822,0.694940008894936,2.24241306139816,-0.74431371053514,0.33923469570339,1.17311373580097,0.595699023810012,-0.553620197619085,0.0224717394674205,-2.15701454905866,0.312624365990979
-0.604301363499689,-0.751009715518917,0.497675090419582,-1.3355719075917,-0.462013772726153,1.02907165892861,-0.528939418695367,0.213665397289101,-1.16419896963416,-0.0598766832619812,0.535561476945813,-0.461981378275993,-3.73062280393005,2.02405933022077,-2.59414725832551,-0.538228419296984,0.685606925815162,-0.613966968074639,2.58520273354105,-0.81281892821655,-2.43169104517715,0.0395691355683085,-2.29062289265703,-0.486467036585806,0.948895563670443,0.461095902704907,-0.390029426684579,-1.22793403162111,0.739590860010849,0.135832149937468,1.50572788503926,0.895857302678651,-0.626412413761127,-1.49091229453417,-0.00329349900265976,-1.3456856614693,-0.113757424204199,-0.287067666665371,0.372280112073803,-2.16752564559455,4.04761430395137,-0.0662122554683312,1.20094209104958,-0.289032156764677,0.946028346472672,-0.175600415014518,0.900759716428673,-0.301613213127134,1.11961294558315,-0.819133818088062,0.369783921839443,0.0934995063807598,-0.0711281876390477,-1.95771532350657,0.894369153059493,1.14953030777506,1.42207104041467,1.38309121120195,1.33814236720858,-0.867461304777346,-0.00354280027215397,0.166221728484292,-1.18387042452722,2.16395654131028,0.14570198004061,0.475001395465364,0.559950069954933,-2.08490796128066,-0.173810874633794,-0.934820853740003,-0.0363792375456085,-0.399055352055012,1.96229927129277,-1.23097252827747,-1.14923095517627,0.165908247596638,0.316340443395806,0.946369836019902,-0.516042324943845,0.888708563963127,1.53013785614837,-2.27413548473619,0.0275414685334742,-1.01508059889107,-0.900399236907094,1.15092301397104,-0.033796325879134,0.323769132408869,0.324407649702181,-1.8406654238624,2.00232199026662,0.819968884813141,0.612707482368402,0.632770550246621,-0.401845710608787,1.24568674855745,1.76386073945688,0.237287368956469,-0.000852159229504287,-0.0747448555546666,0.915184564066514,-0.461002141123188,-0.869892863279087,0.268949045794122,0.771791441353561,-0.0141142098047919,1.87609691310163,0.612723393067075,-2.44399019811516,0.44444582303101
-0.0558608811627211,-0.137646439925263,0.413397553221738,0.310803929522712,0.0146731830798018,-0.844902325995755,0.0436531861561622,0.116148833186313,-1.25265475753588,0.480061007264485,0.332320980730954,-0.58984275884098,-0.328436223922829,0.843198784716868,0.31167671557888,0.326973735183287,-0.993278037510866,0.685339986118193,1.29888330138464,1.15109499644414,0.170954742204751,-2.18319974017168,0.166209829200152,1.18171915046054,0.451047332129184,0.158570593484607,0.155304414410734,-0.14930295497882,0.739590860010849,-0.152330989414443,1.2211875610309,-0.785743127241946,-0.16286844177355,-1.15037190034653,-0.186301165962166,1.10613001832032,0.49303007812935,-0.287067666665371,0.439896032908539,0.17736925658682,-0.531993889371421,0.53207603854512,0.000619820627699619,-0.0375148282505673,0.773972518065725,0.0190515967464967,1.16239060413848,-0.00718717304396505,0.86077126013844,0.352872903950517,-0.0230632059251611,1.45924643922202,0.922808756937136,-1.85311571827617,-0.705177078969831,0.0866180497627849,-0.116637205035684,0.247681780098836,0.496080432693062,-0.529452713207155,0.298347192851576,0.546536610650611,-0.187667062853837,0.335632901958204,0.0701007083610008,0.0434339106525742,-2.4080199175524,-6.19329224258927,-0.870420634957966,0.577313538500917,1.36833236167105,-0.130130210754746,1.05071705673358,-0.943180792477909,-1.06443107572905,-1.5071790189943,0.189432740202247,0.193122610269997,-1.62217890755829,0.375832540328103,-1.79452619486023,-0.94677289018921,0.402508315313132,-0.615977004682094,-1.45410075364051,-0.319922918395546,1.13889902408832,1.01721347371191,0.596381508178012,-0.34491055627617,0.840278661989853,-0.329384134120232,0.612707482368402,0.632770550246621,-0.00699802889040287,0.521402542894057,0.456453546822108,0.237287368956469,0.407124933439379,0.0981791765084469,-0.998172997808999,0.658698215258292,0.273449453008352,-0.0697177842261916,1.17311373580097,0.199196289195915,0.840602451324342,-0.931296693054711,-2.35803415205837,0.374991971630074
1.12535036321767,0.600453133597597,0.171990719104071,-0.310151235543215,0.0146731830798018,-0.327070751857572,0.534582884444985,-1.69137325946041,0.0926704700716293,-0.542038731013894,0.217857764336227,-0.0482952498937076,0.635237690916221,-0.372670340101991,-1.03492195833243,-0.0699970319666152,-1.17455284175781,0.236125095118006,1.38548375515319,0.185571398110621,0.518512122455168,-0.774006441199849,-0.902781180348402,-0.656259382233232,-0.947611626791374,1.00312185368556,0.421903641683467,0.421742147358689,0.739590860010849,0.332833056829226,1.50572788503926,1.81384045063328,-0.515798442221809,-0.127488091919065,0.442882615302953,-0.300955025337722,0.435093964497735,1.08102060287105,-0.48325250633345,0.650620965410333,-0.739126215334261,0.928772431732698,-2.19288233171494,0.445734113199329,0.00159311463675554,-2.13947500431969,1.98091733876496,0.395425423785261,-0.100075649335956,0.119946639097128,-0.863112253908641,0.323962429432162,0.601988549176789,-0.307832976049853,0.0319751818194831,0.490994198090362,-1.54360137973798,-0.353322396618914,-0.768890850240993,-0.221935832049519,0.523049646248494,-1.19057549025395,0.342017987042081,0.637774143763433,0.219570441922896,1.13474094564428,-1.21585649201171,0.547598692891188,0.251909456189132,-0.107859601332428,-0.582606671852007,0.57696371832223,-0.714984370226052,0.627761806403861,-0.0566522466721415,-1.28950293459022,0.316340443395806,0.193122610269997,1.9189425589848,-0.53731832800823,-0.0881330012720329,0.357684499976128,0.927120671128119,0.583427934754856,-1.28734099104575,-0.319922918395546,1.62116641313979,0.204433545604692,0.822823365749653,-0.482655394558485,-0.671727168514854,0.481457408487914,-0.907260948145808,-1.03072391463224,-1.67954021808396,-0.457294635120321,-0.841653454564107,-0.184332540178487,-0.000852159229504287,0.57332374969032,0.246741794539259,0.687275776864492,2.21020139045906,1.251504823871,0.104922940500587,0.361981169467387,0.504058498094532,-0.245977176508936,-1.08817855108371,1.01456996557179
-0.873135336016176,-0.829007281427248,0.852959948565648,-0.488499423578853,-0.317855409709165,0.393310607470023,0.140600437331627,0.0480793808812596,-0.347629761849042,0.0830908085475128,-0.198028251401693,-0.329408893161831,-0.328436223922829,0.263905598812806,0.0325247871509131,-0.0699970319666152,1.03026658614235,0.868936547731296,1.67990218948226,0.239784761629477,-0.655746855699943,0.103690910988054,-0.151882565262631,0.205645274905309,-0.0381520266074411,-1.83489590435516,0.772262158729379,-0.459384396190428,0.638737524835939,-1.81525236159102,0.0564226750483116,0.615516848245836,-0.393438697494904,-0.127488091919065,0.0912856290709291,0.858938062520851,0.0265064449031231,0.238259282675603,-0.555728800582011,0.430515067019773,-1.17441468891517,-0.0407978171159152,0.0966146890195229,0.333733763635663,0.535604052199237,-0.0190151598891225,-0.404450694906226,-0.373323432881315,0.0877589892563166,-0.275364440039861,-0.0230632059251611,0.400680937970726,-0.0711281876390477,0.228664205065035,1.18280120488445,-0.48108353677271,0.219623446847465,-0.735254212370134,0.550350893196282,-0.00210403490878362,0.090952464805129,0.490800988722441,-0.797897347998548,-2.17731549133135,0.690868290245467,1.32075658532309,0.583949242923897,-0.321298368954176,-0.173810874633794,-0.0575034237978286,-0.0363792375456085,-0.00135914663114088,1.16030981013297,0.627761806403861,0.05188900763362,-1.80191332824201,0.0397437080453976,1.24106087915176,0.599626143485276,-0.240767288771276,0.485962939147557,0.0629533856884657,0.867288161355249,-1.01508059889107,0.254021510704055,1.67740305671349,0.0511439553207829,0.0815057562198552,0.148042134190016,-0.542374639865607,1.06159263646821,1.07386635631763,0.715284731640261,0.336784197490613,-2.727237325642,0.0803979831596145,0.368564590834327,0.160620347050938,0.349720395680479,0.0250590851510921,0.854411679900708,-0.461002141123188,-2.61699386885676,0.547606763055135,0.104922940500587,-0.0851716606214723,0.880882080851717,-0.53710645642896,-2.44399019811516,-0.129102292410126
0.810849786278848,-1.02386040656152,0.746931986081814,0.509595948980984,0.871337061156552,0.146058706504724,-0.905293562483947,0.345860834730018,-1.81063593793082,-0.346609319195851,-0.516252584756026,-0.0482952498937076,-0.364432877347436,0.193935226842421,0.288880987840072,0.326973735183287,0.755161626818578,0.184174763626992,-1.75954973894182,0.239784761629477,-0.502476270299376,0.278138001390515,0.0586101884023861,0.0489946265377203,0.185318097615854,-0.501429863480447,-0.124022202310617,-1.42096407295343,0.544877543404702,-1.20844709795379,1.10710545712014,-0.426933439200751,-0.736324164541109,-0.94971776683984,-0.425294954193324,-1.3456856614693,0.121508334462706,-1.82193614314921,-0.698070511396257,0.217859702377694,1.91279886109022,1.42797031304735,0.789715407982875,-1.02110489445998,0.694319043018871,-1.51449144621651,0.956312546088544,-4.82778358156345,0.398804723872355,-0.275364440039861,-0.158709207561205,0.855893274487495,0.359413078471313,-0.362307016240468,1.37375048767217,1.10691773976279,0.599279939865255,1.07416851704562,1.33814236720858,-0.655963180814541,-0.187375131229499,-0.171814670647523,0.6945049256598,1.45136172439019,0.535739907287848,0.966151931034553,0.38558822171197,0.613950065080757,-0.539692940995993,0.181076797907332,1.36833236167105,0.293774782837607,1.05071705673358,-0.720110783084991,-1.74462717343391,-0.193978796250972,0.452703832044404,1.48815451824417,-1.17535497877588,0.201442348304737,0.552566187642237,0.241148796426806,-0.0452467680330441,-0.879145897940965,-0.366386111479755,0.616512591022488,0.236064749642229,-0.0503553573269618,0.148042134190016,1.43329693017814,1.17258592545003,-0.163409263606414,0.638671129009376,0.472326561842096,-0.60904323938139,0.372859796619264,1.40762497148724,0.714918009140764,0.377978379569275,0.0250590851510921,-0.759366662774596,1.05606525260172,-0.24921595226258,-0.996635514108259,1.17311373580097,-0.418652050456716,0.237511705895664,-0.147754630639532,-2.59282307372574,0.0840190204230011
1.04396686309869,-0.406669746858407,-0.725540603686035,0.415572942349488,0.611331323524278,-1.42709569729138,-1.7914990440986,-1.62108128299951,1.55172559812558,1.00834640626339,1.02558618823767,-1.19409689098948,-1.53443675651331,-0.911180497171632,1.1404008528179,-0.538228419296984,-0.446067547411685,1.3137974728184,0.889692918897993,-0.350794281087492,1.392676601703,-0.724329802545397,-0.80377633770428,1.05362132897554,0.11086037062938,1.22321648230239,-0.503592086042387,0.560503926552002,0.739590860010849,-0.445972431609068,-0.826453662243171,-1.60366481331597,1.00859862840905,-1.32601623921311,-0.655350507456444,1.41321761605885,1.13029857005542,-0.166435812108969,1.9026241119832,0.302944315393067,0.785229930942606,-1.00943871786783,0.482117585162224,-1.65611685328686,1.94432589529351,0.903408393496725,-0.225224796060018,0.180806827421941,1.27212834462184,0.926394770611402,0.614359638075443,1.45924643922202,1.24410024527357,-0.253358935859238,0.953225557412626,-0.619352194503971,0.049369863281352,0.387584171317133,1.80152174449917,-1.31064266447748,-0.0936945741623155,-1.13063881274843,-1.06854728194925,-0.580597745657265,1.7172832367262,-0.125472196915095,-1.1738305529508,0.404604315500442,0.251909456189132,1.47311614563402,-0.0363792375456085,-0.399055352055012,1.05071705673358,-1.28371488830211,-0.160352836571611,-1.21606236828605,0.189432740202247,-0.347954465678273,0.236204884038985,0.632644948015162,0.287121429728431,-0.260100741547911,0.643529121910537,1.77219492618747,-0.847218732997699,-0.383769005259302,-0.319585582244558,2.2794165831568,0.519221462139256,1.60046846692256,0.840278661989853,0.0844825062138238,-0.853078045757546,-0.974275270537427,1.13326842684163,1.04218317115801,-1.25928536423631,0.0841961767223965,0.295434274980843,-0.265869513221925,0.0140958471014687,-0.65848690122509,-0.616431144368254,0.759444847084825,-1.25693880421473,-1.11888188827621,0.115785910477016,1.65205740554512,0.565269837850574,0.478717895060612
-0.873135336016176,1.07041262817242,-3.04864716644907,-0.719620286873719,1.19434327351285,-0.554136749958911,0.184968957132473,-0.918354640431794,-2.199510613937,0.00923931179234422,-0.246248958188996,-1.75269653283867,-0.913315197488228,-1.25694806420108,0.954972965421897,0.753522145096841,0.493822530003669,-0.125675556148866,0.0997007341144494,-0.0447677644000353,0.351974353793556,0.0703615687927388,0.382332784233331,0.711780206510221,-0.0381520266074411,0.62633680288324,-0.182911741719011,-1.12781786476953,0.638737524835939,-1.87400036033041,0.363536746145715,-1.54528674338686,0.429388167953716,-0.719819997200803,-0.275591309644149,1.10613001832032,0.810754420476336,0.119332250657473,1.08818139785678,0.282351354706569,1.4374545976278,0.900613953326278,-5.61200171382487,0.162316185100393,1.2446913407695,0.447317005235111,0.363149856536674,0.234531525863372,0.86077126013844,0.119946639097128,-0.158709207561205,1.6201581084598,0.195438451106719,-0.362307016240468,1.3045447057444,0.607498744259452,0.219623446847465,0.680793467326688,-3.31675360251709,-0.39728346699894,0.413458241647584,-0.00277813172917147,-0.55576451212431,-0.421765088244575,0.219570441922896,0.920791110500417,-0.0562912420598296,-0.573423427641639,-0.870420634957966,0.807667575197906,0.780983283387331,-0.340057653335626,1.05071705673358,-0.943180792477909,0.681270209919537,-0.290231229123829,0.0397437080453976,0.946369836019902,-1.17535497877588,0.274300162291465,-0.481615591171273,0.357684499976128,-0.0452467680330441,-1.01508059889107,-0.473653417230772,1.15092301397104,-0.358749270119654,-0.538167041861984,0.0868039137649247,1.52188401348824,0.740571508200812,1.5824801372532,0.319287040884654,-0.223846917231696,-0.217866002524903,1.24568674855745,1.89600741503732,0.0841961767223965,-0.0272113597818916,-0.0111788907452004,-0.274888398716937,0.947118016996831,-0.869892863279087,-0.730530783867577,-0.200273534157182,-0.0612713126910512,0.0399325607180781,-1.85901143612908,0.167586159011131,0.15863960269551
1.93418292648678,0.479244354739696,-0.663847090321893,-1.42439097986103,-0.462013772726153,-0.327070751857572,1.30415487531982,-1.56017088867674,-1.65056489997733,1.39588863145426,-0.152596188855148,0.116243467363289,1.40149086113258,-0.796126955489822,-0.938831246249394,-0.0699970319666152,-2.85469281553187,-0.176866193337322,0.97346383435273,-0.0044387021321398,-1.10313406523461,0.738046877406375,1.30188379758541,-2.57454802377044,-1.28738391763947,0.870032456488136,0.83096882449212,0.560503926552002,0.739590860010849,1.43644814282181,-0.134605330166708,-0.717274310874747,-0.736324164541109,-0.127488091919065,0.876355076657441,-0.927456641893257,0.743715591423594,1.82799623734188,-0.347973031921245,0.626614506188194,-0.531993889371421,1.26611985036143,0.425863298828526,-1.5850459101722,0.304765374001644,-0.381804383894813,-0.094661498901943,0.285679685067136,-0.100075649335956,-0.476128811269176,0.405699725498669,0.323962429432162,0.793559822220161,-0.206155322652969,0.158351597105151,0.490994198090362,-1.25972256834067,-0.408895446161704,0.654326633388818,0.746115180442601,0.795475763881185,-1.07870163805128,0.745137591199751,1.22806589143074,0.14570198004061,-2.07022220508314,-1.13741364381169,1.30916158763428,-1.24952055270481,-0.0138680789882298,-0.734156730875096,0.491013148974912,-0.974689473451487,2.48415371502878,0.41702714314694,-1.15242361350779,0.316340443395806,-2.4202628232441,1.97843123097085,-0.440849749788336,-0.0147847972203031,-3.26967849050003,-0.211744328675236,0.730258878746979,-0.74075723142523,-0.253724396504562,1.62116641313979,-1.12747756745314,0.694178702353305,-0.34491055627617,-0.867042628595401,0.481457408487914,-0.806126713383833,-0.925360595720836,0.0376051718838479,-0.334634991400181,-1.02222000050834,0.368849121691556,0.112335882647209,0.649189746375325,-0.523868340007858,0.571343767898898,1.08387345396525,1.09293039301962,-1.4510796554704,1.06468847024126,-1.47373227831535,1.15801603110515,0.962455204240481,1.08564376900483
0.631459211065846,0.893099634438767,0.0436799305843863,1.16220355837633,-0.317855409709165,0.86713744312684,0.68368630240466,0.664853025585996,0.86847440199958,-1.32055295931388,0.835772552686681,1.10115885728815,1.10857672669472,-0.100715297318538,-1.59541804055434,0.326973735183287,-1.85919131769854,-0.867987227313157,0.381246342014514,0.598076574596381,-0.574982744056197,-1.31485951110742,0.0586101884023861,-1.80011016375268,-2.01515668652512,0.834573481685238,0.560581885312514,-0.736319599665777,0.544877543404702,1.33251951272417,-0.476636093256654,-1.13251121780185,0.563099003252063,0.367330750596192,0.876355076657441,-0.161509701463328,0.550320319657687,0.798455296882148,0.834441176694328,1.21129897818199,0.555253305759488,-0.713814979555816,0.537808924224057,0.601966472172981,-0.144452082693546,1.19181428263066,-0.508614382264068,-0.230642787915468,-1.05214598943858,-0.0839473902948469,-0.459514390173338,0.323962429432162,0.359413078471313,-0.900917626408385,-0.705177078969831,-0.00164369548604901,0.16687918446827,-0.0182333699703618,0.787689767050182,0.280228806896855,0.198309414871569,0.405350384097304,1.07991310830113,0.637774143763433,0.219570441922896,-0.656440034747936,0.683997143456642,1.16428543852141,1.08606164955043,-0.65611113255712,-0.734156730875096,0.683740469126125,-1.35793220459758,0.37788664760531,0.41702714314694,1.128116947852,0.452703832044404,0.0222829535743083,0.796154997777596,0.233648840465078,0.774710763716165,-0.313167875210336,-1.00006789748243,0.583427934754856,0.514185349975881,-0.514326999016553,0.527222905997698,0.721494679446484,-1.59071673951315,0.720461223880495,0.319217739704898,-0.112838135045327,0.715284731640261,0.632770550246621,-2.05615681361003,-0.910582788328787,-0.332744859038946,0.419990071373139,-1.88236457914538,0.57332374969032,-0.327188776563862,-1.31787936243917,0.901925286828526,1.251504823871,-1.25693880421473,0.221609287116966,0.0792901582792093,1.2964801903908,-1.5755533495784,-1.81406623916914
0.269870842267703,-1.02386040656152,-0.867932030876706,-0.82548236645393,0.871337061156552,-0.627733021419256,-0.528939418695367,0.0842933808010649,-2.04789137516343,-0.346609319195851,0.301720610973908,-1.66516368913953,-0.455037767725067,-0.100715297318538,0.98620485676722,-1.51690746270215,-0.0453545566722365,0.184174763626992,-0.935610857806372,0.664960055253147,2.61394919416381,0.837110677311699,-0.902781180348402,1.32360745389463,0.259665950717104,-1.83489590435516,-0.390029426684579,0.352967521176934,0.739590860010849,-1.81525236159102,-0.174997116893404,-3.05800023441547,-0.393438697494904,-0.719819997200803,-0.712881514263452,2.46588687676079,-0.270662917753755,-0.883439778601221,1.27253670545062,0.0259589719797858,1.58271454772217,0.989421975443799,0.891335634141648,0.562664906909989,0.459339697033364,0.0190515967464967,0.145458943300853,0.646587745837256,0.296651245779414,-0.819133818088062,0.701756143305907,0.855893274487495,-0.22897215417887,-1.95771532350657,0.698794175915616,0.44127758095832,0.533157861810423,0.467913586330488,0.432722148797015,-0.39728346699894,0.964733439681729,0.198234426451586,-0.758953417910999,1.31487490330448,-1.11103782787166,-0.0602680496720947,0.125183048200326,-1.5868431675771,-0.870420634957966,0.748058725015786,0.119943132657722,-0.491930265987417,0.0838412962623624,-1.06447307253637,-1.31818470415086,-3.51383389128969,-0.0778040097581363,0.392560272748124,-1.74368876024601,0.687618428850337,0.552566187642237,-1.00500797137805,-0.758375146113422,0.17248993300883,-1.77733572797332,1.40470846581909,-0.476020540625281,2.47510195489067,0.397427714494834,2.31573052027259,-0.0771577661286472,1.23140996444565,0.663092620286752,0.164850681089654,0.223409610934146,0.372859796619264,1.20240222432197,0.835262952555738,-0.714396779649259,-0.240657179110568,-1.52953717018362,0.71241387691002,-0.616431144368254,0.547606763055135,1.17311373580097,-0.262002492325188,-0.105533375802682,-0.53710645642896,1.19289810053171,-0.0777431493744725
0.631459211065846,1.07041262817242,-0.316663171387817,-3.79959231079463,-0.745843292043968,0.22311814647297,-0.0707983740245965,0.345860834730018,-0.519553823289806,0.480061007264485,0.625609739174059,-0.187636379705822,-0.248219690661486,-0.29888955058801,0.805547397940246,-0.0699970319666152,-0.547940859402285,-0.71947468145047,-0.606708917330074,-0.161409781137888,-0.326111518989493,0.256030819665323,1.69282234615357,-0.147893201297407,0.652864436352302,0.751038353001922,0.83096882449212,0.138929700634319,0.638737524835939,0.377566640578297,-0.874064936227355,-1.84255556053734,-0.284894953842486,0.367330750596192,0.125790830961257,-0.927456641893257,0.550320319657687,0.906909825368797,0.439896032908539,0.344617455311044,-0.32455990422816,0.0791483438242048,0.425863298828526,0.118509939392049,1.47249418257658,0.903408393496725,-0.627896608180107,-0.0483438903613928,0.86077126013844,-0.0839473902948469,0.0130400352935277,-0.442444580627769,0.359413078471313,0.547610994100587,-1.07991657238261,-3.32974476981458,-2.56124049002679,-1.96686125503265,-1.33092227274125,0.430924875959751,-0.319718969828417,0.721992229585326,0.390602407135464,0.128979421108261,1.63293558882667,-1.39379396611278,0.215816983839175,0.808435945291497,1.1645486761978,-1.43963700509784,1.85359197032512,0.683740469126125,0.647281982439031,-0.273730405962525,-0.79850329866216,0.451100089705768,0.452703832044404,-1.75886921481266,-0.0146381613693576,-0.485635062005131,-2.22429925866968,2.52485868714885,-0.0452467680330441,-0.353459696161215,-1.60977117136024,-0.878286700427091,-0.0746110954221139,-0.419397066354193,0.00767537854667647,0.0144190162980731,-0.372265573674104,-2.4450498226033,0.461469554074334,0.420823992234116,0.608798921657954,1.24568674855745,0.368564590834327,0.340355948763682,1.03272936528817,0.649189746375325,1.03230090299404,0.228874888799418,0.189646939390699,0.134766696291365,-0.474281836162509,0.0480685315141544,-0.235290040928244,0.72138486964129,-2.62147444744971,0.512698550171701
0.810849786278848,0.154011574996388,0.110101148503241,0.813608304970518,-0.317855409709165,1.19862637083863,-0.251431263783763,0.622596912885525,-0.0898435026216355,0.580862193623004,-0.930875174397738,0.273121481292308,-0.285311789507995,-0.100715297318538,0.805547397940246,0.326973735183287,0.493822530003669,-0.274541367776464,-1.91908942407949,-0.674564060974255,0.00199532093468337,0.377065177435482,0.382332784233331,-0.413306590040853,0.11086037062938,-0.159503158251437,-2.65482430113663,-0.0716481428401809,0.544877543404702,0.254139876289663,0.946290459040428,1.21512485146924,0.429388167953716,-0.127488091919065,0.488276525254725,-0.814283989637709,0.121508334462706,0.367280295832797,0.00545560298302403,0.581188515687897,-1.06621081035575,-0.826173870411025,1.86467696747855,0.445734113199329,1.03985241962743,0.134625512881872,-0.137693560176093,-0.122755631928192,1.11961294558315,-0.819133818088062,0.222811725197329,-0.693762226485626,0.301760847288986,0.744813452433694,-1.75866774052824,0.751394768320991,0.16687918446827,0.0216648575036164,0.654326633388818,0.185207586426701,-0.453556374668599,0.377205388414875,0.152068796312673,-0.943889197620687,0.14570198004061,0.67887460472272,0.658839419634558,-0.225124395358408,0.823448200877289,-1.1807653052194,-0.114140707394262,0.416211199837632,-1.72034576822506,-0.901159766289208,0.172884808728555,0.165908247596638,0.452703832044404,1.04562482453674,0.53601944250532,-0.39606443757154,0.287121429728431,0.681604016904519,0.213251934108857,0.45282041287535,-0.128471596481755,-0.685496247984705,-0.0746110954221139,0.588651159512149,0.300711054551148,-0.67542357564147,-1.15162541048846,-0.749070769812779,0.587735050870366,0.741530089391808,-0.280420799894584,1.47884924434096,1.89600741503732,0.497385792871309,-0.000852159229504287,0.649189746375325,-1.44982950890213,-1.62489025843312,1.64485912841439,-0.996635514108259,1.17311373580097,0.177496115131635,-0.450901792902486,0.511278303186669,-2.56417170000177,-3.25613424979564
1.00135110861212,0.893099634438767,0.647954769078093,0.12649929416024,-1.80215765148304,-4.65547429279635,-0.0707983740245965,0.483925163188444,-1.97876906048539,-0.281282935237102,0.13647573552169,-1.29698142833451,0.231446983536555,-0.677229957361976,1.04730426794512,-0.538228419296984,0.925659059773143,0.39421178849729,0.256977359257293,0.817590459595713,2.48416537145605,-0.592852947126872,-0.151882565262631,0.491828572868529,0.259665950717104,0.972893292607063,0.610389240565852,0.00522956292150947,0.739590860010849,0.758938537839042,0.417444805737501,0.375375310293003,-8.25714325841533,-1.49091229453417,-0.302884345758881,0.291684839483377,0.210545115169891,0.720431471434388,-0.218956565701978,0.559427262726268,-1.5824994943259,0.840403513764135,0.736762391151303,-1.43904499258121,-0.513072932804586,1.04314973380843,1.16239060413848,0.0839115537054142,-0.632398299927558,-1.7427997490674,-1.75172661180567,-0.570511396085325,0.0323505369840331,-0.109185020308641,1.34032247102914,0.881959567078719,-0.0637204900964393,0.0216648575036164,1.01516042167432,-0.0906147768287268,0.251023131911627,-0.972007188385223,-0.0920786492220667,-0.338036587929481,-0.278557594784309,1.32075658532309,-1.06260244929076,-1.71465052281686,0.447891585159421,0.0757719356563243,0.365257438582955,0.0423694691312168,1.05071705673358,-0.720110783084991,-1.31818470415086,-1.02169062777855,0.189432740202247,1.63975711963883,0.403686885537706,-0.348847359054589,0.622575830980279,1.2607766411305,0.95450339588209,0.305588499742104,1.38837396777839,1.40470846581909,0.345689401180456,-1.12747756745314,-0.979195762708184,-0.414337425422163,1.06159263646821,1.04333731321837,-0.709674671124845,-0.824875262419922,0.508504686431176,-0.199078072019048,-0.505729646967839,-1.28017962209149,0.349720395680479,0.302200203474822,0.109381743719605,1.14541293519152,0.706005024051934,-0.00754562043126276,0.771791441353561,0.33460701613894,-0.235290040928244,0.112206425742325,-0.924937085734323,0.478717895060612
0.955031679489653,0.414107576339251,0.110101148503241,-0.221049903098953,0.0146731830798018,0.786847716528577,1.57654810326041,0.448167964703673,1.2576733120405,-2.43315548803189,0.190676271386193,0.63112250730534,0.861643159558294,-0.614796520720155,-2.39644303887502,0.326973735183287,1.03026658614235,-2.18792231587789,0.889692918897993,-0.274367209748218,0.259187859388538,0.210462211883492,-0.80377633770428,-2.39685579508232,-2.32699629297651,-1.61520866936936,-1.27937725766556,0.0728546278356824,0.544877543404702,0.696358068410875,-1.26749497626471,1.32354305909585,0.859062521292833,0.367330750596192,0.53534299227364,-0.68921158902845,0.612291713769697,-0.166435812108969,0.372280112073803,0.742951184049879,0.662530461888945,1.23530543516501,0.369126577688234,0.638933653498836,-0.357692967199753,1.38024050182767,-0.266164171003006,0.234531525863372,-0.100075649335956,0.119946639097128,0.0470081129621076,0.694376365389426,-0.174898667362867,-1.74851611304576,0.488520265578915,-1.25579476904787,-0.395406640914414,-0.353322396618914,0.432722148797015,-1.20624761059134,0.198309414871569,0.519521759426751,0.85051005555572,0.335632901958204,0.0701007083610008,-1.60220716857078,0.709315598736466,0.738183297224182,0.107619309036348,-0.158215778867027,-0.270228287357283,0.683740469126125,-1.22842761028783,1.59258362307791,1.0982375857129,0.665989175913325,0.452703832044404,-0.950659065189372,1.32343189392224,-0.0283065781095995,0.485962939147557,-0.94677289018921,-0.510317551456847,0.730258878746979,0.121237322725659,-0.031193095846009,-1.15070890816508,-0.0503553573269618,0.397427714494834,0.409334435552831,-0.269954191798191,0.538117415020518,-2.34024431987878,0.247114072005178,-0.115762309061689,-0.334634991400181,0.918083861755433,0.445137279901721,-2.80815783020686,0.57332374969032,0.341876379205735,1.11206735981707,0.449355677708779,1.251504823871,-1.53878889598346,0.62332449596147,-0.336454020290061,0.317609460069425,-2.27207810600158,0.980466494808826
0.955031679489653,-0.490647087024665,0.647954769078093,-0.40577670137996,-0.878125033552698,0.22311814647297,0.326468436381702,0.778352401719668,-0.683750900169861,-0.346609319195851,0.0371755977041226,1.10115885728815,0.0590197261540533,-0.231894032895758,-0.299054997755423,0.326973735183287,0.119719929676485,-1.82952119757682,-1.91908942407949,-0.81281892821655,-0.244185611758759,-0.0329724392000903,0.491368064584563,0.818112794663147,0.185318097615854,-0.725116553355388,0.659342404932985,-0.603805902362413,0.544877543404702,0.593262660771426,0.0564226750483116,0.229099819113219,-0.845664552335221,0.367330750596192,0.488276525254725,-1.15144920765883,0.210545115169891,0.238259282675603,-0.988934969517549,0.430515067019773,-1.17441468891517,0.430970315074141,-0.104019831706868,0.601966472172981,-0.357692967199753,0.529161089627152,0.193068390556636,-0.161634802317339,-0.416925281988632,0.119946639097128,-0.635251871261996,-0.442444580627769,-0.281397141574207,0.0594858205912099,-1.41060148270405,-0.778917361378842,0.279962134498468,-1.36278185673641,0.654326633388818,0.676060591631102,0.0453410764691355,0.57570841031577,0.00220265316509935,-2.17731549133135,-0.526995378997536,1.27118772411817,0.559950069954933,0.0663395961000464,0.0187782917005832,-1.76821525876655,-0.734156730875096,0.491013148974912,1.16030981013297,-0.273730405962525,-0.71432126344013,0.631503039751444,0.452703832044404,1.04562482453674,0.796154997777596,-0.69050629399114,0.849781897537732,-0.94677289018921,-0.265304691150601,-0.879145897940965,-0.366386111479755,-0.784104604196858,1.03691482609439,-0.419397066354193,0.397427714494834,-1.05346499930284,0.740571508200812,-0.329384134120232,0.319287040884654,0.552804342208331,0.320060428453643,-0.334634991400181,-0.931877021102022,0.471205500674912,-0.424982919934224,0.39922734352154,-0.658416249572354,1.20693237399529,0.134063557275968,-2.05551712460408,0.771791441353561,0.0920014149046004,2.02245995894481,0.20194111201723,-2.56417170000177,0.250775219701398
0.338975959904114,-0.0782813954360333,0.0436799305843863,-0.221049903098953,0.611331323524278,0.549887413975724,-0.0707983740245965,0.664853025585996,0.184204798900662,-0.131750596698168,-0.598693760738992,0.116243467363289,0.132390865726033,-0.162770958708004,0.105259913056809,0.753522145096841,0.834620141401044,-0.0739017894605008,0.625530753752904,-0.422719986289973,0.351974353793556,0.713595955170397,0.491368064584563,0.576885968352401,-0.498718618246941,-0.159503158251437,0.772262158729379,-0.880766771141594,0.544877543404702,0.135832149937468,-0.476636093256654,0.702756303053476,0.703051358312176,-0.127488091919065,0.53534299227364,-0.927456641893257,0.183442200208398,-0.883439778601221,0.0755099496990596,0.282351354706569,-1.27198084594704,0.00642083324319193,0.150898825309346,0.370903068965829,0.535604052199237,0.622144915579953,-0.184100017033714,0.129939351494564,0.398804723872355,-0.646147970160618,0.0470081129621076,-1.30239843505997,0.657801178691339,-0.0594183311705819,-0.440427133814197,-2.80915676606788,-0.0637204900964393,-0.735254212370134,-0.0646694017506266,0.327916617446788,0.3559407800603,0.753296111597919,0.099192217513,-2.62493439952188,-0.190217048672266,-0.38487646801795,0.583949242923897,0.0663395961000464,-0.0732467292672677,-1.63302219454221,-0.270228287357283,0.844739916611451,-0.32522784001544,0.574940251047235,-0.445806467614865,0.372984214366066,0.316340443395806,-0.188800735617395,-0.0146381613693576,0.660249427498834,0.21928407832838,-0.0990116008590359,-0.15818396619987,-0.222675864570437,0.190049342210392,0.130583370715689,-0.280356294065404,-0.0503553573269618,-0.0320645892276789,-0.738770911803118,-0.766474146456713,0.0479621940511359,0.876408060610867,0.579853698814177,-0.401845710608787,0.521402542894057,1.89600741503732,0.661147276879872,-0.580234014904982,0.649189746375325,1.20184994942361,0.113490912566576,0.521429124873582,-1.37329263389167,-0.935951995131237,0.2652306852261,0.765524011313776,-0.147754630639532,-2.59282307372574,-3.29792715146508
1.61212521784836,1.1916674320222,-0.013779072725401,-0.924556363463942,-0.608687575989985,0.064264531319323,0.7750621700599,0.28049573296494,-0.256772349058994,-2.24935727664398,-0.468050431472649,0.116243467363289,0.861643159558294,-0.432480187648114,-2.26411639196547,0.753522145096841,1.16022095247355,0.345236807415506,-0.019148686966424,0.0394251624786782,-1.24666458052862,0.429445075347753,1.06025593674349,-2.18910659417906,-0.859183905841005,-1.4681684329227,0.83096882449212,0.352967521176934,0.544877543404702,1.17795548991803,0.105500695577213,1.21512485146924,-0.393438697494904,0.367330750596192,0.488276525254725,-1.04552977778325,0.293513114250599,0.367280295832797,-2.21375042155955,1.16857453834317,-0.642072992727885,1.96631671390558,0.254147133327512,0.040171945303671,-0.795609205108475,-4.07506092758943,0.0488651191743036,-0.122755631928192,-0.917361128828986,-0.476128811269176,-0.31274489026696,-0.384961568656177,-0.0213750468788175,1.24640576700345,-1.58463461161614,-0.48108353677271,-1.62269979509143,-0.657318583368604,0.181975057766068,0.0905719525153285,0.147218186593889,0.350665405302878,0.958109642389573,0.128979421108261,-1.00854907968617,-0.0252859843251474,0.286595255937932,0.318657103059116,-0.283401681127349,0.12177660549128,-0.426703286669783,0.57696371832223,-1.22842761028783,1.73096652163914,-0.531455420315175,-3.04302452671983,0.316340443395806,0.461968957319528,1.42699117918727,0.375832540328103,-0.793406281589464,-1.05837675173297,-0.265304691150601,0.305588499742104,-2.04808962595218,-0.450831277231902,-0.358749270119654,-0.656319605970571,-2.13723815380962,-0.738770911803118,-1.24633096844436,0.344804716053644,0.0137013130779571,0.366160167422847,-0.136469742529089,-0.910582788328787,-1.09645390171381,0.445137279901721,1.10137383118728,0.57332374969032,-0.707177668035441,1.56549017512302,0.645439983923532,0.759444847084825,0.104922940500587,0.75971512141753,-1.17032105747382,-0.53710645642896,0.694861194374961,1.04639040929002
1.54092708848894,0.953077499039462,0.679495565620176,0.0629643894486045,-0.147628340611428,-0.244217572175121,-4.73267159259835,-0.587529167797142,0.615468161309756,0.16219579720781,0.0625061582607485,0.440225145389144,0.200365175082794,-0.559658423602394,0.239027908935885,-0.538228419296984,-1.63327518930092,0.131116556418747,-0.135857399113845,0.408076839845084,0.518512122455168,0.278138001390515,-0.80377633770428,0.450957528582374,-0.465991258948153,-0.159503158251437,0.974874781465142,0.279869863340919,0.739590860010849,-1.73121703824898,0.737310431794691,-0.0733388224922474,-0.515798442221809,0.997448927393789,0.0912856290709291,0.643809294378102,0.183442200208398,-1.937753184814,0.834441176694328,0.302944315393067,-0.642072992727885,-1.62135154980591,0.311883111924462,0.562664906909989,0.377533110854386,1.42843538254772,0.956312546088544,-0.0483438903613928,0.296651245779414,-0.0839473902948469,-0.273716431147498,0.172233317702021,0.139286051944608,-1.85311571827617,0.217021552854959,1.3877611590664,-0.227005973936469,-0.735254212370134,1.37596808738078,0.676060591631102,0.251023131911627,-0.171814670647523,0.342017987042081,-0.254308087614388,-1.75947636911336,1.32075658532309,0.0226128836520129,-1.14626026789946,0.066539251563574,-0.459205322802417,-1.12440954861636,-0.130130210754746,0.158971777327471,0.0800278461485664,0.681270209919537,-0.794292732719904,0.316340443395806,0.136060795888528,0.726148967506187,0.583280307981819,0.287121429728431,-0.208141669990503,0.764955337369381,-0.353459696161215,0.578185497042061,0.616512591022488,-0.63267291983184,0.204433545604692,0.56915748566789,0.253847525066968,0.120114585322708,0.00532639762485345,-0.170019339027619,-2.63202088538305,0.134709386750298,0.372859796619264,-0.669745183369127,0.605847419922423,0.664052737425303,0.302200203474822,-1.44982950890213,0.38531292489796,0.0228060124883409,0.134766696291365,0.505629716605009,0.33460701613894,-0.105533375802682,-0.147754630639532,-2.35803415205837,0.343030611555894
0.188908750199119,0.154011574996388,-0.388225700815153,-0.086712708393912,-0.147628340611428,1.19862637083863,1.10744873479367,0.14727414653071,1.1204857621327,0.480061007264485,0.898304239573095,0.63112250730534,0.671898651116107,-0.0251932885339507,-2.73235970010757,0.326973735183287,0.755161626818578,-0.38743572151944,0.498416130692618,-0.81281892821655,-0.0764494607450776,0.548726754548926,0.0586101884023861,-1.6617692119597,0.84146108219076,-0.725116553355388,-2.45563324536951,-0.807093461846556,0.544877543404702,0.332833056829226,-0.174997116893404,0.794068029042226,-0.0491089794764972,0.367330750596192,0.749255977103938,-0.557113880550214,0.350372984980579,-2.21550259365796,-0.2851698517576,0.694727113956047,-0.739126215334261,0.104344379592441,-0.422518127188868,0.961832467191339,-0.658100915326119,0.708789472179607,-0.964288297569632,0.285679685067136,-0.984929181321343,0.619746194045787,0.222811725197329,-0.384961568656177,0.539819515052164,0.291231802623415,-1.41060148270405,-0.778917361378842,-0.00657874260524387,-1.27266536877705,0.327148779410203,0.280228806896855,-0.407706949411741,0.229974042279169,0.591881491919266,0.128979421108261,0.3771341432646,-0.959753798890575,0.583949242923897,0.153055447444775,0.217313199091627,-1.43963700509784,-0.270228287357283,0.683740469126125,-0.912270045296996,1.80088473344878,1.0982375857129,0.302838354790688,0.452703832044404,-1.29286770795963,0.236204884038985,-0.897923426941867,0.287121429728431,0.302555899083472,1.20243905244321,-0.879145897940965,0.514185349975881,-0.182931947924634,-1.11685312027999,-1.00502508206036,0.397427714494834,0.253847525066968,0.0213958695093279,0.452752335255685,-0.267669191506639,0.164850681089654,0.108342287141318,-0.910582788328787,-1.99173659624281,0.80319381144937,-0.648573754142223,0.649189746375325,1.90860147151002,0.687275776864492,0.449355677708779,1.0593313176882,-1.05044490914932,0.894123395603348,0.395329545735402,-1.85901143612908,-2.56417170000177,0.789319417007701
1.12535036321767,1.0094928754092,0.711179202459116,0.310803929522712,0.0146731830798018,-4.65547429279635,-1.52643352458475,0.448167964703673,-2.04789137516343,-0.281282935237102,0.301720610973908,-1.39157493827271,0.264408472661912,-0.911180497171632,1.08061432404737,-0.0699970319666152,-0.0858090611194005,0.507174549736093,0.256977359257293,0.136516050110297,0.170954742204751,0.619549812907084,0.166209829200152,0.993919988007772,0.185318097615854,1.00312185368556,-0.445476644382568,0.279869863340919,0.739590860010849,0.593262660771426,-0.605598060272227,-0.785743127241946,-0.736324164541109,-1.49091229453417,0.125790830961257,0.456045504273392,0.581056569691259,-0.00680044496281374,0.703722790152478,0.494818731665679,1.02006727675576,0.456023939852228,-1.79868704047279,-1.43904499258121,1.35548123152127,-1.84385632846779,-1.80435676151374,0.338712418991133,0.617989716850761,0.926394770611402,0.490235874927754,0.92551859161809,1.04612355272643,-0.109185020308641,0.278877187439233,-0.408195331406107,-3.03824545306811,0.108435860919208,-0.475144014452325,0.185207586426701,0.298347192851576,0.664261528151414,-0.187667062853837,-0.338036587929481,0.8515600769889,0.0434339106525742,-1.06260244929076,0.246915593609955,0.750366074565912,0.682918690144831,1.36833236167105,0.416211199837632,0.948236093996266,-0.764786666558605,-0.0566522466721415,0.412209456162727,0.316340443395806,-0.296937823693273,0.403686885537706,0.687618428850337,-0.184095202320053,0.681604016904519,-0.101715367116457,-0.479622824584716,-0.366386111479755,-1.47832843910528,-0.0746110954221139,-0.299868275325809,-0.979195762708184,1.52188401348824,1.41966460573101,0.590609782382824,-0.709674671124845,0.861466142726615,0.862043541017154,2.0795927208198,0.729541845305609,-1.28017962209149,0.0555056480031606,0.57332374969032,-0.611573859253962,0.541717016000965,0.586786352582569,1.1553556557173,-0.474281836162509,0.491511118742293,-1.33421701270451,0.112206425742325,-0.924937085734323,0.546339154446886
0.810849786278848,0.543729297091933,-0.937845371375639,0.310803929522712,0.871337061156552,-0.167191819834608,-2.09014870808162,0.448167964703673,1.86522961621705,0.839720553176317,0.390625666133191,-1.93011008374863,-0.411527664979208,-0.559658423602394,1.01562885976944,-0.538228419296984,-0.0453545566722365,0.450238471835138,0.741743706681475,-0.0447677644000353,0.855944678028041,0.548726754548926,0.0586101884023861,0.993919988007772,0.149534477004913,0.715390954283278,-0.0647530401788033,-0.386344208938537,0.739590860010849,-0.57647748140793,-1.17559549141097,-1.20612788498051,1.17385798676142,-1.32601623921311,-0.980105742745491,-0.161509701463328,1.16284159459685,-0.346297186932249,1.54989216408451,0.344617455311044,0.662530461888945,-1.16293784530338,-2.40713091177007,0.205748744613248,1.69940124957012,0.808489265438155,0.536943188403792,0.0839115537054142,1.44687156800743,1.30734557632398,0.490235874927754,2.30863662094097,1.24410024527357,-0.415799873153816,-0.102218212399169,-0.857262905514402,-1.71504358228656,0.20020498180641,-0.928544818367032,-1.55430469575618,-0.0936945741623155,0.377205388414875,-0.991361276951788,-0.853891716082391,0.8515600769889,0.0434339106525742,0.0226128836520129,0.246915593609955,0.327149689473485,0.682918690144831,-0.734156730875096,-0.431167107336455,0.948236093996266,-3.01468667388144,1.26408137994246,-1.43506125994434,0.189432740202247,-0.398705903800294,0.0475026961326243,0.534326034177841,-1.04227699064721,-0.831807393811044,0.460173121770026,0.730258878746979,0.446252865089153,1.40470846581909,-0.39774530783236,1.3473860123927,0.277743822865605,1.43329693017814,1.29330766622017,0.954746007992061,-1.01465081360241,0.579853698814177,0.388890871572764,1.24568674855745,-0.147412553291948,0.0841961767223965,0.0256264154809443,-0.185889261914682,-0.474271747607813,-0.823896355237297,0.366821337524321,-0.390591171244685,-1.53878889598346,0.00652223737912349,-0.195098339476327,-0.44065308940365,0.484641114339879,0.221847656137568
0.476435920929465,-0.406669746858407,-2.13979282307603,-1.51321005213036,0.385050844995055,0.86713744312684,1.05972192125529,0.664853025585996,0.184204798900662,1.00834640626339,-0.104554322604509,1.10115885728815,1.15116118267554,-0.496581222982152,0.105259913056809,-0.0699970319666152,-0.96117837504383,0.289781930692547,-1.0807288805966,0.408076839845084,-1.38479759441334,-0.488969136903077,0.951396899091362,-0.656259382233232,-0.740422787825935,0.0540471939263062,0.717147956542188,0.493246601868399,0.739590860010849,1.54424015975415,-1.17559549141097,0.794068029042226,0.187637689066802,0.367330750596192,0.635145194880408,-0.927456641893257,0.121508334462706,-1.36456881352255,0.502898796744546,0.581188515687897,-0.00554147264357505,0.721660829964859,1.04418390810851,-0.344059806333888,-0.725434765908934,1.19181428263066,-0.049428581139011,0.234531525863372,-1.45463937576503,0.119946639097128,-0.273716431147498,0.323962429432162,-1.21369185825286,0.71602802431632,-1.24525902754333,-0.16116031453447,-1.08403524668537,-1.18600679630843,0.432722148797015,0.676060591631102,0.523049646248494,0.782504382587901,0.6945049256598,0.495100434812749,-0.0158445299433329,-0.477825635093936,0.583949242923897,0.0663395961000464,-0.539692940995993,-1.0577930794797,-0.507527361180707,0.683740469126125,-1.29081975090351,1.47258408919751,0.957791239433314,-0.239743377436388,0.316340443395806,-1.47394091328072,0.919908784704779,-0.0283065781095995,0.698969131270815,0.42477624612266,-1.49311386218972,-0.0913297725067967,-0.952980767192717,0.0471421079510039,-0.358749270119654,0.323769132408869,-1.92633993837554,0.0144190162980731,-0.269954191798191,-1.82584010716442,0.561192903652398,0.800023480547422,-0.0514202343605303,-0.700063959380093,-0.0675211002283921,0.261376442953965,-2.35698124282784,0.57332374969032,-0.0760137833690451,0.357926525755951,0.645439983923532,0.812971679291589,-1.15884878514351,1.42510569588105,0.0399325607180781,0.20194111201723,-1.93263335171362,0.635506533753881
-0.193362677216746,-0.652560491752821,-3.14421802936831,-1.51321005213036,-0.462013772726153,-1.17396089295377,0.534582884444985,-0.999090346456161,-1.00543416623447,0.908938518029037,0.190676271386193,-1.39157493827271,-0.213563660926315,1.209318475068,0.805547397940246,-1.14977892531987,-0.306075043156793,2.38311336212931,-0.135857399113845,0.664960055253147,0.855944678028041,0.665744538172794,-0.80377633770428,1.32360745389463,2.37165907381878,0.972893292607063,0.659342404932985,-2.90807658974591,0.638737524835939,-1.9327483590698,-0.563378926052105,0.149483785295026,0.0613261975951968,-0.719819997200803,-0.33533786487926,1.41321761605885,0.0265064449031231,1.63982177404714,0.150364089542062,0.0605614173346143,-0.218523844069128,-0.713814979555816,0.0966146890195229,0.370903068965829,1.03985241962743,1.08948307575908,-0.627896608180107,0.129939351494564,0.398804723872355,-1.59632670169737,-0.31274489026696,-1.36955594236812,-1.81460445636001,1.11706013029261,-1.41060148270405,-2.00934354178972,-0.17289547659163,0.807563336614769,2.16040708319961,-0.655963180814541,-0.453556374668599,-0.131601602921117,-0.55576451212431,1.09874798891337,-2.30944375817276,0.396473374586321,-0.285078568537577,0.675926343700556,-0.795277891968136,1.78230973119824,-0.114140707394262,-0.399055352055012,0.382297373656274,-1.385337988028,-1.56487441069767,0.805883658038209,0.0397437080453976,0.53867574672015,0.345874592149019,-1.1000184993114,-3.61315589337457,-0.154475807249207,1.6452264599781,-0.222675864570437,-0.195786075201843,-1.0530158385767,0.467603766933231,-2.41762333979942,-2.51992938440807,-0.988347781522153,-0.766474146456713,0.372025816082389,-0.0990063221428822,-0.262653409534767,1.26698347040496,1.04218317115801,0.918083861755433,0.0841961767223965,0.79237051740895,-0.0747448555546666,3.09342530333233,-0.461002141123188,0.482145961178755,0.547606763055135,0.104922940500587,-0.513523411388172,0.319433514072646,-2.84368362552017,0.775727575845271,0.546339154446886
0.810849786278848,1.13006035313188,-0.247846612033967,-0.40577670137996,-0.462013772726153,0.146058706504724,0.638299022840733,0.551630035649727,0.387966498143473,-0.215956551278354,0.36076909233594,0.63112250730534,1.07017882659486,0.551165408988306,-0.266974657996194,0.326973735183287,0.755161626818578,-1.17543400161711,-0.019148686966424,-0.0837449920961149,-0.734025108426817,0.455296882186489,-0.263584866939357,-0.656259382233232,0.334493076279273,0.225936121028047,-1.67632607648465,-0.603805902362413,0.544877543404702,1.15300517172513,0.312171760126572,1.43595597966007,0.306452520343007,0.367330750596192,0.693560454294474,-0.431351338931425,-0.142122320720255,-1.82193614314921,0.313787607106734,1.08639591066935,-0.32455990422816,1.20465120499113,0.20123574903108,0.248796819788487,-0.658100915326119,0.134625512881872,-7.12111407676869e-05,0.180806827421941,-1.18606754451085,-0.0839473902948469,-0.0926741461691392,-0.252374692393975,-0.382110242856299,-1.74851611304576,-1.75866774052824,-0.16116031453447,-0.920818637499378,-0.0579517230604305,0.0244440158239985,0.185207586426701,-0.14130672902736,0.405350384097304,0.794290666219702,0.128979421108261,-0.920396670734372,-0.191411435136922,0.559950069954933,-0.0279126066016991,0.066539251563574,-1.43963700509784,-1.61561520938777,0.683740469126125,-1.66712554425922,1.08812632799195,-0.160352836571611,1.33603999626924,0.452703832044404,-0.0817792378698717,-0.0146381613693576,1.22334574602313,-0.570744612001571,0.357684499976128,-0.265304691150601,0.45282041287535,-1.22804385738394,-0.383769005259302,-0.118391927958243,0.865981802259227,-2.24538758481316,-0.8633836757234,-1.53402370235244,0.182249071388069,0.663092620286752,0.526787649936783,0.164101974482437,-0.334634991400181,0.368564590834327,0.368849121691556,-0.183315202390597,0.57332374969032,1.31821521154285,0.789367144277436,0.645439983923532,-0.0697177842261916,0.505629716605009,-0.13360675996873,-0.336454020290061,-0.931296693054711,-2.27207810600158,-2.83006606298096
0.552493551377685,1.3758985496942,0.171990719104071,0.195268675425012,-0.462013772726153,0.146058706504724,-5.19385881361362,0.703223042560317,-1.57262657878014,0.673360693108657,-0.220594797437086,1.10115885728815,-0.601281251683508,-1.20260207623248,0.409246271897368,-0.0699970319666152,0.434811587082506,0.345236807415506,0.0997007341144494,-0.274367209748218,0.600402662667928,0.278138001390515,1.18476470080403,0.762061728469928,-0.435454804114819,0.338729326818741,-1.20925209726709,-0.736319599665777,0.739590860010849,-0.370125665458009,0.312171760126572,0.702756303053476,0.0613261975951968,0.367330750596192,0.0611174469343932,-0.0244558501771044,0.265110015168015,-0.287067666665371,1.0195320142685,0.430515067019773,0.326209902598418,-0.25255940284648,0.254147133327512,-0.246972062008515,0.459339697033364,0.708789472179607,-0.309993580650438,0.234531525863372,0.0877589892563166,-0.275364440039861,0.222811725197329,-0.871717913018574,-0.0711281876390477,-2.10396376361085,-0.705177078969831,-2.39900941163553,-0.74597512260382,-0.735254212370134,-0.225725259452943,0.676060591631102,-0.231978372177946,0.292623833331227,0.152068796312673,0.335632901958204,0.3771341432646,0.433707548135792,0.458093498199528,0.0663395961000464,0.290948929480979,0.486560310251442,0.0417165412178066,0.3509242668138,0.302765739103129,-0.636976347928498,0.172884808728555,0.909727234439789,0.316340443395806,1.14025863310564,0.461499178926393,-2.24143105665917,0.774710763716165,0.302555899083472,-1.96180957559279,-0.222675864570437,0.121237322725659,0.616512591022488,-0.435363582615363,0.588651159512149,0.421465186294082,-0.200220542613056,0.219349160109761,1.23140996444565,0.405357977294746,0.741530089391808,-0.136469742529089,0.0803979831596145,0.54490402101857,0.340355948763682,-1.41092034897916,0.507298306596989,0.587439050666362,-0.229019790949524,-0.313486674771081,-1.37329263389167,0.29138128135699,-0.308547079602412,-0.450901792902486,-0.931296693054711,0.209213259180389,0.15863960269551
-0.193362677216746,-0.342482108236467,0.46116459957454,0.464187215797509,0.0146731830798018,1.63285866125569,0.326468436381702,0.28049573296494,-0.765162591612956,-0.470533229504553,-0.220594797437086,-0.329408893161831,0.0590197261540533,1.93050809741722,-0.0146988074907656,0.326973735183287,1.16022095247355,-2.18792231587789,1.0134999465635,0.817590459595713,-0.574982744056197,-0.0639284990063872,-0.479174672002457,-0.941214518656719,-0.886930738094611,-0.501429863480447,0.974874781465142,-1.73390475263091,0.544877543404702,0.655022252687338,1.8345098554086,0.993421934817605,-0.954822098099357,-0.455657840732264,0.125790830961257,-0.557113880550214,-0.310787684508401,-2.13453641006837,-0.698070511396257,0.767136498874304,-0.964270418325627,1.6388429520365,-0.161141387163702,1.14356974881307,-1.84846826611502,0.622144915579953,1.70643535245617,-0.230642787915468,-2.41821153917503,-0.476128811269176,-0.921081429753857,-0.751433184825727,-0.721799406385154,-2.03083954355871,0.831203194376833,0.178254443083605,1.07165545261205,0.764838665147474,0.937198797022713,0.0470065707521384,-0.722748680391574,-0.666585212289531,-0.466813687703153,-1.6700637914148,-0.920396670734372,0.879784646137797,0.559950069954933,-1.84245787805662,-0.404424631846122,-1.1807653052194,-0.341708187587228,0.3509242668138,-1.8335119854746,0.426829482452768,-1.06443107572905,1.09232797769975,0.452703832044404,1.04562482453674,0.53601944250532,-0.0283065781095995,0.924214698244551,-0.208141669990503,0.643529121910537,-1.78087643297775,0.254021510704055,-0.878286700427091,0.527222905997698,-0.0503553573269618,0.169445404941116,-0.609995357900479,-1.05223099305288,1.81764667840312,0.34822659778597,0.526787649936783,-0.0949225768223174,-2.57142662221099,-0.931877021102022,0.981747087371295,0.724123530431214,0.260136832141723,0.0610013259466042,1.66158513828205,-0.24921595226258,-1.37329263389167,1.17311373580097,-2.6047223909179,0.0792901582792093,0.20194111201723,-2.50408094905846,0.250775219701398
0.900955861576334,0.835411547096844,0.110101148503241,0.364967050661098,-0.745843292043968,0.626879914671431,0.140600437331627,0.483925163188444,0.615468161309756,-0.470533229504553,-0.32466730142742,0.440225145389144,0.398118159059124,1.209318475068,-0.42722637945605,0.753522145096841,-0.826004394059192,0.0297435793967939,-0.935610857806372,1.01798608122996,0.00199532093468337,0.738046877406375,-0.693976912410123,-0.183978273847252,0.492692960764228,-0.159503158251437,0.610389240565852,-2.45973585378727,0.544877543404702,0.479544938228524,1.38979824939564,0.535307650165125,0.0613261975951968,0.367330750596192,0.266589205734182,-0.927456641893257,-0.0872628594124073,0.0483033070707128,-0.2851698517576,0.947935069065846,-0.854529961634602,1.05440063578185,-0.0506498045044974,0.407220439731868,-1.28987129641845,1.28595883805902,0.0973682433242856,-0.00718717304396505,-1.85084708320175,-0.275364440039861,-0.273716431147498,-0.631486642242936,-0.0213750468788175,-2.03083954355871,0.488520265578915,-0.241353955228654,0.599279939865255,-0.46929827043242,0.695635426641349,-0.309500978379363,-0.00354280027215397,0.350665405302878,0.390602407135464,-2.62493439952188,-2.50105058175753,1.00639092701243,0.658839419634558,-0.321298368954176,0.529151226004561,-1.70061872665438,-0.809045842030182,0.416211199837632,-1.99188340709205,1.53006479278384,0.41702714314694,-0.0867353418649911,0.316340443395806,0.776793143678704,0.660792152405269,-0.897923426941867,0.622575830980279,-0.570003190199351,0.723485494309337,0.17248993300883,0.121237322725659,0.616512591022488,0.720116262131365,0.460260568874707,-2.46344946412959,-0.34491055627617,-1.45020691856981,0.154451075744438,0.267534903699709,0.164850681089654,-0.301704596101918,-1.48468097155978,-1.57122935650673,0.471205500674912,-0.116248435270554,0.39922734352154,0.0610013259466042,1.11206735981707,0.233604362099709,-0.996635514108259,0.29138128135699,0.38683785080283,-0.758120434104101,-0.53710645642896,-2.50408094905846,0.546339154446886
0.269870842267703,0.655876838274059,0.171990719104071,-0.606227614108938,-1.14862616573562,-0.0863525328205543,-0.00926917798454472,0.778352401719668,-0.601913788367041,0.580862193623004,0.802588041437272,0.440225145389144,-0.117936903099282,-0.969992089197093,0.157954940216351,-0.0699970319666152,-1.28664591336249,0.746736759449524,-1.3785925702101,0.910839282308588,-0.244185611758759,0.256030819665323,0.0586101884023861,1.18171915046054,0.694820337898614,0.0540471939263062,0.336806804760655,-0.227623732090386,0.638737524835939,0.026872173925356,0.841724413258102,0.303322027417139,0.187637689066802,-0.455657840732264,-0.215992682011943,-1.04552977778325,0.405986221081054,0.997168607834846,-0.152743279646356,0.36526271694089,-1.69210430875555,-2.28997988889312,0.425863298828526,0.0783642770583618,-1.36386726617025,0.0575519844126968,-0.461224435340458,0.338712418991133,-1.38160667472595,0.352872903950517,1.04825462125393,-0.631486642242936,-0.827232417693137,0.504764596993262,-1.58463461161614,-0.935608449649961,-1.7882040436132,-0.100473915217253,-0.849443287233921,0.746115180442601,-0.187375131229499,1.16252646615474,0.591881491919266,-2.86050764983103,-0.0158445299433329,0.555785160022249,0.762167146901057,-1.00177401427893,0.97163600993331,0.716845074572214,-1.33651494784813,0.0423694691312168,1.51648408825118,-0.558649647441477,1.0982375857129,1.21235456529222,0.0397437080453976,0.53867574672015,-1.33801201682322,0.375832540328103,0.148667582104305,0.681604016904519,0.0896697994839037,1.00002575135815,1.04637960024318,1.67740305671349,0.0937724967968621,0.0815057562198552,-2.13723815380962,-0.414337425422163,-1.24633096844436,-2.09754668220215,0.769516232323389,0.800023480547422,-0.136469742529089,-0.700063959380093,-1.57122935650673,0.261376442953965,0.407124933439379,0.351870054523001,-0.379939137774408,-0.65848690122509,-0.187411401394768,0.901003979754426,0.771791441353561,-0.0141142098047919,-0.758120434104101,1.00510775657275,-2.15701454905866,0.575930933042795
-0.604301363499689,0.479244354739696,-2.95307630352983,1.02000564863033,0.611331323524278,-1.10971048560376,0.184968957132473,-3.82034130965235,-1.81063593793082,0.368744580281366,0.0625061582607485,-2.19394519150687,-0.649537013551015,-1.31256890287048,0.532046980818184,-1.14977892531987,-0.411256692749929,0.184174763626992,-0.935610857806372,0.664960055253147,0.518512122455168,0.665744538172794,-0.0485288446683878,0.531505281264536,-0.00233729479072215,2.48375289722789,0.336806804760655,-1.32042971798651,0.739590860010849,-0.370125665458009,-1.32273144564274,-1.47327217945822,1.34839995154814,-1.66386059202818,-0.511400563177376,2.96578757574006,1.16284159459685,0.179958938737556,0.797273980187458,0.217859702377694,1.28590475334088,-0.29304725448824,-5.46689464180517,1.57919699916045,1.82292276289066,0.0972630136053224,-7.12111407676869e-05,0.285679685067136,1.11961294558315,1.88174841942471,0.490235874927754,2.21110683815361,0.601988549176789,-1.95771532350657,-0.035731277716377,-0.619352194503971,-1.25972256834067,1.27282833259747,1.33814236720858,-0.529452713207155,0.576409518224325,0.108973943298328,0.00220265316509935,0.0343243262657254,1.17921210887636,-0.548314863166274,-0.219806484372387,-0.225124395358408,-0.714986722959776,0.445920001649797,1.48656567479772,-0.431167107336455,1.05071705673358,-0.395119052445024,0.288858824481439,0.165908247596638,0.189432740202247,-0.188800735617395,-0.516042324943845,0.557326208598451,-1.20655731542097,-0.414557907109981,0.402508315313132,-1.52219218381449,-0.847218732997699,0.616512591022488,0.0937724967968621,-1.23544000501992,0.252450481682783,1.43329693017814,1.17258592545003,0.296667523618845,0.292765761540565,0.247114072005178,-0.0284303732947688,0.696806839980222,0.281132514988678,-2.77451445937955,-0.300202692381267,-0.130898196504425,0.485098179092005,-0.461002141123188,-0.313486674771081,0.901003979754426,0.104922940500587,0.0480685315141544,2.16943949335799,-0.53710645642896,0.363635120085996,0.15863960269551
0.686945108710445,-1.89994897670471,-2.81636818512865,-0.221049903098953,-0.878125033552698,-0.327070751857572,0.965836834549366,-0.642817116448718,-2.48997481486802,0.972438054563637,-0.0352992342454769,-1.29698142833451,0.168554248127918,-0.737639083523766,1.48518752076918,-2.15641066850346,-2.51109197940228,2.45365774888352,1.0134999465635,-0.848933577008494,0.00199532093468337,0.103690910988054,-0.36206921155806,1.11552239012294,2.59708483498515,0.870032456488136,-1.13216437557864,-4.80543025972467,0.544877543404702,-1.73121703824898,-1.13295285724013,-0.426933439200751,1.17385798676142,-0.94971776683984,-0.186301165962166,1.10613001832032,0.121508334462706,2.28467245314907,-0.2851698517576,-2.09816636542504,2.80420178188868,-1.62135154980591,-1.1282619495365,0.879027505064124,-0.513072932804586,-0.866442957361145,0.234947787571688,1.0358737043495,-0.917361128828986,-1.45593284216388,0.450005077522234,0.400680937970726,-1.14587530765147,2.25608211096207,-0.035731277716377,-0.619352194503971,-0.340276197990561,1.38309121120195,-3.05394792135007,-0.134499901628176,-0.407706949411741,0.108973943298328,-0.55576451212431,1.09874798891337,-0.838033779421528,0.396473374586321,-0.242061424354071,0.873580247636732,-3.59991907489133,2.57598297786432,1.14973133102117,-1.11472359546183,0.382297373656274,-2.09401055002496,-3.42190911111458,3.56879394457053,-0.442780169853269,-0.245595238896706,-1.62217890755829,-0.188817739318486,0.924214698244551,-0.51822071314966,2.17288699541647,2.74867308962579,-0.416691784400162,-1.31047061588158,0.869986290982538,-0.538167041861984,0.345681412509395,-0.0527925390317787,0.63786300079427,-0.0284523180886817,-0.311397885418698,-0.311723531422779,1.26698347040496,-1.20223841404709,-1.17914217455434,-0.100391282024133,1.53070804606761,-0.573607097145459,3.63145516234638,-0.878366764008359,0.767077759325572,0.981561262535623,1.17311373580097,-0.220231916081787,0.430033626451564,0.20194111201723,1.13395769666358,0.821100127674311
1.73866088750711,0.953077499039462,-1.43268081793369,0.509595948980984,-0.608687575989985,-0.478203303851904,-0.00926917798454472,0.28049573296494,-1.57262657878014,-1.18075036342643,-1.9232724102293,-0.0482952498937076,1.36140629827345,-1.25694806420108,-1.49476630622383,0.326973735183287,0.755161626818578,-0.613966968074639,0.498416130692618,-0.350794281087492,0.170954742204751,0.377065177435482,0.718976080454128,-1.13423204824515,-1.75857261869625,0.526800273562845,0.610389240565852,-0.603805902362413,0.544877543404702,0.864624334719915,0.201596567351613,-0.145050596587472,0.563099003252063,-0.455657840732264,0.191831133263851,-0.557113880550214,0.322809346449832,-0.765514261978563,0.953049178159835,0.494818731665679,0.101909365120004,-0.553949278026434,0.537808924224057,-2.47074256027563,1.03985241962743,1.13936165680458,0.625958557915116,-0.230642787915468,1.27212834462184,-1.45593284216388,0.151414097287678,-0.384961568656177,0.922808756937136,1.11706013029261,0.623891985164413,0.44127758095832,-0.920818637499378,-0.539815808938292,0.654326633388818,0.549713515613749,0.684391728490584,0.782504382587901,0.196537390595155,0.766970521280833,0.297906118775866,0.010263890824871,0.192876442452835,0.0663395961000464,0.365201921953463,0.231692421442624,0.365257438582955,0.683740469126125,1.51648408825118,-1.18560787925707,-0.347844502547033,-1.94549922857202,0.452703832044404,0.696821203292766,0.978945749729595,1.03581254382846,0.287121429728431,0.00600772892464806,-0.879221521797924,0.867142322794583,0.190049342210392,-0.784104604196858,-0.39774530783236,0.323769132408869,-1.50845494227435,0.253847525066968,1.84473558539914,0.118082675438347,0.663092620286752,0.336784197490613,-0.342461377732227,1.47884924434096,-0.147412553291948,0.497385792871309,-1.7660352554087,0.885547787118974,-0.171654391038555,-1.20942919998585,0.482145961178755,-0.863583148987918,-0.334012303946926,0.463527974431721,-2.32008451656621,1.09049142477684,0.436795746170511,-1.68640212811076
1.33152287970663,-0.0228307782727667,0.965080297212234,-0.150585228493439,0.385050844995055,-5.41435441664813,-2.09014870808162,-1.83069111734708,0.0926704700716293,-0.683761781054093,0.0625061582607485,-1.75269653283867,-1.74375361219049,-1.25694806420108,0.897462075785738,-0.538228419296984,-0.376296180692723,1.12572111736077,0.693784574492233,-0.52858111421953,1.20852196957692,0.303084420538872,-0.263584866939357,1.18171915046054,0.334493076279273,0.972893292607063,-0.00177460333601961,-0.736319599665777,0.638737524835939,-0.57647748140793,-0.520678859693284,-1.54528674338686,1.00859862840905,-2.97636716960369,-0.682729543466712,0.291684839483377,1.0206234689402,0.798455296882148,1.86730504975179,0.240057184893967,0.662530461888945,0.456023939852228,-2.40713091177007,-1.90069199975938,1.69940124957012,0.708789472179607,-0.355618583351663,0.285679685067136,1.11961294558315,0.926394770611402,0.915115881079253,0.773103417350984,1.70346015485509,-0.415799873153816,-0.102218212399169,-0.857262905514402,-1.86891524920424,0.807563336614769,0.496080432693062,-1.02638927890793,0.627609437849223,0.490800988722441,-1.31256613148918,-0.853891716082391,1.53898173203461,-0.656440034747936,-1.29915140133751,0.318657103059116,0.447891585159421,1.35158608353388,1.48656567479772,-0.208014171399226,1.39521450590972,-1.32773977768013,-0.347844502547033,0.631503039751444,0.189432740202247,-1.0017578825169,0.0475026961326243,0.607347182951548,-0.793406281589464,0.42477624612266,0.897804916743104,1.77219492618747,-1.16927164832741,0.616512591022488,-0.39774530783236,1.71457327435829,0.596381508178012,1.43329693017814,0.740571508200812,-0.91071326956458,-1.01465081360241,-1.1426044530927,1.26698347040496,1.47884924434096,0.193846645485947,-0.100391282024133,0.407124933439379,0.302200203474822,0.485098179092005,0.868685157610212,-0.807103286907114,0.547606763055135,-1.25693880421473,0.0480685315141544,-0.336454020290061,1.21922353400023,0.462007293750681,0.546339154446886
1.80402603762088,1.13006035313188,0.0149504289294928,-0.447138062479407,0.0146731830798018,-3.61002610724406,-0.749848399698582,-0.889989822494333,-1.16419896963416,0.27317983939307,-0.0110634192885928,-1.19409689098948,1.97223172605321,0.551165408988306,-0.44800036042481,0.326973735183287,-2.29403145250325,0.685339986118193,0.717764140586854,0.297043285931027,-0.89011378435542,0.643354124516182,1.30188379758541,-0.37995317494016,1.46533903437551,1.4480613616195,0.898034664619412,2.62626033664819,0.739590860010849,1.17795548991803,0.256920726716121,0.794068029042226,-6.83342798536556,-0.719819997200803,-0.00329349900265976,-0.68921158902845,0.581056569691259,0.460896944568732,0.343033859590269,1.08639591066935,-1.06621081035575,-0.474054003632331,-0.960482795473517,0.370903068965829,0.0748949218036167,0.903408393496725,0.718452173277117,0.516985935082937,-0.00416806552563033,-0.980894114144585,-1.18024094661699,0.323962429432162,1.17618186467753,1.99396824931045,0.803881706283624,1.14953030777506,-2.12787973056479,0.341394681634852,0.149469851272209,-0.529452713207155,0.906967084875003,-0.507250549939976,0.591881491919266,0.372615583322573,1.63293558882667,-0.319206720564339,-0.736727960107454,-0.629875635397267,-0.508322387464261,1.08562404564391,-0.962854360995834,0.683740469126125,-0.259434294254487,-0.598962448061066,0.288858824481439,-0.452223114036236,0.189432740202247,-1.67961942170893,0.894373230893458,0.0519112744092107,0.849781897537732,-2.23013785116954,1.23428312411527,0.867142322794583,-2.60535432708415,-1.22676943019806,-0.0746110954221139,-0.419397066354193,-0.652942133055931,-0.280131408208002,-0.0771577661286472,-0.185283046822201,-0.289533538462668,-0.387165279715554,0.670333759305393,0.221725106356369,1.00639136616946,-0.938716449829864,0.633473522962636,0.885547787118974,0.694940008894936,-0.0815605385305621,1.26586692973952,0.520145464755174,-0.593070382852148,1.09601480355268,-0.726494248680394,0.873836568380715,-0.577825660875355,0.635506533753881
0.858113653071349,1.44127075074539,0.614187412000111,-1.02758368556612,-0.462013772726153,-0.627733021419256,-4.54036393004055,0.14727414653071,-1.73253383136749,0.721335584188348,-0.573157876865543,-0.329408893161831,-0.180271535247699,-1.31256890287048,0.747839676920634,-0.0699970319666152,0.270507863715218,0.236125095118006,-1.53133823703337,1.01798608122996,-0.158203563842703,0.643354124516182,0.382332784233331,0.531505281264536,-0.110445241238602,0.338729326818741,0.974874781465142,0.209000681116338,0.638737524835939,-0.290160548875249,-1.21998509909408,-0.426933439200751,0.187637689066802,0.367330750596192,-0.156482001367067,1.41321761605885,0.581056569691259,-1.82193614314921,1.38043819697605,0.195632841006647,-0.32455990422816,-1.11238958452018,0.839536757197065,-0.930370731292327,1.14444231925555,1.33225193159616,0.145458943300853,-0.195627181128661,0.86077126013844,-1.13690608568285,0.115543140409763,0.855893274487495,1.37558988646501,-1.74851611304576,-1.75866774052824,-1.25579476904787,-1.03202346035246,-0.408895446161704,0.432722148797015,-0.0906147768287268,0.737887121127277,0.136884109105956,0.099192217513,-0.580597745657265,0.933669711941209,-0.191411435136922,0.167612494749091,0.153055447444775,0.71228390125322,0.445920001649797,0.865988279718127,0.183850201423576,0.647281982439031,-1.23097252827747,-0.0566522466721415,-0.136214333460174,0.452703832044404,-0.138419067867312,0.345874592149019,0.120984252286329,0.849781897537732,0.241148796426806,0.213251934108857,0.730258878746979,0.446252865089153,0.0471421079510039,0.236064749642229,0.721494679446484,0.188347706092378,0.562695160642756,0.429691070835187,0.692364155890095,0.34822659778597,0.307156300260098,-0.442865555913815,1.24568674855745,0.54490402101857,0.160620347050938,0.0256264154809443,0.177319392927648,-0.474271747607813,-2.18096723444532,0.0744102764361118,-0.4574183345436,-0.0578173804619865,-2.3687211731922,-1.09154315689464,1.09049142477684,0.2971381223772,0.374991971630074
-0.604301363499689,-0.751009715518917,0.890661814804039,1.40485736693232,-1.01707034033396,-0.167191819834608,-0.460088933528503,0.314178609999633,0.184204798900662,0.302034349309538,0.390625666133191,0.116243467363289,0.200365175082794,0.915852858004059,0.335851021043926,-0.0699970319666152,0.755161626818578,-0.38743572151944,0.440977221613979,-0.494185002812022,-0.0764494607450776,0.665744538172794,0.166209829200152,1.18171915046054,1.39122205866063,-0.725116553355388,-2.35815417955335,-3.08380137429295,0.289573332498782,-0.370125665458009,-0.732475323531231,0.375375310293003,-0.284894953842486,-0.719819997200803,0.0611174469343932,-0.814283989637709,-0.0872628594124073,0.869853946437141,-0.698070511396257,0.452808603894749,1.91279886109022,-0.25255940284648,0.537808924224057,-0.153243488127353,0.148579770774678,0.489656228582991,0.759968092761443,-0.0861839628256727,-0.100075649335956,0.352872903950517,-4.45056916449767,1.30556681169743,0.657801178691339,0.228664205065035,-1.07991657238261,-0.619352194503971,0.16687918446827,0.467913586330488,0.327148779410203,-1.02638927890793,-0.917242680380801,0.490800988722441,-0.422204973631621,1.05031879322165,-0.758912317736647,-0.848362682825334,0.434073459728528,-0.686327843152894,-0.404424631846122,0.280365841584729,0.530216842481124,0.0423694691312168,0.55833742534962,0.12837801363877,-0.79850329866216,0.412209456162727,0.0397437080453976,-1.34409975837264,-1.17535497877588,-1.90419344017159,0.414136940431049,0.49177931224219,0.723485494309337,-0.736196121578849,0.121237322725659,1.40470846581909,0.185852459574788,0.460260568874707,0.277743822865605,-1.05346499930284,0.319217739704898,0.154451075744438,0.741953644205589,0.193197839313078,1.26698347040496,0.221725106356369,-0.332744859038946,0.340355948763682,1.24286534561025,0.302200203474822,1.20184994942361,0.194491693447452,-0.121372294466173,-2.49956815420241,0.771791441353561,0.0920014149046004,0.726948151923331,0.317609460069425,-2.56417170000177,0.374991971630074
0.900955861576334,0.77409730514677,-0.013779072725401,-0.82548236645393,0.871337061156552,0.064264531319323,-3.78093128673943,0.515504137352934,-0.0898435026216355,0.758004940058081,0.390625666133191,0.116243467363289,0.0218484643870112,-1.25694806420108,0.558235034006348,0.326973735183287,-1.79908411669677,0.507174549736093,0.0997007341144494,-0.422719986289973,0.351974353793556,0.665744538172794,0.273989702492249,0.871837528702124,0.149534477004913,0.870032456488136,0.091306057207402,0.421742147358689,0.739590860010849,0.197526813948945,-0.922085849340273,-0.287609279716521,0.429388167953716,0.367330750596192,0.585675693837015,0.456045504273392,0.581056569691259,1.02388949164173,0.987423900793986,0.195632841006647,0.22077009217355,-2.03196159388511,-4.23207075337407,-0.693457341847863,1.14444231925555,0.327997136646998,-1.05050181918827,-0.00718717304396505,0.72931481743086,-0.0839473902948469,0.78796347259516,0.0288047397308117,1.37558988646501,-1.33544700476461,-1.24525902754333,-0.48108353677271,-2.43998461086283,-0.595684165710436,-2.28845528885144,0.327916617446788,0.198309414871569,0.782504382587901,0.293641544959968,0.230367890308571,0.219570441922896,-0.755634088614573,0.0226128836520129,0.478529053128051,1.47683287652699,0.83860455158851,0.442914078177514,0.0423694691312168,0.84939690149008,-0.558649647441477,-0.893400452507742,0.337036753298293,0.189432740202247,-1.05044615023603,-1.02082052784669,0.768268111896528,0.485962939147557,0.42477624612266,0.0896697994839037,1.15201268612649,-0.792365972512938,0.22590573855739,-0.554490057548792,1.01721347371191,0.277743822865605,0.562695160642756,0.219349160109761,-1.82584010716442,0.638671129009376,0.659671017508959,0.746778744779406,1.47884924434096,0.82711815241073,0.313261041449811,-0.183315202390597,0.217339490923321,-0.274888398716937,-1.76034952065936,0.189646939390699,0.0546265433636661,-1.05044490914932,-0.0612713126910512,-1.17032105747382,1.36265550420036,-1.93263335171362,0.512698550171701
-0.328387798832631,0.600453133597597,-3.14421802936831,-0.086712708393912,0.385050844995055,0.146058706504724,-0.460088933528503,-0.202598769171772,-0.347629761849042,-0.613544232523235,-0.0110634192885928,0.849841538742818,-0.364432877347436,1.93050809741722,0.805547397940246,0.753522145096841,-0.826004394059192,0.236125095118006,1.38548375515319,-1.09088744717456,-0.574982744056197,-2.41195618382194,-0.590533333416579,0.931211249512129,0.414003149171203,0.676064459143769,0.469086561207207,-1.42096407295343,-0.334487948327774,0.57048756996008,0.737310431794691,0.895857302678651,-1.06351236712664,0.367330750596192,0.488276525254725,1.41321761605885,0.183442200208398,-1.82193614314921,-0.152743279646356,0.452808603894749,-0.854529961634602,-0.66405970590423,0.000619820627699619,0.524863759025517,0.535604052199237,0.369234898323995,0.275867292936225,-0.230642787915468,0.72931481743086,-0.0839473902948469,-0.0230632059251611,-1.23581197095626,-0.0213750468788175,0.00473111827410036,-1.07991657238261,0.751394768320991,-0.17289547659163,0.680793467326688,-0.548735546806314,-0.00210403490878362,0.198309414871569,-0.00277813172917147,-0.187667062853837,-0.580597745657265,-0.278557594784309,0.758037638687045,0.103584213215423,0.0663395961000464,0.066539251563574,-1.1807653052194,-1.12440954861636,-0.171185160223252,0.0838412962623624,0.033165860631043,0.288858824481439,-0.481858477804965,0.316340443395806,0.193122610269997,0.919908784704779,-0.0283065781095995,-0.793406281589464,2.93891374118603,-2.36512414649421,-1.27538476966188,-1.22804385738394,0.460612899527485,0.589038736479255,0.460260568874707,0.209971670360783,-1.11659703539639,-0.372265573674104,-1.39344654860152,0.0137013130779571,0.0600793999598105,-0.381104922526659,1.04218317115801,1.20240222432197,0.523609937810427,0.576475984863502,0.351870054523001,0.587439050666362,-0.339925082899645,0.645439983923532,0.33923469570339,1.68417041100758,0.570789462434828,1.92301350818715,-0.931296693054711,-0.0967427008762374,0.312624365990979
-0.193362677216746,0.348412187188624,0.647954769078093,-0.488499423578853,0.385050844995055,-0.00948830865904268,-0.122157775612171,0.0842933808010649,-1.25265475753588,0.00923931179234422,-0.696516918623996,-1.0864097819487,-0.649537013551015,-0.372670340101991,0.482174971869706,-0.0699970319666152,1.35616792613689,-0.560607164914073,-0.935610857806372,0.351555795106691,0.088993004237144,0.548726754548926,1.30188379758541,0.491828572868529,-0.0761673099996124,-0.725116553355388,-2.25888712119423,-0.528870734210269,-0.396445769437629,-1.9327483590698,-0.520678859693284,-0.00116888540624903,-0.736324164541109,-0.719819997200803,-0.215992682011943,-0.0244558501771044,0.379030689818338,-2.2927122257099,-0.0673941049281382,0.0443337393289163,1.91279886109022,-0.405258787263056,0.311883111924462,0.758306780128948,0.946028346472672,0.808489265438155,1.05880227272421,-0.301613213127134,1.11961294558315,-0.819133818088062,-0.125308903046619,0.172233317702021,0.539819515052164,0.470819030390797,0.831203194376833,0.751394768320991,0.279962134498468,0.467913586330488,0.0244440158239985,-0.0465003283873321,0.298347192851576,0.136884109105956,-0.466813687703153,-0.943889197620687,0.458853486472883,1.27118772411817,0.361629033555867,-1.28148178174041,-0.0732467292672677,0.0297672658213689,0.0417165412178066,-0.130130210754746,1.39521450590972,-0.273730405962525,-0.6196825510524,0.265958259857929,0.452703832044404,1.14025863310564,-1.50066905487057,0.233648840465078,0.350485704685501,-0.414557907109981,-0.0452467680330441,-0.479622824584716,0.71953537627626,0.616512591022488,0.0511439553207829,-0.774274592083467,0.188347706092378,1.60046846692256,1.84473558539914,1.19890852793917,0.166510755800564,0.366160167422847,0.192274658177391,1.7467627077489,1.00639136616946,0.313261041449811,0.695128297017108,0.260136832141723,0.246741794539259,-0.229019790949524,-1.12650430911077,-2.31686397736452,2.11744884108152,-0.418652050456716,-0.105533375802682,-2.33873986964972,-0.00372147205528611,0.124135069763147
-1.58944160249892,1.07041262817242,-2.31365620573507,0.12649929416024,-0.317855409709165,-0.554136749958911,-4.0255053553067,0.448167964703673,0.738515501471028,0.758004940058081,-2.53943737206842,1.10115885728815,2.45296935877129,-0.432480187648114,0.360300704027807,0.326973735183287,-1.28664591336249,1.06357175380518,0.0997007341144494,-0.422719986289973,1.12374664214004,0.785634594888348,1.06025593674349,0.244928651791614,-0.0761673099996124,0.834573481685238,-1.81969609466911,-0.880766771141594,-0.811893651048521,1.62631418183334,-0.351591355851559,1.21512485146924,1.00859862840905,0.997448927393789,0.585675693837015,-0.927456641893257,0.322809346449832,0.0483033070707128,1.12193077259337,0.626614506188194,-1.27198084594704,-0.920228281636136,0.482117585162224,-0.196583550154414,-1.09111907179316,1.38024050182767,-0.137693560176093,-0.00718717304396505,-0.343884076661901,0.352872903950517,0.450005077522234,-2.7723698678971,0.601988549176789,0.654625880533749,-0.035731277716377,0.553746955922294,0.049369863281352,0.247681780098836,0.432722148797015,1.19625353636629,0.413458241647584,0.664261528151414,1.07991310830113,0.574769142498748,0.0701007083610008,-0.620085201328403,0.125183048200326,1.16428543852141,0.251909456189132,0.231692421442624,-0.426703286669783,0.683740469126125,-0.774411320966541,-1.06447307253637,1.26408137994246,-0.481858477804965,0.452703832044404,-1.34409975837264,0.726148967506187,0.814575696804096,0.287121429728431,1.93920780395558,-1.64405656732384,1.44290398854657,1.46279380068251,0.335120532095586,-0.240922011522503,-0.299868275325809,-2.02908872280608,0.0962157703474718,-0.766474146456713,-1.95821448619579,0.535459927747184,0.552804342208331,-0.198112177375937,0.0803979831596145,-0.332744859038946,0.419990071373139,-0.53221451134672,0.885547787118974,-1.85423782744372,-1.8958087828856,0.586786352582569,-1.70566973336197,-0.0578173804619865,0.731610886664414,0.154148222413288,0.317609460069425,0.565269837850574,-0.169792183002218
0.631459211065846,2.59351955765867,0.78008504450844,0.8674065230957,1.19434327351285,0.393310607470023,-0.709434535662434,-0.540171470443433,0.738515501471028,0.430903445759752,0.36076909233594,1.88412977458794,-0.411527664979208,-0.737639083523766,0.409246271897368,0.326973735183287,0.551821441481417,0.131116556418747,-0.37434277436055,0.664960055253147,-0.158203563842703,0.256030819665323,-0.0485288446683878,0.450957528582374,-0.39778535938293,1.36870038482111,-2.45563324536951,-0.306644032049066,-0.97862937726582,-0.445972431609068,-0.922085849340273,-0.0733388224922474,0.859062521292833,0.997448927393789,0.191831133263851,0.858938062520851,0.612291713769697,-1.82193614314921,1.34759283884647,0.0259589719797858,0.90064711542394,0.456023939852228,0.736762391151303,0.524863759025517,0.00159311463675554,0.808489265438155,-0.137693560176093,0.722952075830593,0.296651245779414,0.926394770611402,0.531744269660493,0.172233317702021,-0.281397141574207,-2.10396376361085,0.698794175915616,-0.48108353677271,0.279962134498468,-0.735254212370134,-0.0646694017506266,0.280228806896855,0.198309414871569,-3.16682163236259,0.439268207530437,-0.0542612996788911,-0.61076896225424,0.0434339106525742,0.408577566746867,0.318657103059116,0.066539251563574,-0.934820853740003,-0.734156730875096,0.0877092835192803,-0.122092157292625,0.171784671359839,0.288858824481439,-2.85425241205592,0.452703832044404,-0.188800735617395,1.1666647837903,-0.13886157815521,-0.0881330012720329,-0.0500283802805251,-0.388924437179682,1.00002575135815,0.97980811361901,0.130583370715689,-0.63267291983184,0.865981802259227,0.543269446856288,0.720461223880495,0.740571508200812,-2.59057941530927,0.376919287768136,0.366160167422847,0.134709386750298,0.0803979831596145,0.023092887467298,0.576500718807058,-0.384079059386505,0.260136832141723,0.440728316012508,0.411621519652979,-0.38878489190784,0.134766696291365,-0.334012303946926,0.0266856893730403,-0.0668385342518672,-1.31537250812814,0.189036756630502,-0.129102292410126
-2.20690442041202,-1.02386040656152,0.265301010521051,-0.40577670137996,-0.608687575989985,0.22311814647297,0.428981751774131,0.947106163209833,0.992200709024405,0.00923931179234422,-0.220594797437086,1.10115885728815,0.5676274518178,-0.559658423602394,0.185216737553851,0.326973735183287,-1.28664591336249,0.746736759449524,0.202687809845561,-0.708990077251133,0.00199532093468337,0.234023304415173,0.166209829200152,0.127377783953806,1.46533903437551,-1.83489590435516,-2.84890436703062,-0.603805902362413,-2.27301324175227,0.906778023642419,-1.21998509909408,-1.27984198543218,-0.0491089794764972,0.997448927393789,0.954005669619446,-0.557113880550214,0.293513114250599,0.179958938737556,-0.555728800582011,0.820974669846767,0.662530461888945,1.1740482356714,-0.495346690351002,0.0783642770583618,-0.437337168083324,0.75867233570823,-1.12508255075639,-0.0483438903613928,-0.632398299927558,-0.0839473902948469,0.115543140409763,-0.507533188568746,-0.489005168033605,0.470819030390797,-1.07991657238261,-1.25579476904787,0.049369863281352,0.152319701390736,0.0244440158239985,0.955913582075044,0.466930248014232,0.350665405302878,1.28946222246638,0.574769142498748,-1.411916759241,-0.721452789880269,0.658839419634558,0.246915593609955,0.638857366644511,0.807667575197906,-1.26480981566059,0.844739916611451,-0.774411320966541,1.73096652163914,0.288858824481439,1.38117106530877,0.452703832044404,-0.548489402161923,0.53601944250532,0.486916737953888,0.0730872551553316,0.116086865229151,0.213251934108857,0.583427934754856,1.18009404671805,-0.031193095846009,0.0937724967968621,-0.167647072577024,-2.40696954385112,-0.34491055627617,-0.372265573674104,-0.556083431353878,0.0137013130779571,0.472326561842096,0.555245747655411,-0.700063959380093,-1.25928536423631,0.745212495255674,1.49105634896057,0.743438390497619,0.109381743719605,0.62983178179852,0.645439983923532,-2.31686397736452,-0.474281836162509,0.112988661905318,0.689599160663861,-0.53710645642896,0.61763081683156,-1.03785022902043
1.33152287970663,1.1916674320222,-0.174315066899905,-0.40577670137996,0.0146731830798018,-0.914194227002184,-0.397679591226105,0.213665397289101,0.00420438194199789,0.673360693108657,-0.0110634192885928,-0.851304755113667,-0.213563660926315,-0.737639083523766,0.77386927017236,0.753522145096841,0.326409417947665,0.685339986118193,-0.135857399113845,0.239784761629477,0.685292430018278,0.350532454978035,0.839261020670655,0.711780206510221,0.185318097615854,-1.91168614499881,-2.35815417955335,0.997325711446085,-0.823717540823907,0.332833056829226,-1.00796086434622,-0.923949685998441,0.429388167953716,-0.127488091919065,-0.275591309644149,1.87624850240135,0.881672937047303,-0.166435812108969,0.703722790152478,0.452808603894749,0.662530461888945,0.430970315074141,-0.104019831706868,-4.33233620550473,0.773972518065725,0.577893864530658,-0.690156336442924,0.395425423785261,1.27212834462184,0.119946639097128,1.0081501922265,1.45924643922202,0.601988549176789,0.00473111827410036,-0.440427133814197,-0.48108353677271,-0.622182316946924,0.20020498180641,-2.48516824346304,-0.39728346699894,0.3559407800603,0.405350384097304,-0.234354479133531,-1.6700637914148,1.01853084166105,-0.584040490339324,-2.54513129436347,-0.442908654417291,0.638857366644511,0.807667575197906,0.0417165412178066,0.240122473106936,1.05071705673358,-0.395119052445024,0.05188900763362,-0.723306337123436,0.316340443395806,-0.296937823693273,-0.866286076917501,0.201442348304737,0.350485704685501,-0.414557907109981,0.352624220909551,1.95991860971633,0.321160932684757,0.460612899527485,-0.280356294065404,1.89413692379907,0.543269446856288,1.52188401348824,0.740571508200812,-2.51781461895629,0.192209120492364,0.526787649936783,1.00882542766699,0.521402542894057,-0.416659291001562,0.261376442953965,-0.183315202390597,0.57332374969032,0.635568291339273,0.0407916297150105,-0.38878489190784,0.20317024854613,-2.00733155360916,0.00652223737912349,0.115785910477016,0.72138486964129,0.363635120085996,0.512698550171701
0.900955861576334,0.655876838274059,-0.013779072725401,-1.14828831386157,0.871337061156552,-0.627733021419256,-0.460088933528503,0.213665397289101,-1.81063593793082,0.368744580281366,-3.05349904000067,-0.851304755113667,-0.248219690661486,0.120346310231377,0.926811538530652,0.326973735183287,0.551821441481417,-0.33070468555018,0.97346383435273,0.910839282308588,0.00199532093468337,-2.3452718431028,-0.151882565262631,0.762061728469928,0.296982015133604,0.283435903785448,0.83096882449212,0.0728546278356824,-0.427524502365669,-0.370125665458009,-0.22073315403058,-0.992245049311365,-0.0491089794764972,-1.32601623921311,-0.570878182767092,1.87624850240135,0.612291713769697,-0.883439778601221,0.0755099496990596,0.115593828109807,0.785229930942606,1.20465120499113,0.537808924224057,0.524863759025517,1.35548123152127,0.405654032534241,0.80746171548574,-0.00718717304396505,1.27212834462184,-0.819133818088062,-4.35163550713253,-0.570511396085325,1.37558988646501,-2.03083954355871,0.953225557412626,0.710480770341524,-0.00657874260524387,1.27282833259747,-0.688338413248065,0.377258368894166,-0.0936945741623155,0.0788751781662283,-0.376179634050679,-1.31169521245885,0.615678132834126,0.758037638687045,-0.363073417144605,0.0663395961000464,0.488694881684167,0.332374134699257,0.365257438582955,-0.431167107336455,1.16030981013297,-1.23097252827747,-0.893400452507742,0.302838354790688,0.452703832044404,0.619691151039453,-0.866286076917501,0.660249427498834,-2.75823818469888,2.33792252003905,0.281630858816782,-1.14135341680331,-1.3471483069425,0.616512591022488,0.0937724967968621,-1.4858914202971,0.300711054551148,1.03675818940242,0.219349160109761,-0.163409263606414,0.376919287768136,0.552804342208331,0.0138080183742826,0.696806839980222,0.82711815241073,-0.640139296520414,-0.000852159229504287,0.177319392927648,-0.428281518065061,1.56549017512302,-0.313486674771081,-1.70566973336197,1.68417041100758,0.0480685315141544,-0.28787325254268,-0.53710645642896,0.209213259180389,0.190878008083418
-0.604301363499689,0.414107576339251,0.579036681696208,-0.086712708393912,2.30158014425336,1.28823164377953,-0.460088933528503,-0.134567597311065,0.387966498143473,0.244325329476602,0.567780839995834,0.63112250730534,-0.364432877347436,1.29110991730428,0.31167671557888,-0.538228419296984,0.169686517934427,2.60603745228401,0.97346383435273,0.408076839845084,0.685292430018278,0.918299013960174,-2.3797049643537,1.18171915046054,0.892495280242523,0.283435903785448,-0.0348514052125741,-0.670212442318928,-2.30803629548672,-1.87400036033041,-0.134605330166708,-0.500868665105633,-0.845664552335221,-0.127488091919065,-0.811831140246266,1.10613001832032,-0.239993763156361,-0.287067666665371,-0.152743279646356,-0.111701322574703,1.74324812459426,-0.453282197687154,0.992670150728692,1.19403825433754,0.535604052199237,-1.03645109215133,1.38006598209834,-0.0483438903613928,0.398804723872355,0.119946639097128,0.915115881079253,0.400680937970726,0.139286051944608,-1.46847525065701,0.0996816413553434,-0.00164369548604901,1.14288099436368,1.38309121120195,0.600281919214839,-0.529452713207155,-0.277532807202318,0.108973943298328,-0.376179634050679,1.05031879322165,-0.367658207605621,-0.352549848242359,0.260735081589242,-0.847009602501171,-0.795277891968136,1.08562404564391,-0.426703286669783,-0.54996247479447,0.229643220815713,-1.14322260923279,-0.71432126344013,-2.49556156854212,-0.218516645708212,0.0809116997572129,-0.516042324943845,0.768268111896528,1.39713350558758,0.00600772892464806,0.0275414685334742,-1.6546588170198,-0.687100016776663,1.67740305671349,0.720116262131365,2.92648736139936,0.252450481682783,1.35321365496467,-0.269954191798191,0.590609782382824,0.433554851407883,0.164850681089654,0.0138080183742826,0.696806839980222,2.03557676000999,0.0353569397199814,0.407124933439379,-0.421512949402615,-0.611573859253962,-0.878366764008359,-2.70282661484455,0.611095956171917,2.11744884108152,-0.1092854747616,0.921815507354282,0.0224717394674205,-2.50408094905846,-0.0337507276704891
0.552493551377685,0.348412187188624,0.110101148503241,0.654412862587069,-0.462013772726153,0.146058706504724,0.728033288320677,0.551630035649727,0.387966498143473,0.758004940058081,-2.89104027935526,0.116243467363289,0.497370765910516,-0.855862120615401,-2.49529514860027,0.326973735183287,1.03026658614235,-1.24300709806384,0.381246342014514,0.910839282308588,-0.820231342618385,0.946276954034161,-0.0485288446683878,-1.0014002848956,0.334493076279273,-0.159503158251437,1.33823972676585,-0.603805902362413,-2.22291496252312,0.197526813948945,-0.686155004395398,0.457787073164242,1.34839995154814,0.997448927393789,0.876355076657441,-1.15144920765883,-0.0306156340050371,-1.937753184814,0.372280112073803,0.980626188624367,-0.642072992727885,-0.29304725448824,1.20094209104958,-0.565776357118815,-0.795609205108475,0.854802352110852,0.45100967175982,-0.0483438903613928,-1.38160667472595,-0.0839473902948469,0.78796347259516,-1.30239843505997,0.539819515052164,0.71602802431632,0.340732822023507,-0.619352194503971,1.07165545261205,-0.353322396618914,0.787689767050182,0.881962376272587,0.964733439681729,0.57570841031577,0.591881491919266,0.0343243262657254,-0.0158445299433329,-0.785925096643762,0.841413779289517,-0.321298368954176,0.71228390125322,-1.53632959982002,0.119943132657722,0.683740469126125,-1.60147364405529,0.882853169869438,0.288858824481439,0.983233671823933,0.452703832044404,-0.0289766419760774,-0.0146381613693576,0.0310556020494127,1.46567113597511,0.49177931224219,-1.00006789748243,0.583427934754856,0.578185497042061,-0.450831277231902,-0.554490057548792,0.0815057562198552,0.79478383312951,-1.11659703539639,-2.22888856544015,-1.1814858059447,0.996468483902992,0.987347921114492,-2.6608151931666,-0.457294635120321,0.281132514988678,0.773708986069034,-0.0272113597818916,0.4496714836222,-0.658416249572354,0.541717016000965,-0.121372294466173,0.20317024854613,-0.474281836162509,0.312416362608885,-0.235290040928244,0.0224717394674205,0.146954481687487,0.40986764962848
0.188908750199119,0.215277610678241,-0.013779072725401,0.12649929416024,-0.608687575989985,1.19862637083863,2.15912884613794,0.213665397289101,0.86847440199958,0.524619750391201,0.446253438924356,0.63112250730534,0.332130679493126,-1.31256890287048,0.0097179903266744,0.326973735183287,-0.231459217383863,1.57801014427071,-0.37434277436055,0.0394251624786782,0.170954742204751,0.548726754548926,-1.11448030017813,-0.785826303925388,1.39122205866063,-0.159503158251437,-2.02373070195387,-2.61385248865566,-2.30803629548672,0.547517160760628,-1.67220840053733,0.993421934817605,-0.736324164541109,0.367330750596192,0.693560454294474,-0.68921158902845,0.210545115169891,0.761068021627823,-0.410776212084889,0.473435931592095,0.555253305759488,-0.453282197687154,-0.161141387163702,0.601966472172981,-1.48813953273067,0.622144915579953,-1.23122333460069,-0.122755631928192,-1.71882114290752,0.119946639097128,0.450005077522234,-0.570511396085325,-0.124023113313551,1.67312128571306,-1.41060148270405,-1.56776551355635,-0.866148179546054,-0.100473915217253,-3.31675360251709,0.377258368894166,0.684391728490584,0.292623833331227,0.903392791564835,-0.0542612996788911,-1.11103782787166,-2.01124038054823,0.608827381529933,-0.442908654417291,0.406723853561258,1.63595597086842,-1.67462937449296,0.491013148974912,-1.8335119854746,1.65802078466423,0.681270209919537,1.33603999626924,0.452703832044404,-2.34458144213358,1.03395486472995,-0.0854826566602569,-0.36911614566181,-0.154475807249207,1.01304956916691,0.730258878746979,2.70325167396403,-0.113353582366815,1.25608313470448,-0.656319605970571,0.252450481682783,-0.34491055627617,-0.372265573674104,0.509908371642548,-2.62105886610804,0.139729810053568,1.00882542766699,-1.67578179385926,-0.669745183369127,0.576500718807058,0.855964694840946,0.743438390497619,2.21903972753327,0.266090826731365,0.555217277936777,-1.37329263389167,-1.25693880421473,-2.6047223909179,0.689599160663861,-0.53710645642896,0.751368775002434,0.604844456858963
-2.43548602489553,-0.490647087024665,-0.0955527899038466,1.30877115825841,0.611331323524278,-1.2395814834014,-0.615999637196983,-0.298359374797503,-2.28169326795743,0.480061007264485,0.2459024517786,-0.966366134864232,-0.328436223922829,-0.231894032895758,0.506708035950366,0.326973735183287,0.0320722531080381,0.801856087127368,1.09020437035035,1.15109499644414,0.170954742204751,0.891182213944476,-0.151882565262631,1.47488175221413,0.948895563670443,0.834573481685238,0.256800699233287,-0.528870734210269,-2.35975840166681,-0.966221086691303,0.312171760126572,0.375375310293003,-0.284894953842486,-0.94971776683984,-0.186301165962166,1.10613001832032,-0.171649263715274,0.672990155111691,-0.410776212084889,0.387487670118385,0.444746926165228,-0.826173870411025,0.634663267472269,0.879027505064124,0.694319043018871,0.134625512881872,-1.51822055102423,0.451165806532341,-0.100075649335956,-0.275364440039861,0.222811725197329,-1.50565356520833,-0.546449778226149,0.71602802431632,-0.035731277716377,0.990649475842395,0.870105599392954,1.48806691829519,0.116964644778349,-0.309500978379363,0.856036338518347,0.229974042279169,-0.0473750346873127,-1.31169521245885,-1.87416013699686,0.717744323282068,-0.0562912420598296,-1.84245787805662,-0.714986722959776,0.93626779094497,-0.734156730875096,-0.275551700033683,0.0181540980253594,-0.517877630360511,0.681270209919537,0.983233671823933,0.189432740202247,0.776793143678704,-1.74368876024601,0.274300162291465,-4.96407371797187,-0.94677289018921,0.402508315313132,-1.14135341680331,-1.40195794128233,-0.182931947924634,0.869986290982538,-0.656319605970571,0.231946623021987,0.0962157703474718,0.120114585322708,-0.492249292382271,0.461469554074334,0.420823992234116,1.26698347040496,-0.0559069300933451,0.456453546822108,0.605847419922423,0.237816043226664,0.0597930473995155,0.294810937948259,-0.878366764008359,1.02218354260005,-1.70566973336197,1.17311373580097,-0.813352606046028,1.97022985108664,-2.84368362552017,0.317248870854454,0.221847656137568
0.858113653071349,-0.0228307782727667,0.46116459957454,-1.14828831386157,-0.147628340611428,0.626879914671431,1.46547367987338,0.90495994094377,0.504127899419789,0.430903445759752,-2.98665560950424,0.849841538742818,0.671898651116107,-0.231894032895758,-2.59414725832551,0.753522145096841,-3.02325934339906,-1.17543400161711,0.55979048266581,1.35179844212411,-0.0764494607450776,0.665744538172794,1.30188379758541,-1.03129513862612,-1.35899347973041,0.225936121028047,0.83096882449212,-0.386344208938537,-2.27301324175227,0.696358068410875,-0.645409582073406,0.303322027417139,0.187637689066802,0.997448927393789,0.876355076657441,-0.161509701463328,0.581056569691259,-2.05357022647878,-0.2851698517576,0.626614506188194,-0.531993889371421,0.212902334272823,0.891335634141648,0.445734113199329,0.304765374001644,0.903408393496725,-0.266164171003006,-0.440810097431731,0.0877589892563166,-0.0839473902948469,0.569008684164955,0.773103417350984,0.793559822220161,0.983247469989968,-1.07991657238261,-1.25579476904787,-0.395406640914414,-0.408895446161704,-0.147864651257785,0.676060591631102,-1.13533805154436,0.952195567257326,1.07991310830113,0.694884862462961,1.09347595863194,-1.44872740508172,0.511143837811497,0.873580247636732,0.97163600993331,-0.65611113255712,0.119943132657722,0.57696371832223,0.302765739103129,1.03640683869709,0.814894224426917,1.89914245902617,0.316340443395806,-1.34409975837264,1.51320009134571,-0.0283065781095995,0.148667582104305,0.80739432430923,1.49437084586267,0.730258878746979,-0.74075723142523,-0.319922918395546,-1.98076383392929,0.865981802259227,-0.220359871784364,0.482050642961986,0.319217739704898,-0.163409263606414,0.405357977294746,0.924071493230541,-0.239215478125515,0.521402542894057,-0.332744859038946,0.714918009140764,-1.41092034897916,0.743438390497619,0.341876379205735,-0.00742735374701105,0.801229351775839,-0.187658150475239,-0.935951995131237,0.244773344844097,0.542450994844922,0.416338069900617,-2.44399019811516,-0.0777431493744725
0.955031679489653,1.31157048667299,-1.00775871187457,0.920747292633182,0.0146731830798018,0.064264531319323,-0.615999637196983,0.703223042560317,0.387966498143473,0.430903445759752,0.683522858032867,1.88412977458794,1.03016104827646,-0.372670340101991,-0.0401159069985442,0.326973735183287,-0.515942024722534,-2.07533178715997,-0.606708917330074,-0.0837449920961149,-0.414235577582633,0.596654279423818,0.491368064584563,-0.261137914666573,-0.859183905841005,0.751038353001922,1.17285344339286,-1.32042971798651,-2.27301324175227,0.864624334719915,-0.520678859693284,-1.60366481331597,0.0613261975951968,0.997448927393789,0.53534299227364,0.858938062520851,0.379030689818338,-0.166435812108969,0.87896793614714,0.195632841006647,0.326209902598418,-1.11238958452018,0.0966146890195229,0.205748744613248,1.14444231925555,1.33225193159616,-0.266164171003006,-0.440810097431731,0.398804723872355,0.119946639097128,0.450005077522234,0.773103417350984,1.17618186467753,0.291231802623415,-2.01868403137863,-1.25579476904787,-0.74597512260382,-1.18600679630843,-0.306692720155911,1.02859653250238,0.684391728490584,0.490800988722441,0.958109642389573,0.230367890308571,-0.102658532372362,-0.994659500434836,0.511143837811497,0.318657103059116,0.675362711711693,-0.934820853740003,0.365257438582955,0.57696371832223,0.382297373656274,0.985015684950983,0.41702714314694,-0.239743377436388,0.452703832044404,-1.05044615023603,1.54497812707597,0.791690327377857,0.21928407832838,-0.208141669990503,-2.19918092877457,0.730258878746979,-0.636629864504592,-0.031193095846009,-1.72768662716423,1.3473860123927,0.107282169989699,0.409334435552831,0.740571508200812,-0.655127578360473,0.461469554074334,0.687455131822518,-0.217866002524903,0.372859796619264,0.456453546822108,0.773708986069034,-0.833359603858302,0.507298306596989,-0.567820174321936,-2.39398944275329,1.35998147737129,0.901003979754426,-0.935951995131237,0.412483898287734,-0.694868063256686,0.20194111201723,-0.0967427008762374,-3.08082908854154
0.0632891134657229,1.07041262817242,0.321299790974471,-0.82548236645393,-0.608687575989985,0.466675706742454,0.184968957132473,0.248098768430758,-0.17207034250768,0.875024231893358,-2.79542494920627,0.440225145389144,-0.117936903099282,1.13537850172239,0.130458587111392,0.326973735183287,0.551821441481417,-0.225137604063531,-0.135857399113845,1.01798608122996,0.170954742204751,0.738046877406375,0.839261020670655,0.324158250641276,-0.621792873953286,0.751038353001922,0.717147956542188,0.138929700634319,-2.17281668329396,-1.64718171490693,2.85114440900754,0.615516848245836,0.0613261975951968,0.367330750596192,0.309207629545625,-1.04552977778325,-0.804471795243869,0.838922813093669,0.502898796744546,0.260693421154715,-1.37366299089054,0.186114431642273,0.150898825309346,-0.769974601814146,-0.58342559743878,0.75867233570823,1.92588565499948,0.180806827421941,-0.774140952839553,-1.13690608568285,0.405699725498669,-0.934396766208933,0.793559822220161,0.682561185136163,-0.440427133814197,1.14953030777506,-0.561085067287768,-4.24831453840445,-2.89927327118048,-0.529452713207155,-1.23100730447396,-0.171814670647523,0.152068796312673,-0.0542612996788911,-0.449313301718551,1.8056603685296,0.125183048200326,-0.847009602501171,0.107619309036348,-0.0575034237978286,-0.734156730875096,-0.208014171399226,-0.520566975697472,-0.187804562005594,0.681270209919537,-0.868111680826448,0.452703832044404,1.14025863310564,1.2092987619749,-1.90419344017159,-2.75823818469888,-0.313167875210336,0.352624220909551,1.15201268612649,-2.28138327817739,0.616512591022488,-0.904377730148276,-0.0503553573269618,0.324407649702181,0.960847856306351,0.120114585322708,2.12991295105215,0.376919287768136,0.579853698814177,-0.280420799894584,-0.910582788328787,-1.25928536423631,0.445137279901721,0.434547745691443,0.57332374969032,-0.611573859253962,1.08503601747686,1.49787845873916,-2.05551712460408,1.68417041100758,0.0480685315141544,-0.621749852603271,0.20194111201723,0.317248870854454,0.546339154446886
-0.193362677216746,0.77409730514677,1.00175989702212,0.8674065230957,-0.608687575989985,-0.554136749958911,-0.251431263783763,0.0480793808812596,0.387966498143473,0.908938518029037,0.332320980730954,-0.851304755113667,-0.149174634176713,-0.432480187648114,-2.26411639196547,-0.0699970319666152,0.551821441481417,0.801856087127368,0.0997007341144494,0.736203146655058,1.20852196957692,-1.96012281922748,0.166209829200152,0.531505281264536,0.11086037062938,0.715390954283278,0.256800699233287,-2.00283459638585,-2.10575349845391,-1.53468929981613,0.156137272035816,-0.785743127241946,0.306452520343007,-1.49091229453417,-0.481327005016285,0.858938062520851,0.641435848426451,0.798455296882148,0.654893455978745,0.473435931592095,1.4374545976278,0.430970315074141,-1.69993045148231,0.800028687328962,1.35548123152127,0.0972630136053224,0.581920444337015,0.234531525863372,1.27212834462184,0.926394770611402,-3.78022397105556,0.543620305054206,0.856623160857315,0.744813452433694,0.488520265578915,-0.00164369548604901,0.107156311616164,0.42821451020627,-0.306692720155911,-0.569764876716682,-1.96088680407168,0.721992229585326,-0.284574058590939,0.230367890308571,1.09347595863194,0.555785160022249,-2.219299075333,0.547598692891188,0.0187782917005832,1.20932138946123,0.780983283387331,-0.491930265987417,1.16030981013297,-0.273730405962525,-0.6196825510524,-0.723306337123436,0.452703832044404,0.193122610269997,-0.0146381613693576,0.660249427498834,-0.0881330012720329,0.869712014120474,0.513903694954595,-0.479622824584716,0.71953537627626,0.616512591022488,-0.033796325879134,-0.774274592083467,-0.504991382606911,1.35321365496467,0.429691070835187,0.397267563108683,-2.20097223120645,0.552804342208331,0.862043541017154,0.86404454682653,0.368564590834327,-2.49220852396275,0.175623203550449,0.177319392927648,-0.474271747607813,0.868685157610212,0.134063557275968,1.28481516077836,2.11744884108152,0.0480685315141544,0.0399325607180781,0.0224717394674205,0.412360191157889,0.124135069763147
-0.193362677216746,0.154011574996388,0.647954769078093,-1.91951452694538,0.385050844995055,-0.327070751857572,0.965836834549366,-0.370207928503798,-0.683750900169861,-0.470533229504553,0.504923237471322,-0.187636379705822,0.497370765910516,-1.56908135033531,0.482174971869706,0.326973735183287,-0.898326511517319,2.17500600896355,-0.37434277436055,-0.565755632861501,-0.0764494607450776,0.525399656040364,0.0586101884023861,-0.486467036585806,1.7584888473298,-1.91168614499881,0.220655422714582,-0.807093461846556,-2.30803629548672,0.615809836945963,-0.563378926052105,-0.992245049311365,-0.393438697494904,0.367330750596192,0.808581855231521,-0.68921158902845,0.405986221081054,1.05073138757872,0.372280112073803,0.240057184893967,0.90064711542394,1.91466100380644,0.150898825309346,-0.153243488127353,-0.437337168083324,-0.458589671727566,-0.820427587684347,0.516985935082937,0.296651245779414,1.30734557632398,-0.19667943037847,-3.66795668628212,0.856623160857315,0.983247469989968,-1.41060148270405,-2.00934354178972,-1.54360137973798,0.152319701390736,-3.31675360251709,0.185207586426701,-1.96088680407168,-0.171814670647523,0.00220265316509935,-0.0542612996788911,-1.52430888918031,-0.125472196915095,0.103584213215423,1.16428543852141,-0.795277891968136,1.63595597086842,0.198578500577778,0.0423694691312168,0.647281982439031,1.19608927633556,-0.893400452507742,1.09232797769975,0.189432740202247,0.255185836135501,0.345874592149019,0.233648840465078,-0.793406281589464,-0.0990116008590359,1.40680982037552,-0.353459696161215,-1.00256375315333,-0.571781554987692,1.13889902408832,-1.00502508206036,0.300711054551148,-0.280131408208002,0.95431985465536,0.665810553557727,0.0778400279094227,-0.262653409534767,1.26698347040496,0.521402542894057,1.51953535674611,0.368849121691556,1.38416048126088,0.39922734352154,1.20184994942361,1.05606525260172,-0.050635436931094,0.0546265433636661,-1.780223599535,-0.359874667529941,-0.934842647386115,-1.31537250812814,-2.50408094905846,0.69850440091501
-0.124611779189733,0.0328709607226925,1.13279523699803,1.21241403745649,0.385050844995055,-0.627733021419256,0.428981751774131,0.380072665293981,1.39250810994538,1.15270163448752,-1.47848504794651,-2.19394519150687,-1.60463048352964,-0.432480187648114,1.35767811859886,-0.538228419296984,-0.00730105050068718,0.131116556418747,0.97346383435273,-0.238759414274519,1.47892918505577,-0.774006441199849,-0.263584866939357,0.931211249512129,0.531517182158583,0.834573481685238,-1.30136567475505,0.421742147358689,-1.48279738619455,-0.48973687575857,0.156137272035816,-0.56605498766281,1.00859862840905,-1.49091229453417,-0.511400563177376,1.41321761605885,0.773954065954963,1.23444402830234,0.917266199889014,-1.0734999871619,1.14995449688661,-1.06091415119401,0.685423714779528,1.48185551505609,1.82292276289066,-0.0549110999573789,0.495291528532268,0.910979875579382,1.11961294558315,0.619746194045787,-2.02048802595236,1.38216194419624,1.63772450069144,-0.307832976049853,0.894369153059493,0.751394768320991,0.730884639927369,1.48806691829519,-0.768890850240993,-0.264018744083322,-2.99019233589148,-1.19057549025395,-0.234354479133531,0.885525386467015,1.09347595863194,-0.0252859843251474,-1.21585649201171,0.808435945291497,0.146001383320961,0.781843987428027,-0.114140707394262,-0.399055352055012,0.84939690149008,-1.06447307253637,0.681270209919537,-0.290231229123829,0.189432740202247,0.193122610269997,0.172924218836795,1.01037395635209,0.552566187642237,-0.0990116008590359,0.834626298009365,-1.39623925467937,0.446252865089153,1.40470846581909,-0.201235785291738,-0.774274592083467,0.543269446856288,-0.127658703074121,1.41966460573101,-0.803277056569319,-0.907260948145808,0.687455131822518,1.26698347040496,0.86404454682653,-0.242409635648556,-1.44076479621961,0.112335882647209,0.0250590851510921,-0.032281333916958,-0.713956423845662,0.233604362099709,-0.255711079210505,-0.713931688173017,-0.0375741904581963,0.96000868139431,1.21922353400023,1.13395769666358,0.546339154446886
0.810849786278848,0.414107576339251,0.110101148503241,0.0629643894486045,0.0146731830798018,0.466675706742454,0.0436531861561622,0.380072665293981,-0.256772349058994,-2.57045845295806,-2.89104027935526,0.849841538742818,0.861643159558294,0.050228897334064,0.360300704027807,0.753522145096841,0.169686517934427,0.507174549736093,-0.37434277436055,-0.494185002812022,0.855944678028041,0.210462211883492,1.69282234615357,0.993919988007772,-0.859183905841005,0.461095902704907,1.06316729078845,0.209000681116338,-2.22291496252312,0.437188092238014,-0.134605330166708,-0.426933439200751,0.187637689066802,0.997448927393789,0.191831133263851,-0.161509701463328,-1.05458607985317,-1.937753184814,0.987423900793986,0.742951184049879,-1.17441468891517,-1.00943871786783,0.150898825309346,0.638933653498836,0.222735388614662,1.08948307575908,-0.570615131609357,-0.00718717304396505,0.504722088396298,0.352872903950517,0.0130400352935277,0.473627012280113,0.413205831423587,0.682561185136163,-0.705177078969831,-0.00164369548604901,-0.74597512260382,-0.891252757336178,-0.548735546806314,0.609731692384585,-1.23100730447396,0.604271091614942,0.591881491919266,-0.146381735850421,0.535739907287848,-0.656440034747936,0.434073459728528,0.675926343700556,0.327149689473485,0.280365841584729,0.442914078177514,0.683740469126125,1.39521450590972,0.0800278461485664,0.681270209919537,0.805883658038209,0.316340443395806,-0.950659065189372,0.599626143485276,1.06210357865007,-0.36911614566181,0.181631758436135,-2.08049525218368,1.00002575135815,-0.00428273760841776,-0.450831277231902,-0.358749270119654,0.204433545604692,0.148042134190016,-0.414337425422163,0.0213958695093279,0.00532639762485345,0.433554851407883,0.307156300260098,-0.115762309061689,0.521402542894057,-0.242409635648556,0.368849121691556,-0.183315202390597,0.885547787118974,1.03230090299404,-0.0591770036034214,0.233604362099709,-0.4574183345436,-0.0578173804619865,-0.0141142098047919,0.395329545735402,-0.34419972237834,0.512186572064328,-2.95544757576125
1.12535036321767,1.25533896480163,-0.0955527899038466,-0.00609224350436449,-0.462013772726153,0.706692252638666,-0.460088933528503,0.551630035649727,0.738515501471028,-2.57045845295806,-2.89104027935526,1.10115885728815,1.97223172605321,-0.432480187648114,0.157954940216351,0.326973735183287,-1.96492903025679,0.39421178849729,-0.135857399113845,-0.565755632861501,-0.0764494607450776,0.713595955170397,0.611981481536697,-1.0014002848956,1.0084638470172,1.0313651169186,0.717147956542188,1.47862839512966,-2.22291496252312,1.30870501916661,-0.732475323531231,-0.0733388224922474,0.306452520343007,0.997448927393789,0.954005669619446,-0.927456641893257,0.237026821049342,0.30055409095814,0.703722790152478,1.21129897818199,-0.531993889371421,-2.52113444124813,0.000619820627699619,0.445734113199329,-0.437337168083324,1.33225193159616,-0.883956770986043,0.0358907084326195,-0.632398299927558,0.352872903950517,0.115543140409763,-0.113102708215453,-0.124023113313551,0.983247469989968,-0.705177078969831,-1.25579476904787,-0.116637205035684,-1.63217463852945,-0.147864651257785,1.19625353636629,0.3559407800603,0.633772021638897,1.21590770972657,0.495100434812749,-1.00854907968617,-1.88687150592002,0.336430786788878,0.478529053128051,0.569202716043635,1.11205422260992,-0.507527361180707,0.683740469126125,-1.16294644315356,-1.56391498764538,0.681270209919537,0.302838354790688,0.452703832044404,-1.24634722800184,0.868837677082137,1.25245382092974,0.414136940431049,-0.51822071314966,0.0896697994839037,1.15201268612649,1.11306259602293,-0.253724396504562,-0.319585582244558,0.204433545604692,0.493695905820507,0.177904407694378,0.319217739704898,-0.857483343325859,0.319287040884654,0.219483764423909,-0.0514202343605303,-0.700063959380093,-1.85410413765142,0.714918009140764,-0.53221451134672,0.885547787118974,0.635568291339273,-2.2874783385993,-0.616431144368254,1.1553556557173,-0.474281836162509,0.0920014149046004,-0.235290040928244,0.317609460069425,0.669275792462305,-2.95544757576125
0.0632891134657229,-0.342482108236467,1.06555040035783,-0.221049903098953,1.19434327351285,-1.49314121745709,0.638299022840733,-0.202598769171772,-0.683750900169861,0.629037477205874,-2.79542494920627,-1.93011008374863,-0.285311789507995,0.050228897334064,1.01562885976944,-0.538228419296984,-0.270648073279221,0.801856087127368,0.0997007341144494,0.736203146655058,0.685292430018278,1.14615109859884,-0.479174672002457,1.11552239012294,1.64701983977674,-1.61520866936936,0.256800699233287,-2.12326438222608,-2.17281668329396,-1.64718171490693,-0.22073315403058,-0.426933439200751,-0.16286844177355,-1.66386059202818,-0.00329349900265976,0.137381971262793,0.210545115169891,1.75881281102448,0.654893455978745,-0.0602037695006714,0.785229930942606,-0.765555625532439,0.150898825309346,-0.0738498339034697,0.773972518065725,0.577893864530658,0.581920444337015,0.285679685067136,0.986107266118893,-0.646147970160618,-0.19667943037847,-0.570511396085325,0.539819515052164,1.24640576700345,0.623891985164413,-0.16116031453447,0.279962134498468,0.937576020733043,-2.89927327118048,-1.09737011396313,-2.26860094134413,-2.77572981821653,-0.55576451212431,0.409598264686943,-0.920396670734372,0.357668416526202,-0.197748555019447,0.153055447444775,-0.23495752315655,1.96146085061129,0.690614869328644,-0.521038766464531,0.84939690149008,-1.32773977768013,-2.32572209339886,1.42312786841548,0.316340443395806,0.392560272748124,0.109643553634606,0.120984252286329,-0.570744612001571,1.19623269268496,1.37832218402305,-0.615977004682094,0.384998947241983,1.15092301397104,0.404981371182565,-2.51794036517457,0.0868039137649247,-1.57594621399769,1.41966460573101,0.481457408487914,0.166510755800564,0.139729810053568,1.26698347040496,1.24568674855745,0.918083861755433,-2.6053997483121,1.9850499499641,-0.0747448555546666,1.73116482632147,-0.878366764008359,0.767077759325572,0.414520177830943,0.505629716605009,-0.956762085503126,0.466836445722295,-0.931296693054711,0.669275792462305,0.343030611555894
0.0632891134657229,-1.14063290219022,-0.316663171387817,0.12649929416024,-0.317855409709165,0.626879914671431,0.68368630240466,0.28049573296494,0.0926704700716293,-0.753979329584952,-2.98665560950424,0.116243467363289,0.429756100485218,0.263905598812806,-0.299054997755423,0.326973735183287,1.35616792613689,-0.767988246844735,0.797183303382558,1.01798608122996,-0.655746855699943,0.403371564311077,0.839261020670655,-1.20439723692832,-0.980221126180993,0.834573481685238,0.377230035452364,1.14797934592561,-2.27301324175227,0.842361567405358,1.98865826999279,1.43595597966007,0.0613261975951968,0.997448927393789,0.442882615302953,-0.431351338931425,0.379030689818338,-0.166435812108969,-1.27233621452324,0.410859569009365,-0.112310170458325,0.555201599397962,-0.28298727206571,0.717937643151666,-1.28987129641845,0.0972630136053224,-1.4288979201923,-0.00718717304396505,-1.85084708320175,-0.0839473902948469,-0.388183999722379,-2.07582679781254,0.725725390634462,0.433370010041899,1.3045447057444,2.47871342125167,0.599279939865255,-0.891252757336178,1.33814236720858,0.549713515613749,-5.82499933431006,0.433815988745722,0.488188313197089,-0.254308087614388,-0.838033779421528,2.10815850475558,0.559950069954933,0.738183297224182,0.569202716043635,-0.934820853740003,0.442914078177514,-0.243200702168476,-1.72034576822506,1.08812632799195,0.957791239433314,0.200740314039534,0.452703832044404,1.82809366369273,0.53601944250532,-0.0283065781095995,-0.36911614566181,-0.775066813474949,1.01304956916691,-0.0913297725067967,0.190049342210392,-0.631723947955222,-0.476020540625281,-0.167647072577024,0.209971670360783,0.0144190162980731,-1.05223099305288,1.38918500201795,0.139759586484982,0.277263781152872,0.0376051718838479,-1.20223841404709,-0.416659291001562,0.261376442953965,1.34878706697951,0.507298306596989,0.0140958471014687,0.113490912566576,-0.121372294466173,-0.32376400794577,0.29138128135699,-2.54359602621557,0.805392548175357,-0.931296693054711,-2.44399019811516,0.821100127674311
0.188908750199119,0.835411547096844,-0.247846612033967,0.415572942349488,-0.147628340611428,-0.41003358953983,-0.709434535662434,0.588342309822108,0.184204798900662,0.758004940058081,-3.15221353348235,1.10115885728815,0.231446983536555,-0.677229957361976,0.558235034006348,0.326973735183287,0.755161626818578,-0.33070468555018,-1.22584690338684,0.0853365588185812,0.685292430018278,0.665744538172794,-0.0485288446683878,0.871837528702124,-0.435454804114819,0.526800273562845,0.659342404932985,-1.63132053578611,-2.35975840166681,0.696358068410875,-1.13295285724013,-1.40788045590034,-0.393438697494904,0.997448927393789,0.585675693837015,1.41321761605885,0.183442200208398,0.761068021627823,1.05178553727489,0.694727113956047,-0.112310170458325,0.928772431732698,0.0485088162440583,-0.514667061259269,0.459339697033364,1.19181428263066,-0.404450694906226,0.180806827421941,0.296651245779414,0.352872903950517,0.0823244643446123,-0.812745918220348,0.922808756937136,0.228664205065035,-2.01868403137863,-2.80915676606788,-0.340276197990561,-0.353322396618914,0.327148779410203,0.327916617446788,0.466930248014232,0.57570841031577,0.246974283412111,-0.763894234544096,-0.920396670734372,-1.12837666370881,0.534012320993813,0.246915593609955,0.327149689473485,0.181076797907332,0.198578500577778,0.844739916611451,0.0181540980253594,0.033165860631043,0.172884808728555,0.909727234439789,0.452703832044404,-0.702604865426715,0.345874592149019,-0.188817739318486,0.698969131270815,0.681604016904519,-1.34217115705561,1.15201268612649,0.578185497042061,0.0471421079510039,-0.118391927958243,0.865981802259227,-0.0506953415503668,0.0962157703474718,0.0213958695093279,-1.1814858059447,0.376919287768136,0.741530089391808,-0.0949225768223174,0.221725106356369,-1.09645390171381,0.288091969287367,-0.714396779649259,0.57332374969032,-0.223051007080338,0.488735979221637,0.134063557275968,-0.4574183345436,-0.826949953913933,0.288633592306412,-1.54164610837519,-1.31537250812814,0.539695620959447,0.374991971630074
0.0632891134657229,-0.342482108236467,-0.174315066899905,-1.91951452694538,-0.317855409709165,1.28823164377953,1.62718627627951,0.380072665293981,1.55172559812558,0.972438054563637,0.504923237471322,0.440225145389144,0.398118159059124,3.92447011165889,-2.59414725832551,0.326973735183287,-1.02862873740141,-1.31645287625454,0.797183303382558,1.15109499644414,-0.734025108426817,0.665744538172794,-2.3797049643537,-1.42296545859126,-1.56351511999975,0.225936121028047,0.772262158729379,0.352967521176934,-2.27301324175227,0.929635430042308,0.363536746145715,0.993421934817605,-0.393438697494904,0.997448927393789,-0.00329349900265976,-1.61478346500689,0.49303007812935,0.485236142043523,-1.27233621452324,0.410859569009365,-0.00554147264357505,0.131837853845409,0.000619820627699619,0.248796819788487,-1.15335571731229,-0.458589671727566,1.48668004733221,0.338712418991133,-1.18606754451085,0.619746194045787,0.26030299367898,-2.14144299806005,0.245029449214964,0.291231802623415,-0.440427133814197,1.3877611590664,1.00743222435315,-0.994227879351483,0.600281919214839,0.81281007804898,-1.45732062943112,0.229974042279169,0.958109642389573,-0.254308087614388,1.92245046076287,1.32075658532309,0.559950069954933,0.873580247636732,0.529151226004561,-1.63302219454221,-1.04357853469924,0.844739916611451,-0.455639716668236,0.473791162037374,-0.255696636858688,1.05397124992965,0.452703832044404,0.862314833829607,0.660792152405269,-2.10267510967968,-0.570744612001571,-1.4238864817161,1.26229459236368,-0.222675864570437,-2.3583628647016,-0.571781554987692,-1.55482287060972,-1.12747756745314,0.300711054551148,-1.05346499930284,0.120114585322708,0.27095806797404,0.319287040884654,0.552804342208331,0.0138080183742826,-1.58504872208725,-0.242409635648556,0.981747087371295,1.71901070171162,0.507298306596989,1.09151821960232,0.488735979221637,-0.24921595226258,-0.32376400794577,-1.35927621453798,-2.54359602621557,2.76597589806437,-1.85901143612908,-1.04341382088028,0.635506533753881
1.1675883767689,0.953077499039462,-1.57187773798309,0.813608304970518,-0.462013772726153,1.28823164377953,0.917845861512708,0.664853025585996,1.1204857621327,0.875024231893358,-2.02062843869272,0.440225145389144,1.23446978403403,0.263905598812806,-1.59541804055434,0.326973735183287,-1.47896373976246,1.2514902655029,0.926723501950471,0.598076574596381,-4.5739767542849,0.455296882186489,1.18476470080403,-3.4158754962477,-0.435454804114819,1.0838395707353,1.06316729078845,0.0728546278356824,-1.7668569708817,1.00116125226146,-0.264986268806409,-0.145050596587472,-0.954822098099357,0.997448927393789,0.954005669619446,-0.814283989637709,0.743715591423594,0.838922813093669,1.12193077259337,0.793441632576187,-0.218523844069128,1.29713113733801,0.254147133327512,0.248796819788487,-0.357692967199753,1.33225193159616,-0.355618583351663,0.180806827421941,-0.917361128828986,-9.27677618430178,0.614359638075443,-0.252374692393975,1.17618186467753,-0.900917626408385,0.420464967608376,0.178254443083605,-0.284517745935006,-0.818896405187095,-1.64590334577661,0.487096494624163,-1.71666673240796,0.463176691993171,1.44110866851251,0.230367890308571,1.01853084166105,-1.08251842511504,0.559950069954933,1.89782722458,0.85848769695656,-0.65611113255712,-0.270228287357283,0.416211199837632,-1.04094411588783,1.95976476144078,1.42220370820001,0.631503039751444,0.452703832044404,-1.0017578825169,1.63921863197695,0.40233668383558,-0.793406281589464,-0.570003190199351,-1.00006789748243,1.00002575135815,0.321160932684757,-0.113353582366815,1.62116641313979,-0.167647072577024,-1.59071673951315,0.177904407694378,0.527690531044898,-0.0284523180886817,-1.49717584349608,-1.64530701199451,0.164101974482437,-0.809742643247872,-1.02222000050834,0.688431290478685,-0.300202692381267,0.743438390497619,-0.936953800354029,0.488735979221637,1.26586692973952,1.18564068512413,-1.61943002173708,0.2652306852261,-0.0296665460619889,0.511278303186669,-1.5755533495784,0.980466494808826
2.03388212730639,0.414107576339251,-0.725540603686035,-1.51321005213036,0.0146731830798018,0.306073861730281,0.428981751774131,0.345860834730018,-0.84643814416696,-0.470533229504553,-1.42868989503076,0.116243467363289,1.40149086113258,-0.911180497171632,-0.983441134994344,0.753522145096841,0.169686517934427,0.935928343225142,0.0997007341144494,0.185571398110621,0.00199532093468337,1.00196226399583,0.951396899091362,-1.23668594108138,-1.47201109272272,1.10929705875007,0.974874781465142,1.40317972822447,-1.45670688929259,1.25346012334894,0.201596567351613,0.229099819113219,-0.284894953842486,-0.127488091919065,1.04322944991149,-1.04552977778325,0.350372984980579,0.997168607834846,-0.410776212084889,1.21129897818199,-0.531993889371421,0.66457110535936,0.150898825309346,-1.65611685328686,-0.58342559743878,-2.05840926382734,0.31926141632176,0.451165806532341,-0.494575045781638,-0.646147970160618,0.26030299367898,-1.36955594236812,0.922808756937136,1.2974715585369,0.0996816413553434,0.553746955922294,-1.47082762771122,-0.595684165710436,0.327148779410203,1.3829935955414,-1.18154854566889,0.377205388414875,1.28946222246638,1.40241160418492,1.53898173203461,-0.994659500434836,0.38558822171197,1.23708778650351,0.750366074565912,0.807667575197906,-0.341708187587228,0.844739916611451,-0.186654324853185,0.730024070316281,0.552394667178999,-1.21606236828605,0.316340443395806,-1.95812627175881,1.88794376309506,1.01037395635209,-0.481615591171273,-0.718894046846681,-0.265304691150601,1.60379433799572,-1.77733572797332,-0.253724396504562,-3.15303372775992,-0.656319605970571,0.421465186294082,-0.34491055627617,0.120114585322708,0.27095806797404,-0.853078045757546,-0.974275270537427,0.0376051718838479,-0.809742643247872,0.456453546822108,0.576500718807058,-0.000852159229504287,1.06651444847261,0.390487861949256,-0.65848690122509,1.42453668573715,-0.187658150475239,-0.826949953913933,1.12548190083365,-1.54164610837519,-0.147754630639532,-1.04341382088028,0.980466494808826
0.686945108710445,-0.490647087024665,-2.49665813623127,-1.3355719075917,-0.317855409709165,-0.41003358953983,0.279831943631821,0.248098768430758,-0.17207034250768,0.430903445759752,-2.66743116063734,0.116243467363289,0.599162286994765,0.120346310231377,-2.26411639196547,0.753522145096841,1.35616792613689,-0.38743572151944,-0.135857399113845,-0.198728594091703,-1.65448806310052,0.86131903826993,0.611981481536697,-0.221585654202629,-0.0761673099996124,-1.4681684329227,0.898034664619412,1.07526118993277,-2.10575349845391,1.07486743957055,-0.351591355851559,-0.145050596587472,-0.515798442221809,0.997448927393789,0.954005669619446,-1.04552977778325,1.19975234177068,0.63540420922908,0.230543045197997,0.742951184049879,-0.430142049966225,0.66457110535936,0.000619820627699619,-0.246972062008515,0.377533110854386,-0.0190151598891225,-0.627896608180107,0.234531525863372,0.0877589892563166,0.119946639097128,0.0470081129621076,-0.442444580627769,0.539819515052164,1.43042304970678,-0.035731277716377,-0.241353955228654,-1.39205823438465,-0.539815808938292,-0.688338413248065,0.676060591631102,-0.625820443031083,0.292623833331227,1.14935138513714,0.495100434812749,2.80205185838326,-1.12837666370881,0.434073459728528,0.738183297224182,0.217313199091627,0.231692421442624,0.690614869328644,0.57696371832223,-0.520566975697472,2.11802003547307,0.957791239433314,1.6809210663423,0.316340443395806,-1.71803150533075,1.63921863197695,0.791690327377857,-1.96295990176415,-1.05837675173297,1.49437084586267,1.15201268612649,-0.900399236907094,0.0471421079510039,-4.79178695491546,-0.419397066354193,0.719192865075037,-0.609995357900479,-0.957724039016489,1.07386635631763,-2.20097223120645,0.0600793999598105,0.108342287141318,0.0803979831596145,-0.332744859038946,0.368849121691556,0.175623203550449,0.743438390497619,-0.759366662774596,-0.103944073457703,0.586786352582569,0.268949045794122,-1.53878889598346,-2.25167459222543,0.154148222413288,0.612723393067075,0.539695620959447,0.852217244912562
-1.94287712345745,-0.406669746858407,0.928029927350955,0.464187215797509,-0.317855409709165,-0.00948830865904268,-0.189351802849387,0.28049573296494,0.00420438194199789,0.302034349309538,-2.79542494920627,-1.19409689098948,0.0590197261540533,-0.162770958708004,0.77386927017236,-1.14977892531987,0.620308517118873,0.131116556418747,1.32872496895847,1.15109499644414,-0.414235577582633,0.738046877406375,0.166209829200152,0.993919988007772,0.296982015133604,-1.61520866936936,0.294633209678715,-1.05129459878658,-2.17281668329396,0.105745606810173,-0.563378926052105,-0.500868665105633,-0.515798442221809,-1.15037190034653,-0.712881514263452,0.291684839483377,-0.472457771374472,-0.287067666665371,0.597887438555126,0.0443337393289163,1.4374545976278,1.33143542191709,1.25649794390801,1.57919699916045,1.82292276289066,0.288096447500778,1.00675644356984,1.22419033015924,1.44687156800743,-0.980894114144585,0.369783921839443,1.6201581084598,1.17618186467753,-1.74851611304576,-0.440427133814197,-0.335307126039504,-0.74597512260382,1.4343111193551,-0.548735546806314,-0.907687890352508,-1.00782893510828,0.292623833331227,-0.991361276951788,0.495100434812749,-1.52430888918031,-0.255219125933828,0.103584213215423,-1.28148178174041,-0.795277891968136,0.332374134699257,-0.962854360995834,-0.663655061902055,1.05071705673358,-0.598962448061066,0.41702714314694,-0.0867353418649911,0.316340443395806,0.136060795888528,-1.50066905487057,0.534326034177841,-1.04227699064721,-0.718894046846681,0.281630858816782,-1.27538476966188,-0.582130020735302,1.67740305671349,0.345689401180456,0.0815057562198552,0.519221462139256,1.7711748687799,1.17258592545003,1.85025037800442,0.319287040884654,0.526787649936783,-0.177634871733325,1.24568674855745,0.106934425427136,-0.589815138154205,0.0832122442784467,-0.319984204460858,-0.759366662774596,0.71241387691002,-0.313486674771081,-0.187658150475239,1.68417041100758,-2.3687211731922,1.32182978474469,-0.53710645642896,0.751368775002434,0.190878008083418
0.0632891134657229,-0.0782813954360333,0.369266361657037,0.310803929522712,-0.608687575989985,-1.10971048560376,-0.709434535662434,0.622596912885525,-0.92736577597286,0.580862193623004,-2.98665560950424,-0.0482952498937076,-0.213563660926315,0.331043642596542,0.532046980818184,0.326973735183287,-0.0453545566722365,0.685339986118193,-0.606708917330074,1.15109499644414,1.20852196957692,0.572319579761331,-0.479174672002457,0.762061728469928,0.334493076279273,-1.83489590435516,0.974874781465142,-1.22793403162111,-2.27301324175227,0.163104018308134,-0.0883976993642085,-0.287609279716521,-1.16836251720162,0.367330750596192,-0.45273223629416,-0.161509701463328,-0.270662917753755,0.30055409095814,0.439896032908539,0.430515067019773,-0.112310170458325,0.747687697933489,0.0485088162440583,0.291478855308912,0.535604052199237,1.04314973380843,-0.883956770986043,0.180806827421941,-0.268309606853208,-0.980894114144585,0.450005077522234,-1.92960475745922,-0.124023113313551,-1.95771532350657,0.776560218190415,-0.16116031453447,-0.866148179546054,0.0216648575036164,-0.849443287233921,0.430924875959751,0.523049646248494,0.6911883395138,0.0489104884378151,-0.254308087614388,0.297906118775866,1.95206699435548,0.312421249018563,-0.847009602501171,0.750366074565912,0.181076797907332,0.530216842481124,0.57696371832223,0.55833742534962,-0.598962448061066,-0.445806467614865,0.451100089705768,0.452703832044404,2.47369476270286,-0.866286076917501,-0.485635062005131,-0.570744612001571,0.554069758990982,1.01304956916691,0.45282041287535,1.04637960024318,0.0471421079510039,0.345689401180456,-1.23544000501992,0.06783980967857,-1.2378793372363,0.319217739704898,0.423800288560973,0.461469554074334,0.632770550246621,0.0599899505461171,-0.0559069300933451,-1.41909276829017,-2.77451445937955,0.206852394974772,0.507298306596989,0.804475223202219,0.294536633305175,-0.187411401394768,-0.730530783867577,-0.0578173804619865,0.463527974431721,0.651453677076202,-0.53710645642896,0.2971381223772,0.40986764962848
